absolute_change,accepted_relative_change,cost,iteration,local_direction_norm,local_kkt_reason,local_kkt_trusted,local_status,local_trust_binding,mode,old_local_stop,old_pg_stop,original_outer_status,paper_form_epsilon_0.0001,paper_form_epsilon_0.01,paper_form_epsilon_1.0e-6,predicted_improvement,projected_gradient_norm,relative_change,small_accepted_after,small_accepted_before,smooth,trusted_sensitivity
,,,1,,,,,,diagnostic,false,false,iteration_limit,,,,,0.12548077042960792,,0,0,true,true
,,,2,,,,,,diagnostic,false,false,iteration_limit,,,,,0.12526499301839333,,0,0,true,true
,,,3,,,,,,diagnostic,false,false,iteration_limit,,,,,0.12600012754426948,,0,0,true,true
,,,4,,,,,,diagnostic,false,false,iteration_limit,,,,,0.14771144174231954,,0,0,true,true
,0.0013761284579662143,81.43663415179648,5,,,,,,dispatch,false,false,iteration_limit,,,,,0.005628569367823966,,0,0,true,true
0.11206726977727044,0.001383710252444235,81.32456688201921,6,,,,,,dispatch,false,false,iteration_limit,false,false,false,,0.005719170930682083,0.0013761284579662143,0,0,true,true
0.11252963697023688,0.0013932738796141066,81.21203724504898,7,,,,,,dispatch,false,false,iteration_limit,false,false,false,,0.005814217966207513,0.001383710252444235,0,0,true,true
0.1131506102037747,0.0014048939845092358,81.0988866348452,8,,,,,,dispatch,false,false,iteration_limit,false,false,false,,0.005913927558909293,0.0013932738796141066,0,0,true,true
0.11393533798369049,0.00141866230646964,80.98495129686151,9,,,,,,dispatch,false,false,iteration_limit,false,false,false,,0.006018544329202236,0.0014048939845092358,0,0,true,true
0.11489029779613702,0.0014346894197848738,80.87006099906537,10,,,,,,dispatch,false,false,iteration_limit,false,false,false,,0.0061283448511444405,0.00141866230646964,0,0,true,true
0.11602342089271644,0.0014531063138019293,80.75403757817266,11,,,,,,dispatch,false,false,iteration_limit,false,false,false,,0.006243637893100562,0.0014346894197848738,0,0,true,true
0.11734420186984096,0.0014740667515237154,80.63669337630282,12,,,,,,dispatch,false,false,iteration_limit,false,false,false,,0.006364776156373209,0.0014531063138019293,0,0,true,true
0.11886386865882059,0.0014977503133036224,80.517829507644,13,,,,,,dispatch,false,false,iteration_limit,false,false,false,,0.006492154470038924,0.0014740667515237154,0,0,true,true
0.12059560437160144,0.0007605469417162799,80.3972339032724,14,,,,,,dispatch,false,false,iteration_limit,false,false,false,,0.006626211293701001,0.0014977503133036224,0,0,true,true
0.061145870367582233,4.7884304306944434e-5,80.33608803290481,15,,,,,,dispatch,false,false,iteration_limit,false,false,false,,0.006696279230209656,0.0007605469417162799,0,0,true,true
0.003846837686197091,2.3954769731953382e-5,80.33224119521861,16,,,,,,dispatch,false,false,iteration_limit,false,true,false,,0.0067007433373336145,4.7884304306944434e-5,0,0,true,true
0.0019243403398832015,1.1989569870543742e-5,80.33031685487873,17,,,,,,dispatch,false,false,iteration_limit,false,true,false,,0.006702978269121251,2.3954769731953382e-5,0,0,true,true
0.0009631259466544861,0.0014805928376864985,80.32935372893208,18,0.028341774223861194,checked,true,local_checked,false,dispatch,false,false,iteration_limit,false,true,false,7.783662064571317e-5,0.006704096268418169,1.1989569870543742e-5,0,0,true,true
0.11893506578704205,0.001488527971576223,80.21041866314503,19,0.028469947150899344,checked,true,local_checked,false,dispatch,false,false,iteration_limit,false,false,false,7.814983927158237e-5,0.5397132409270428,0.0014805928376864985,0,0,true,true
0.1193954517919309,0.0014964430996322997,80.0910232113531,20,0.028588548850422058,checked,true,local_checked,false,dispatch,false,false,iteration_limit,false,false,false,7.846071249106162e-5,0.5397132414137604,0.001488527971576223,0,0,true,true
0.1198516590271197,0.0015037390326966416,79.97117155232598,21,0.02869518989681552,checked,true,local_checked,false,dispatch,false,false,iteration_limit,false,false,false,7.873762859429007e-5,0.5397132415691823,0.0014964430996322997,0,0,true,true
0.12025577215371186,0.0015104651193166433,79.85091578017227,22,0.028790792553895272,checked,true,local_checked,false,dispatch,false,false,iteration_limit,false,false,false,7.898307581515746e-5,0.5397132416366768,0.0015037390326966416,0,0,true,true
0.12061202303144114,0.0015165186287423463,79.73030375714083,23,0.028873579313682285,checked,true,local_checked,false,dispatch,false,false,iteration_limit,false,false,false,7.919177914080672e-5,0.5397132415612388,0.0015104651193166433,0,0,true,true
0.12091190108256455,0.0015219939164752973,79.60939185605827,24,0.028945578354914403,checked,true,local_checked,false,dispatch,false,false,iteration_limit,false,false,false,7.937003179983582e-5,0.5397132411395013,0.0015165112307970532,0,0,true,true
0.12116501009921876,0.0015267597508522343,79.48822684595905,25,0.02900415861637029,checked,true,local_checked,false,dispatch,false,false,iteration_limit,false,false,false,7.951036096888464e-5,0.5397132413074079,0.0015219939164752973,0,0,true,true
0.12135942541502232,0.0015309242407820784,79.36686742054403,26,0.02905123318496905,checked,true,local_checked,false,dispatch,false,false,iteration_limit,false,false,false,7.961823340748436e-5,0.5397132415577369,0.0015267597508522343,0,0,true,true
0.12150466124904824,0.0015344093036850845,79.24536275929498,27,0.029085626956629085,checked,true,local_checked,false,dispatch,false,false,iteration_limit,false,false,false,7.969010702676971e-5,0.5397132414957452,0.0015309242407820784,0,0,true,true
0.12159482189176174,0.0015372591524873082,79.12376793740322,28,0.029108213763482382,checked,true,local_checked,false,dispatch,false,false,iteration_limit,false,false,false,7.972858380652509e-5,0.5397132412623213,0.0015344093036850845,0,0,true,true
0.12163373644105491,0.001539075042087401,79.00213420096216,29,0.029110995584037624,checked,true,local_checked,false,dispatch,false,false,iteration_limit,false,false,false,7.971289646333674e-5,0.5397132414918163,0.0015372591524873082,0,0,true,true
0.12159021302034034,0.0015406907581766401,78.88054398794182,30,0.029111102687288337,checked,true,local_checked,false,dispatch,false,false,iteration_limit,false,false,false,7.968686662201963e-5,0.539713241033197,0.001539075042087401,0,0,true,true
0.12153052512216789,0.0015414519167897024,78.75901346281965,31,0.02909523159720706,checked,true,local_checked,false,dispatch,false,false,iteration_limit,false,false,false,7.961673878203318e-5,0.5397132413465219,0.0015406907581766401,0,0,true,true
0.12140323226672933,0.0015415586776738625,78.63761023055292,32,0.0290672891503867,checked,true,local_checked,false,dispatch,false,false,iteration_limit,false,false,false,7.951266764495007e-5,0.5397132414093898,0.0015414519167897024,0,0,true,true
0.12122449044244377,0.0015409594878929512,78.51638574011048,33,0.02902655721724301,checked,true,local_checked,false,dispatch,false,false,iteration_limit,false,false,false,7.937242684439433e-5,0.5397132414684821,0.0015415586776738625,0,0,true,true
0.12099056956128607,0.0015396527249207292,78.3953951705492,34,0.02897301641676364,checked,true,local_checked,false,dispatch,false,false,iteration_limit,false,false,false,7.919613465852404e-5,0.5397132414967611,0.0015409594878929512,0,0,true,true
0.12070168379557344,0.0015376624102294049,78.27469348675362,35,0.028907249546989533,checked,true,local_checked,false,dispatch,false,false,iteration_limit,false,false,false,7.898516603300348e-5,0.5397132415113438,0.0015396527249207292,0,0,true,true
0.12036005384680948,0.0015350852553620263,78.15433343290681,36,0.028830941330337367,checked,true,local_checked,false,dispatch,false,false,iteration_limit,false,false,false,7.874458189856964e-5,0.5397132415058493,0.0015376624102294049,0,0,true,true
0.1199735648955027,0.0015317022742739404,78.03435986801131,37,0.028739984873745072,checked,true,local_checked,false,dispatch,false,false,iteration_limit,false,false,false,7.846368269111281e-5,0.5397132414281961,0.0015350852553620263,0,0,true,true
0.11952540648134402,0.0006673472994786104,77.91483446152996,38,0.012499999770458459,checked,true,local_checked,true,dispatch,false,false,iteration_limit,false,false,false,3.432611486019893e-5,0.5397132414689666,0.0015317022742739404,0,0,true,true
0.05199625436722499,0.00033682094617153684,77.86283820716274,39,0.006249997810936492,checked,true,local_checked,true,dispatch,false,false,iteration_limit,false,false,false,1.7349897601590114e-5,0.07591134228860308,0.0006673472994786104,0,0,true,true
0.026225834836537842,0.0003370469699832334,77.8366123723262,40,0.006249999700504105,checked,true,local_checked,true,dispatch,false,false,iteration_limit,false,false,false,1.7348149939075408e-5,0.05538395141084462,0.00033682094617153684,0,0,true,true
0.026234594353852003,0.0001719891212432349,77.81037777797235,41,0.003124999862489375,checked,true,local_checked,true,dispatch,false,false,iteration_limit,false,false,false,8.862487284336251e-6,,0.0003370469699832334,0,0,false,false
0.013382538497637597,0.0003370418434875629,77.79699523947471,42,0.006249997167039112,checked,true,local_checked,true,dispatch,false,false,iteration_limit,false,false,false,1.7346808120599633e-5,0.2617181868785968,0.0001719891212432349,0,0,true,true
0.026220842693305713,0.0003371201017236177,77.7707743967814,43,0.006249999644001747,checked,true,local_checked,true,dispatch,false,false,iteration_limit,false,false,false,1.7345039368572845e-5,0.06310218117208621,0.0003370418434875629,0,0,true,true
0.02621809137576747,0.0001721431386090155,77.74455630540564,44,0.0031249986633241633,checked,true,local_checked,true,dispatch,false,false,iteration_limit,false,false,false,8.862837937426149e-6,0.04803902306500574,0.0003371201017236177,0,0,true,true
0.013383191932177851,0.00033725234969470274,77.73117311347346,45,0.006249997533132046,checked,true,local_checked,true,dispatch,false,false,iteration_limit,false,false,false,1.7343248007853362e-5,0.3010388569119271,0.0001721431386090155,0,0,true,true
0.02621502077704463,0.0003373200869110719,77.70495809269642,46,0.006249999040306875,checked,true,local_checked,true,dispatch,false,false,iteration_limit,false,false,false,1.7341083446566208e-5,0.12903142398548662,0.00033725234969470274,0,0,true,true
0.026211443217249553,0.0003374101131507722,77.67874664947917,47,0.006249998610915242,checked,true,local_checked,true,dispatch,false,false,iteration_limit,false,false,false,1.7339814627870265e-5,0.07911447913518854,0.0003373200869110719,0,0,true,true
0.02620959469641093,0.00017229446654493748,77.65253705478275,48,0.0031249991450330583,checked,true,local_checked,true,dispatch,false,false,iteration_limit,false,false,false,8.860337567806464e-6,0.014815102562204974,0.0003374101131507722,0,0,true,true
0.013379102447714786,0.00033754794129893447,77.63915795233504,49,0.006249998883280483,checked,true,local_checked,true,dispatch,false,false,iteration_limit,false,false,false,1.7338280102696668e-5,0.16031301716086255,0.00017229446654493748,0,0,true,true
0.02620693793099349,0.0003376267555976577,77.61295101440405,50,0.006249999619516444,checked,true,local_checked,true,dispatch,false,false,iteration_limit,false,false,false,1.7336593552387536e-5,0.09601296205124732,0.00033754794129893447,0,0,true,true
0.02620420884335317,0.00017239597919480496,77.5867468055607,51,0.0031249998730444872,checked,true,local_checked,true,dispatch,false,false,iteration_limit,false,false,false,8.858153766860832e-6,0.03150825315632666,0.0003376267555976577,0,0,true,true
0.013375643188084041,0.0003377569448519519,77.57337116237261,52,0.00624999920033531,checked,true,local_checked,true,dispatch,false,false,iteration_limit,false,false,false,1.7334602769703e-5,0.2515374995161024,0.00017239597919480496,0,0,true,true
0.026200944845669483,0.0003378417795969971,77.54717021752694,53,0.006249999393066474,checked,true,local_checked,true,dispatch,false,false,iteration_limit,false,false,false,1.733306629875947e-5,0.08002927333331278,0.0003377569448519519,0,0,true,true
0.026198673989000554,0.0003385409973668468,77.52097154353794,54,0.00624999839407181,checked,true,local_checked,true,dispatch,false,false,iteration_limit,false,false,false,1.7331081200937237e-5,0.047385787245491806,0.0003378417795969971,0,0,true,true
0.02624402702319628,0.00017246282634002794,77.49472751651474,55,0.00312499973567526,checked,true,local_checked,true,dispatch,false,false,iteration_limit,false,false,false,8.8511289004084e-6,,0.0003385409973668468,0,0,false,false
0.013364959733948467,0.00033804589186808484,77.4813625567808,56,0.006249999684026619,checked,true,local_checked,true,dispatch,false,false,iteration_limit,false,false,false,1.7329247202414744e-5,0.06967418760874144,0.00017246282634002794,0,0,true,true
0.0261922563086614,0.0003386611058066482,77.45517030047213,57,0.00624999817029348,checked,true,local_checked,true,dispatch,false,false,iteration_limit,false,false,false,1.7327482694097507e-5,0.036834985867897796,0.00033804589186808484,0,0,true,true
0.026231053624400147,0.0001725518124762865,77.42893924684773,58,0.0031249996425728455,checked,true,local_checked,true,dispatch,false,false,iteration_limit,false,false,false,8.84823451888922e-6,,0.0003386611058066482,0,0,false,false
0.013360503805159851,0.0003382446162250346,77.41557874304257,59,0.006249997986209621,checked,true,local_checked,true,dispatch,false,false,iteration_limit,false,false,false,1.7324941243491987e-5,0.05022361818011101,0.0001725518124762865,0,0,true,true
0.026185402721779383,0.0001727385781157346,77.3893933403208,60,0.0031249991106570008,checked,true,local_checked,true,dispatch,false,false,iteration_limit,false,false,false,8.853344014694842e-6,0.015892991189986105,0.0003382446162250346,0,0,true,true
0.013368133766846313,0.00033837797340387335,77.37602520655395,61,0.006249998965696335,checked,true,local_checked,true,dispatch,false,false,iteration_limit,false,false,false,1.7323060749432906e-5,0.10514053528876033,0.0001727385781157346,0,0,true,true
0.026182342599440744,0.0003384651068042602,77.3498428639545,62,0.0062499993926792285,checked,true,local_checked,true,dispatch,false,false,iteration_limit,false,false,false,1.7321387049254455e-5,0.02091355154020258,0.00033837797340387335,0,0,true,true
0.026180222826241106,0.00017283293945410786,77.32366264112827,63,0.0031249996518525336,checked,true,local_checked,true,dispatch,false,false,iteration_limit,false,false,false,8.850742537230838e-6,0.012635015658247983,0.0003384651068042602,0,0,true,true
0.013364075903623984,0.00033858519538245796,77.31029856522464,64,0.006249999596828815,checked,true,local_checked,true,dispatch,false,false,iteration_limit,false,false,false,1.7319235914289854e-5,0.04226747241989748,0.00017283293945410786,0,0,true,true
0.026176122544782743,0.0003386628256382538,77.28412244267986,65,0.006249999460251843,checked,true,local_checked,true,dispatch,false,false,iteration_limit,false,false,false,1.7317409203250478e-5,0.012722173906638101,0.00033858519538245796,0,0,true,true
0.026173259283410744,0.00017294506437395775,77.25794918339645,66,0.003124999888584057,checked,true,local_checked,true,dispatch,false,false,iteration_limit,false,false,false,8.84900361208113e-6,0.012778629178512135,0.0003386628256382538,0,0,true,true
0.013361380994922456,2.2050686431126066e-5,77.24458780240153,67,,,,,,dispatch,false,false,iteration_limit,false,false,false,,0.01917877241927024,0.00017294506437395775,0,0,true,true
0.0017032961841323413,0.00019543057649726636,77.2428845062174,68,0.003124998042512317,checked,true,local_checked,true,dispatch,false,false,iteration_limit,false,true,false,9.998396031309087e-6,,2.2050686431126066e-5,0,0,false,false
0.015095621449361829,2.9444213334284796e-5,77.22778888476803,69,,,,,,dispatch,false,false,iteration_limit,false,false,false,,0.012844837561552191,0.00019543057649726636,0,0,true,true
0.002273911491258218,0.0001788094991216906,77.22551497327677,70,0.0031249981470686805,checked,true,local_checked,true,dispatch,false,false,iteration_limit,false,true,false,9.145168600829812e-6,,2.9444213334284796e-5,0,0,false,false
0.013808655651786239,0.00033888021024556836,77.21170631762499,71,0.0062499985903201605,checked,true,local_checked,true,dispatch,false,false,iteration_limit,false,false,false,1.731257232819028e-5,0.08496225491358644,0.0001788094991216906,0,0,true,true
0.026165519270335835,0.00025371999372483735,77.18554079835465,72,0.004654315659564645,checked,true,local_checked,false,dispatch,false,false,iteration_limit,false,false,false,1.2989766037509176e-5,0.07144732213798677,0.00033888021024556836,0,0,true,true
0.019583514927006718,7.6161047014549785e-6,77.16595728342764,73,0.002000126813484826,checked,true,local_checked,false,dispatch,false,false,iteration_limit,false,false,false,3.8880115707518037e-7,,0.00025371999372483735,0,0,false,false
0.0005877040100585873,7.509756566484302e-6,77.16536957941759,74,0.0020008325481946088,checked,true,local_checked,false,dispatch,false,false,iteration_limit,false,true,false,3.832625229682751e-7,0.037332712576932714,7.6161047014549785e-6,0,0,true,true
0.0005794931409042192,7.513682014201609e-6,77.16479008627668,75,0.0020016420464656903,checked,true,local_checked,false,dispatch,false,false,iteration_limit,false,true,false,3.8331122135387696e-7,0.04851480388879614,7.509756566484302e-6,0,0,true,true
0.0005797916954008997,7.519847119609339e-6,77.16421029458128,76,0.0020040293501537576,checked,true,local_checked,false,dispatch,false,false,iteration_limit,false,true,false,3.8361292139382774e-7,0.06303034361918458,7.513682014201609e-6,0,0,true,true
0.0005802630645206364,7.521417329396439e-6,77.16363003151676,77,0.0020058793862993696,checked,true,local_checked,false,dispatch,false,false,iteration_limit,false,true,false,3.8386004252988215e-7,0.06329380759176417,7.519847119609339e-6,0,0,true,true
0.0005803798641181857,7.532568657102632e-6,77.16304965165264,78,0.002007017625327734,checked,true,local_checked,false,dispatch,false,false,iteration_limit,false,true,false,3.8425850143464224e-7,0.04594746883598355,7.521417329396439e-6,0,0,true,true
0.0005812359692924929,7.5349847423371655e-6,77.16246841568335,79,0.0020085442269177634,checked,true,local_checked,false,dispatch,false,false,iteration_limit,false,true,false,3.843826364632874e-7,0.060396966318894796,7.532568657102632e-6,0,0,true,true
0.0005814180221932475,7.541448112105164e-6,77.16188699766116,80,0.002010256955216505,checked,true,local_checked,false,dispatch,false,false,iteration_limit,false,true,false,3.8471062993594707e-7,0.05943252032472102,7.5349847423371655e-6,0,0,true,true
0.0005819123670249837,7.548074906598617e-6,77.16130508529413,81,0.002012044758505027,checked,true,local_checked,false,dispatch,false,false,iteration_limit,false,true,false,3.850449675213419e-7,0.058983492809288496,7.541448112105164e-6,0,0,true,true
0.0005824193106747089,7.552567403422558e-6,77.16072266598346,82,0.0020139674119832307,checked,true,local_checked,false,dispatch,false,false,iteration_limit,false,true,false,3.8539974031581714e-7,0.05906553798453418,7.548074906598617e-6,0,0,true,true
0.0005827615588316348,7.562721442239065e-6,77.16013990442463,83,0.002016116570512594,checked,true,local_checked,false,dispatch,false,false,iteration_limit,false,true,false,3.859248584592301e-7,0.04788452519534392,7.552567403422558e-6,0,0,true,true
0.0005835406445413582,7.573842321998559e-6,77.15955636378008,84,0.0020184889138654682,checked,true,local_checked,false,dispatch,false,false,iteration_limit,false,true,false,3.8636745611914103e-7,0.047540098753761306,7.562721442239065e-6,0,0,true,true
0.0005843943135346308,7.578897764046368e-6,77.15897196946655,85,0.002021415896184209,checked,true,local_checked,false,dispatch,false,false,iteration_limit,false,true,false,3.8678708023237585e-7,0.05927827135513597,7.573842321998559e-6,0,0,true,true
0.0005847799601355064,7.5955136243552285e-6,77.15838718950641,86,0.002024845521784613,checked,true,local_checked,false,dispatch,false,false,iteration_limit,false,true,false,3.875928486427038e-7,0.043601056118988124,7.578897764046368e-6,0,0,true,true
0.0005860575811311719,7.608332461849539e-6,77.15780113192528,87,0.0020281327267994698,checked,true,local_checked,false,dispatch,false,false,iteration_limit,false,true,false,3.88171691942385e-7,0.04885293842666605,7.5955136243552285e-6,0,0,true,true
0.0005870422030369582,7.61696652640009e-6,77.15721408972225,88,0.0020306557711116113,checked,true,local_checked,false,dispatch,false,false,iteration_limit,false,true,false,3.885688082544414e-7,0.05660503855270427,7.608332461849539e-6,0,0,true,true
0.0005877039169916998,7.6243882742089815e-6,77.15662638580525,89,0.00203323217516882,checked,true,local_checked,false,dispatch,false,false,iteration_limit,false,true,false,3.8901217000453236e-7,0.06076496563396616,7.61696652640009e-6,0,0,true,true
0.0005882720774934569,7.635049698928587e-6,77.15603811372776,90,0.0020358195832343995,checked,true,local_checked,false,dispatch,false,false,iteration_limit,false,true,false,3.895665048256336e-7,0.05370496112678502,7.6243882742089815e-6,0,0,true,true
0.0005890901855707398,7.646177110405398e-6,77.15544902354219,91,0.002038405489894757,checked,true,local_checked,false,dispatch,false,false,iteration_limit,false,true,false,3.9006613526682e-7,0.05213552702054769,7.635049698928587e-6,0,0,true,true
0.0005899442282668588,7.651400253353739e-6,77.15485907931392,92,0.002040987001148409,checked,true,local_checked,false,dispatch,false,false,iteration_limit,false,true,false,3.9048667541119464e-7,0.05768344766237532,7.646177110405398e-6,0,0,true,true
0.0005903427083069346,7.665946398501652e-6,77.15426873660562,93,0.0020435589897296325,checked,true,local_checked,false,dispatch,false,false,iteration_limit,false,true,false,3.911286136637493e-7,0.04080370051449811,7.651400253353739e-6,0,0,true,true
0.0005914604885504104,7.674433279922738e-6,77.15367727611707,94,0.0020461021308939564,checked,true,local_checked,false,dispatch,false,false,iteration_limit,false,true,false,3.915094717726886e-7,0.05207321995540337,7.665946398501652e-6,0,0,true,true
0.0005921107485562516,7.685361137307772e-6,77.15308516536851,95,0.002048621095646297,checked,true,local_checked,false,dispatch,false,false,iteration_limit,false,true,false,3.9193486640887176e-7,0.05643396626805175,7.674433279922738e-6,0,0,true,true
0.00059294932235332,7.689788142568905e-6,77.15249221604616,96,0.002051100835046782,checked,true,local_checked,false,dispatch,false,false,iteration_limit,false,true,false,3.922726360197637e-7,0.07007422447960798,7.685361137307772e-6,0,0,true,true
0.0005932863198125915,7.701515289945021e-6,77.15189892972634,97,0.0020535312227494273,checked,true,local_checked,false,dispatch,false,false,iteration_limit,false,true,false,3.928462944183253e-7,0.05870146395091269,7.689788142568905e-6,0,0,true,true
0.0005941865292555804,7.70936039067057e-6,77.15130474319709,98,0.0020559150346883825,checked,true,local_checked,false,dispatch,false,false,iteration_limit,false,true,false,3.932730755704106e-7,0.059590725868229555,7.701515289945021e-6,0,0,true,true
0.0005947872128757581,7.718647142400197e-6,77.15070995598421,99,0.0020582768008488017,checked,true,local_checked,false,dispatch,false,false,iteration_limit,false,true,false,3.9374694114219233e-7,0.054635608185169326,7.70936039067057e-6,0,0,true,true
0.0005954991069359039,7.729098443582352e-6,77.15011445687728,100,0.0020606140427936737,checked,true,local_checked,false,dispatch,false,false,iteration_limit,false,true,false,3.94188846605803e-7,0.05387052573489215,7.718647142400197e-6,0,0,true,true
0.0005963008295708505,7.73697863300373e-6,77.1495181560477,101,0.002062925995268472,checked,true,local_checked,false,dispatch,false,false,iteration_limit,false,true,false,3.9453377922299415e-7,0.06464867784762751,7.729098443582352e-6,0,0,true,true
0.0005969041735198743,7.741570748853355e-6,77.14892125187419,102,0.0020652092190829308,checked,true,local_checked,false,dispatch,false,false,iteration_limit,false,true,false,3.949071471012755e-7,0.0682606389434759,7.73697863300373e-6,0,0,true,true
0.0005972538320691001,7.733650903527372e-6,77.14832399804212,103,0.0020615799781538158,checked,true,local_checked,false,dispatch,false,false,iteration_limit,false,true,false,3.9451032646242723e-7,0.05317129218748817,7.741570748853355e-6,0,0,true,true
0.0005966382055930808,7.740428764845257e-6,77.14772735983652,104,0.002063641643633929,checked,true,local_checked,false,dispatch,false,false,iteration_limit,false,true,false,3.9486610049072057e-7,0.059749783007691626,7.733650903527372e-6,0,0,true,true
0.0005971564879985181,7.751380011487639e-6,77.14713020334852,105,0.002065705467682477,checked,true,local_checked,false,dispatch,false,false,iteration_limit,false,true,false,3.9526631117475786e-7,0.05837881710123738,7.740428764845257e-6,0,0,true,true
0.0005977627747313363,7.757778328424166e-6,77.1465324405738,106,0.002067772888555197,checked,true,local_checked,false,dispatch,false,false,iteration_limit,false,true,false,3.9565334188085277e-7,0.05699996462109502,7.748347516695971e-6,0,0,true,true
0.0005984856974805552,7.76181101169425e-6,77.14593395487631,107,0.002069844960235656,checked,true,local_checked,false,dispatch,false,false,iteration_limit,false,true,false,3.959508049489191e-7,0.06839126559158526,7.757778328424166e-6,0,0,true,true
0.0005987921596783963,7.772292236187917e-6,77.14533516271663,108,0.0020719235604040875,checked,true,local_checked,false,dispatch,false,false,iteration_limit,false,true,false,3.9643616448620245e-7,0.05820527282380983,7.76181101169425e-6,0,0,true,true
0.0005995960895432972,7.77784364082081e-6,77.14473556662709,109,0.0020740102633780566,checked,true,local_checked,false,dispatch,false,false,iteration_limit,false,true,false,3.967812102143031e-7,0.06317690318955205,7.772292236187917e-6,0,0,true,true
0.0006000196909496935,7.786611589410398e-6,77.14413554693614,110,0.002076063605624512,checked,true,local_checked,false,dispatch,false,false,iteration_limit,false,true,false,3.972304250809966e-7,0.056402164839993496,7.77784364082081e-6,0,0,true,true
0.0006006914199048197,7.795321489648117e-6,77.14353485551624,111,0.0020781194567831562,checked,true,local_checked,false,dispatch,false,false,iteration_limit,false,true,false,3.9761973781582416e-7,0.05592882839746838,7.786611589410398e-6,0,0,true,true
0.0006013586550466243,7.797996490405017e-6,77.14293349686119,112,0.0020801799532002008,checked,true,local_checked,false,dispatch,false,false,iteration_limit,false,true,false,3.9795300434131153e-7,0.06151219551623088,7.795321489648117e-6,0,0,true,true
0.0006015603246680712,7.812528424720853e-6,77.14233193653652,113,0.0020822445632120434,checked,true,local_checked,false,dispatch,false,false,iteration_limit,false,true,false,3.985397189834594e-7,0.03443689572476938,7.797996490405017e-6,0,0,true,true
0.0006026766610034429,7.816469550060032e-6,77.14172925987552,114,0.002084313092598933,checked,true,local_checked,false,dispatch,false,false,iteration_limit,false,true,false,3.987741099137354e-7,0.056644259373456185,7.812528424720853e-6,0,0,true,true
0.000602975977798792,7.824592641185284e-6,77.14112628389772,115,0.002086384820508158,checked,true,local_checked,false,dispatch,false,false,iteration_limit,false,true,false,3.991985377954643e-7,0.052850872707298935,7.816469550060032e-6,0,0,true,true
0.0006035978890537308,7.829939561195226e-6,77.14052268600867,116,0.002088459390119368,checked,true,local_checked,false,dispatch,false,false,iteration_limit,false,true,false,3.9959966493391397e-7,0.0516196781853262,7.824592641185284e-6,0,0,true,true
0.0006040056303504571,7.841900067062524e-6,77.13991868037832,117,0.0020905361543306356,checked,true,local_checked,false,dispatch,false,false,iteration_limit,false,true,false,4.001199472442041e-7,0.03668353917012368,7.829939561195226e-6,0,0,true,true
0.0006049235334728564,7.849944878010422e-6,77.13931375684484,118,0.0020926144547850356,checked,true,local_checked,false,dispatch,false,false,iteration_limit,false,true,false,4.004214284730745e-7,0.04631036872923988,7.841900067062524e-6,0,0,true,true
0.0006055393609187831,7.854931220922976e-6,77.13870821748392,119,0.0020946935028227642,checked,true,local_checked,false,dispatch,false,false,iteration_limit,false,true,false,4.007045810022758e-7,0.05757263479102315,7.849944878010422e-6,0,0,true,true
0.0006059192475191821,7.862833313703332e-6,77.1381022982364,120,0.0020967722576230585,checked,true,local_checked,false,dispatch,false,false,iteration_limit,false,true,false,4.0112583266777024e-7,0.05505315626927765,7.854931220922976e-6,0,0,true,true
0.0006065240405064287,7.869550148609201e-6,77.1374957741959,121,0.0020988496852538674,checked,true,local_checked,false,dispatch,false,false,iteration_limit,false,true,false,4.015358622058707e-7,0.052889091182397374,7.862833313703332e-6,0,0,true,true
0.000607037391333165,7.877031842762643e-6,77.13688873680456,122,0.0021009245761476336,checked,true,local_checked,false,dispatch,false,false,iteration_limit,false,true,false,4.0199488141046125e-7,0.04455164113269405,7.869550148609201e-6,0,0,true,true
0.0006076097288314486,7.88994321152295e-6,77.13628112707573,123,0.0021029958486700195,checked,true,local_checked,false,dispatch,false,false,iteration_limit,false,true,false,4.024631428123371e-7,0.03487305270457375,7.877031842762643e-6,0,0,true,true
0.000608600877640697,7.893670942296293e-6,77.13567252619809,124,0.0021050623102851773,checked,true,local_checked,false,dispatch,false,false,iteration_limit,false,true,false,4.0266212036205173e-7,0.05630043424690745,7.88994321152295e-6,0,0,true,true
0.0006088836168345324,7.898179234487854e-6,77.13506364258126,125,0.002107123463648719,checked,true,local_checked,false,dispatch,false,false,iteration_limit,false,true,false,4.030605586791136e-7,0.055179725745442054,7.893670942296293e-6,0,0,true,true
0.0006092265579127343,7.910023584535013e-6,77.13445441602335,126,0.0021091796413656994,checked,true,local_checked,false,dispatch,false,false,iteration_limit,false,true,false,4.036176471863828e-7,0.036940277240524955,7.898179234487854e-6,0,0,true,true
0.0006101353536109855,7.920436826763176e-6,77.13384428066973,127,0.002112561313055039,checked,true,local_checked,false,dispatch,false,false,iteration_limit,false,true,false,4.04158944387889e-7,0.04174872420314546,7.910023584535013e-6,0,0,true,true
0.0006109337408304327,7.928237392793609e-6,77.1332333469289,128,0.002113943395091411,checked,true,local_checked,false,dispatch,false,false,iteration_limit,false,true,false,4.0448151456679016e-7,0.03360934046927788,7.920436826763176e-6,0,0,true,true
0.0006115305848481967,7.930961747654015e-6,77.13262181634406,129,0.002115633471905909,checked,true,local_checked,false,dispatch,false,false,iteration_limit,false,true,false,4.0471228526101077e-7,0.04268419983378058,7.928237392793609e-6,0,0,true,true
0.0006117358731216882,7.941336698816628e-6,77.13201008047093,130,0.002117375666085053,checked,true,local_checked,false,dispatch,false,false,iteration_limit,false,true,false,4.0513549295906337e-7,0.03236079441542228,7.930961747654015e-6,0,0,true,true
0.0006125312623055379,7.945078735215771e-6,77.13139754920863,131,0.0021193227732929643,checked,true,local_checked,false,dispatch,false,false,iteration_limit,false,true,false,4.054469944642092e-7,0.04168299529046027,7.941336698816628e-6,0,0,true,true
0.0006128150264856913,7.955225879763784e-6,77.13078473418214,132,0.0021214276794054854,checked,true,local_checked,false,dispatch,false,false,iteration_limit,false,true,false,4.0592450310100725e-7,0.0329876370916804,7.945078735215771e-6,0,0,true,true
0.0006135928148438552,7.961494159601207e-6,77.1301711413673,133,0.0021235160929009567,checked,true,local_checked,false,dispatch,false,false,iteration_limit,false,true,false,4.062768169596498e-7,0.03985596201398556,7.955225879763784e-6,0,0,true,true
0.0006140714070710374,7.970127565154244e-6,77.12955706996023,134,0.0021255856475654866,checked,true,local_checked,false,dispatch,false,false,iteration_limit,false,true,false,4.0670017075611353e-7,0.03628135239502761,7.961494159601207e-6,0,0,true,true
0.0006147324088914274,7.97806173257562e-6,77.12894233755134,135,0.0021276255640074737,checked,true,local_checked,false,dispatch,false,false,iteration_limit,false,true,false,4.070681941525933e-7,0.03768822165961849,7.970127565154244e-6,0,0,true,true
0.00061533946333725,7.982584413610035e-6,77.128326998088,136,0.002129636745276997,checked,true,local_checked,false,dispatch,false,false,iteration_limit,false,true,false,4.074113734778284e-7,0.041494660007310724,7.97806173257562e-6,0,0,true,true
0.0006156833809427553,7.97802574759677e-6,77.12771131470706,137,0.0021287199966018022,checked,true,local_checked,false,dispatch,false,false,iteration_limit,false,true,false,4.071649883571893e-7,0.029691930600048044,7.982584413610035e-6,0,0,true,true
0.0006153268667219436,8.000487653001731e-6,77.12709598784033,138,0.002133646226404551,checked,true,local_checked,false,dispatch,false,false,iteration_limit,false,true,false,4.0830328795066206e-7,0.02587272094204529,7.97802574759677e-6,0,0,true,true
0.000617054379162596,8.008595332490438e-6,77.12647893346117,139,0.0021356473967202305,checked,true,local_checked,false,dispatch,false,false,iteration_limit,false,true,false,4.086376068149211e-7,0.03135099731508073,8.000487653001731e-6,0,0,true,true
0.0006176747591979392,8.013791510770593e-6,77.12586125870197,140,0.002137646076651123,checked,true,local_checked,false,dispatch,false,false,iteration_limit,false,true,false,4.089357007602823e-7,0.0335611179118942,8.008595332490438e-6,0,0,true,true
0.0006180705722158564,8.021249752607469e-6,77.12524318812976,141,0.0021396423230228834,checked,true,local_checked,false,dispatch,false,false,iteration_limit,false,true,false,4.093460026846629e-7,0.03671092519632513,8.013791510770593e-6,0,0,true,true
0.0006186408378425767,8.034429546586586e-6,77.12462454729192,142,0.0021416362514372622,checked,true,local_checked,false,dispatch,false,false,iteration_limit,false,true,false,4.097523859172836e-7,0.032150099072803306,8.021249752607469e-6,0,0,true,true
0.0006196523622321592,8.03156010952481e-6,77.12400489492968,143,0.0021436279161051175,checked,true,local_checked,false,dispatch,false,false,iteration_limit,false,true,false,4.0986185637775785e-7,0.04705785425628184,8.034429546586586e-6,0,0,true,true
0.0006194260812009134,8.043792461383819e-6,77.12338546884848,144,0.0021456178157954753,checked,true,local_checked,false,dispatch,false,false,iteration_limit,false,true,false,4.104947432179151e-7,0.03262058452439609,8.03156010952481e-6,0,0,true,true
0.0006203645066307217,8.053943355758458e-6,77.12276510434185,145,0.002147604722566143,checked,true,local_checked,false,dispatch,false,false,iteration_limit,false,true,false,4.108782289680146e-7,0.03159498522042492,8.043792461383819e-6,0,0,true,true
0.0006211423815898343,8.056489474861517e-6,77.12214396196026,146,0.002149589942462171,checked,true,local_checked,false,dispatch,false,false,iteration_limit,false,true,false,4.11118459157922e-7,0.03901881159971321,8.053943355758458e-6,0,0,true,true
0.0006213337411082875,8.06576735136052e-6,77.12152262821915,147,0.0021515730933714394,checked,true,local_checked,false,dispatch,false,false,iteration_limit,false,true,false,4.1160388324773534e-7,0.032053957152655466,8.056489474861517e-6,0,0,true,true
0.0006220442593019015,8.07354311660441e-6,77.12090058395985,148,0.0021535540170738443,checked,true,local_checked,false,dispatch,false,false,iteration_limit,false,true,false,4.119898234511421e-7,0.03222785773976189,8.06576735136052e-6,0,0,true,true
0.000622638916055962,8.085206718300881e-6,77.1202779450438,149,0.0021555332808738115,checked,true,local_checked,false,dispatch,false,false,iteration_limit,false,true,false,4.123527971924834e-7,0.03138459015256245,8.07354311660441e-6,0,0,true,true
0.0006235333893584993,8.088052342255262e-6,77.11965441165444,150,0.0021575099315320756,checked,true,local_checked,false,dispatch,false,false,iteration_limit,false,true,false,4.124935334831603e-7,0.04570168404283881,8.085206718300881e-6,0,0,true,true
0.0006237478014980979,8.099968766294727e-6,77.11903066385294,151,0.002159485174274778,checked,true,local_checked,false,dispatch,false,false,iteration_limit,false,true,false,4.1286263176981697e-7,0.04511504467352867,8.088052342255262e-6,0,0,true,true
0.0006246617396641341,8.102614942870123e-6,77.11840600211328,152,0.00216145847380389,checked,true,local_checked,false,dispatch,false,false,iteration_limit,false,true,false,4.1299586440307623e-7,,8.099968766294727e-6,0,0,false,false
0.0006245233547588214,8.114808288615537e-6,77.11778147875852,153,0.002163429603722733,checked,true,local_checked,false,dispatch,false,false,iteration_limit,false,true,false,4.13590584384671e-7,0.04913372850466269,8.098239929151382e-6,0,0,true,true
0.0006254084147769845,8.118101910402352e-6,77.11715607034374,154,0.002165398778181782,checked,true,local_checked,false,dispatch,false,false,iteration_limit,false,true,false,4.1396777999275214e-7,0.04910025903075865,8.109782241975521e-6,0,0,true,true
0.0006260449320194539,8.121992783068534e-6,77.11653002541172,155,0.0021673658461480727,checked,true,local_checked,false,dispatch,false,false,iteration_limit,false,true,false,4.14291857771254e-7,0.061754515434545576,8.118101910402352e-6,0,0,true,true
0.0006263399003216819,8.130805184133947e-6,77.1159036855114,156,0.002169331179487699,checked,true,local_checked,false,dispatch,false,false,iteration_limit,false,true,false,4.147889338182442e-7,0.044845046729546256,8.121992783068534e-6,0,0,true,true
0.0006270143894653302,8.145453069200667e-6,77.11527667112193,157,0.0021712943698268816,checked,true,local_checked,false,dispatch,false,false,iteration_limit,false,true,false,4.152071747531849e-7,0.044026449163186765,8.130805184133947e-6,0,0,true,true
0.0006281388670430488,8.145701023801871e-6,77.11464853225489,158,0.0021732554951512384,checked,true,local_checked,false,dispatch,false,false,iteration_limit,false,true,false,4.1524737803139145e-7,,8.145453069200667e-6,0,0,false,false
0.0006281528714993101,8.1504925096099e-6,77.11402037938339,159,0.0021752192264905545,checked,true,local_checked,false,dispatch,false,false,iteration_limit,false,true,false,4.156465362933903e-7,0.0745983485434667,8.145701023801871e-6,0,0,true,true
0.0006285172454880694,8.167759505187834e-6,77.1133918621379,160,0.0021771847058147387,checked,true,local_checked,false,dispatch,false,false,iteration_limit,false,true,false,4.1617262778320674e-7,0.057192579978228686,8.1504925096099e-6,0,0,true,true
0.000629843639359251,8.168445346628794e-6,77.11276201849854,161,0.002179148544819043,checked,true,local_checked,false,dispatch,false,false,iteration_limit,false,true,false,4.161874572125579e-7,0.09663577550272495,8.167759505187834e-6,0,0,true,true
0.000629891382075698,8.153435711690147e-6,77.11213212711647,162,0.0021785787855215233,checked,true,local_checked,false,dispatch,false,false,iteration_limit,false,true,false,4.1589423518256785e-7,0.09775429903136512,8.168445346628794e-6,0,0,true,true
0.0006287288118898005,8.189299872994179e-6,77.11150339830458,163,0.002183067168086694,checked,true,local_checked,false,dispatch,false,false,iteration_limit,false,true,false,4.174151507288504e-7,0.04128956437607667,8.153435711690147e-6,0,0,true,true
0.0006314892249861259,8.190513926580972e-6,77.11087190907959,164,0.0021850248041985765,checked,true,local_checked,false,dispatch,false,false,iteration_limit,false,true,false,4.174404481249727e-7,0.08044455336028067,8.189299872994179e-6,0,0,true,true
0.0006315776702621179,8.191513299049116e-6,77.11024033140933,165,0.0021869801210350204,checked,true,local_checked,false,dispatch,false,false,iteration_limit,false,true,false,4.1777361007439007e-7,0.0833242755299991,8.190513926580972e-6,0,0,true,true
0.000631649559167613,8.207570542733024e-6,77.10960868185016,166,0.0021889330802125073,checked,true,local_checked,false,dispatch,false,false,iteration_limit,false,true,false,4.184251708241882e-7,0.05547359720454481,8.191513299049116e-6,0,0,true,true
0.000632882552778824,8.209825649449169e-6,77.10897579929738,167,0.0021908843935456446,checked,true,local_checked,false,dispatch,false,false,iteration_limit,false,true,false,4.1862491722416406e-7,0.07057363011710771,8.207570542733024e-6,0,0,true,true
0.0006330512473198269,8.218761505177294e-6,77.10834274805006,168,0.002192833032303554,checked,true,local_checked,false,dispatch,false,false,iteration_limit,false,true,false,4.1907802058455124e-7,0.060764588128968455,8.209825649449169e-6,0,0,true,true
0.0006337350791056906,8.229177205639241e-6,77.10770901297096,169,0.002194779962348292,checked,true,local_checked,false,dispatch,false,false,iteration_limit,false,true,false,4.194425840334248e-7,0.060823710275529796,8.218761505177294e-6,0,0,true,true
0.0006345330013886041,8.228046102605752e-6,77.10707447996957,170,0.0021967244641238892,checked,true,local_checked,false,dispatch,false,false,iteration_limit,false,true,false,4.1964247791959064e-7,0.07784543829163793,8.229177205639241e-6,0,0,true,true
0.0006344405636582451,8.246577055780178e-6,77.10644003940591,171,0.002198666734024357,checked,true,local_checked,false,dispatch,false,false,iteration_limit,false,true,false,4.202676537751193e-7,0.04346358240284265,8.228046102605752e-6,0,0,true,true
0.0006358641992818548,8.237956560485207e-6,77.10580417520663,172,0.0022006067465518697,checked,true,local_checked,false,dispatch,false,false,iteration_limit,false,true,false,4.2031238547957095e-7,0.08383499668501126,8.246577055780178e-6,0,0,true,true
0.0006351942653566311,8.26316977830575e-6,77.10516898094127,173,0.002202544500342185,checked,true,local_checked,false,dispatch,false,false,iteration_limit,false,true,false,4.211644021381855e-7,0.031167184699975703,8.237956560485207e-6,0,0,true,true
0.0006371331020744719,8.264026236097268e-6,77.1045318478392,174,0.0022044799039449003,checked,true,local_checked,false,dispatch,false,false,iteration_limit,false,true,false,4.210935025811269e-7,0.07812684859807861,8.26316977830575e-6,0,0,true,true
0.0006371938741125405,8.26803161749247e-6,77.10389465396509,175,0.0022064130001346882,checked,true,local_checked,false,dispatch,false,false,iteration_limit,false,true,false,4.213444753306539e-7,0.08964698474431243,8.264026236097268e-6,0,0,true,true
0.0006374974388307919,8.277462046765252e-6,77.10325715652625,176,0.002208343480518238,checked,true,local_checked,false,dispatch,false,false,iteration_limit,false,true,false,4.21755840661342e-7,0.08443646749545652,8.26803161749247e-6,0,0,true,true
0.0006382192847951274,8.283865517512595e-6,77.10261893724146,177,0.002210271850664469,checked,true,local_checked,false,dispatch,false,false,iteration_limit,false,true,false,4.2204984337934626e-7,0.09160060287456973,8.277462046765252e-6,0,0,true,true
0.0006387077263241281,8.2902857188747e-6,77.10198022951514,178,0.002212198002613519,checked,true,local_checked,false,dispatch,false,false,iteration_limit,false,true,false,4.2238080676104683e-7,0.09456571244300016,8.283865517512595e-6,0,0,true,true
0.0006391974455937088,8.296513224587406e-6,77.10134103206954,179,0.002214121487444487,checked,true,local_checked,false,dispatch,false,false,iteration_limit,false,true,false,4.2274736654357437e-7,0.09417659623284602,8.2902857188747e-6,0,0,true,true
0.0006390074988473771,8.314637532293578e-6,77.1007020245707,180,0.0022160424871131568,checked,true,local_checked,false,dispatch,false,false,iteration_limit,false,true,false,4.235997130147551e-7,0.03560425305269932,8.28789084980491e-6,0,0,true,true
0.0006410643908196789,8.312162350013764e-6,77.10006096017987,181,0.0022179610512864656,checked,true,local_checked,false,dispatch,false,false,iteration_limit,false,true,false,4.234475772316171e-7,0.09617077192626433,8.314637532293578e-6,0,0,true,true
0.0006408682238969732,8.319031621842634e-6,77.09942009195598,182,0.002219877006080395,checked,true,local_checked,false,dispatch,false,false,iteration_limit,false,true,false,4.237843481691428e-7,0.09835594517422208,8.312162350013764e-6,0,0,true,true
0.000641392513770711,8.322245308440225e-6,77.0987786994422,183,0.0022217966246671494,checked,true,local_checked,false,dispatch,false,false,iteration_limit,false,true,false,4.241330246665398e-7,0.09951128655098151,8.319031621842634e-6,0,0,true,true
0.0006416349493179041,8.331769738205401e-6,77.09813706449289,184,0.0022237257327759608,checked,true,local_checked,false,dispatch,false,false,iteration_limit,false,true,false,4.2468223322017495e-7,,8.322245308440225e-6,0,0,false,false
0.0006423639252659541,8.344483812057076e-6,77.09749470056762,185,0.0022256451877673555,checked,true,local_checked,false,dispatch,false,false,iteration_limit,false,true,false,4.251074077685213e-7,,8.331769738205401e-6,0,0,false,false
0.0006427706410789824,8.355316774588948e-6,77.09685192992654,186,0.002227555491980837,checked,true,local_checked,false,dispatch,false,false,iteration_limit,false,true,false,4.256205021618831e-7,0.047096644411290356,8.33711450126083e-6,0,0,true,true
0.0006435353792113574,8.361553750210203e-6,77.09620839454733,187,0.0022294565142004785,checked,true,local_checked,false,dispatch,false,false,iteration_limit,false,true,false,4.259824027408321e-7,0.04700043600048187,8.347103196849954e-6,0,0,true,true
0.0006446440904284145,8.363573290880789e-6,77.0955637504569,188,0.0022313463595544647,checked,true,local_checked,false,dispatch,false,false,iteration_limit,false,true,false,4.259630521086244e-7,,8.361553750210203e-6,0,0,false,false
0.0006447943978287185,8.367380694566116e-6,77.09491895605908,189,0.0022337833508068172,checked,true,local_checked,false,dispatch,false,false,iteration_limit,false,true,false,4.262541464655767e-7,,8.363573290880789e-6,0,0,false,false
0.000645082536522068,8.375637856417482e-6,77.09427387352255,190,0.00223567091783039,checked,true,local_checked,false,dispatch,false,false,iteration_limit,false,true,false,4.267526825876833e-7,0.0854773000983442,8.367380694566116e-6,0,0,true,true
0.0006454154514301536,8.388159201417547e-6,77.09362845807112,191,0.0022375534313248124,checked,true,local_checked,false,dispatch,false,false,iteration_limit,false,true,false,4.2738257027136184e-7,0.046962579839347374,8.371768991416841e-6,0,0,true,true
0.0006466736289212349,8.391549617682271e-6,77.0929817844422,192,0.0022394325268884074,checked,true,local_checked,false,dispatch,false,false,iteration_limit,false,true,false,4.2752961974812376e-7,,8.388159201417547e-6,0,0,false,false
0.0006469295818192222,8.392181848609666e-6,77.09233485486038,193,0.0022413101181157913,checked,true,local_checked,false,dispatch,false,false,iteration_limit,false,true,false,4.278581052785668e-7,,8.391549617682271e-6,0,0,false,false
0.0006469728932358976,8.41134700836212e-6,77.09168788196715,194,0.0022431880646109903,checked,true,local_checked,false,dispatch,false,false,iteration_limit,false,true,false,4.2850911074338027e-7,0.05118426069825577,8.392181848609666e-6,0,0,true,true
0.0006484449382355706,8.412318213802678e-6,77.09103943702891,195,0.002245067068582074,checked,true,local_checked,false,dispatch,false,false,iteration_limit,false,true,false,4.2853551550370295e-7,,8.41134700836212e-6,0,0,false,false
0.0006485143551770989,8.41887086786641e-6,77.09039092267373,196,0.002246947658136378,checked,true,local_checked,false,dispatch,false,false,iteration_limit,false,true,false,4.288676197644614e-7,,8.412318213802678e-6,0,0,false,false
0.0006484852531372098,8.433141893130316e-6,77.0897424374206,197,0.0022488295985461093,checked,true,local_checked,false,dispatch,false,false,iteration_limit,false,true,false,4.295709761792388e-7,0.04666017477912199,8.412011476082398e-6,0,0,true,true
0.0006495911893011908,8.43855480809273e-6,77.0890928462313,198,0.002250711852781251,checked,true,local_checked,false,dispatch,false,false,iteration_limit,false,true,false,4.298930784407684e-7,0.046613632255876114,8.426428325772545e-6,0,0,true,true
0.0006499803576502927,8.446689317285703e-6,77.08844286587365,199,0.0022525927944165858,checked,true,local_checked,false,dispatch,false,false,iteration_limit,false,true,false,4.303089489801626e-7,0.04661385954053743,8.431547624341628e-6,0,0,true,true
0.0006507049411652588,8.453353932250543e-6,77.08779216093248,200,0.0022544702031375152,checked,true,local_checked,false,dispatch,false,false,iteration_limit,false,true,false,4.30595474935902e-7,0.046158472758948355,8.441018095247063e-6,0,0,true,true
