record,group,run_id,solver,substeps,mode,status,thermal_pass,same_dispatch,heat_unserved_MWh,lower_bound_MWh,conditional_optimality,port_conflicts,elapsed_sec
thermal-steady_n1_same_dispatch,thermal-steady,r7-thermal-f996dccd-6f35-45c0-ab73-e1dfb420ec28,HiGHS,1,same_dispatch,solver_optimal,true,true,0.0,0.0,true,0,1.3909997940063477
thermal-steady_n1_curtail_heat,thermal-steady,r7-thermal-3154aaea-4a61-4772-a97e-502ca710666b,HiGHS,1,curtail_heat,solver_optimal,true,true,0.0,0.0,true,0,0.006000041961669922
thermal-steady_n4_same_dispatch,thermal-steady,r7-thermal-b7d0824c-dfeb-4217-ab30-37d65f0f6167,HiGHS,4,same_dispatch,solver_optimal,true,true,0.0,2.7755575615628914e-17,true,0,0.032000064849853516
thermal-steady_n4_curtail_heat,thermal-steady,r7-thermal-60c0f597-5bcd-4b43-a5d1-12f41bba34e6,HiGHS,4,curtail_heat,solver_optimal,true,true,0.0,2.7755575615628914e-17,true,0,0.006999969482421875
thermal-steady_n16_same_dispatch,thermal-steady,r7-thermal-f1bf0eee-31aa-4c27-9914-70b467c1c184,HiGHS,16,same_dispatch,solver_optimal,true,true,0.0,6.938893903907228e-18,true,0,0.015000104904174805
thermal-steady_n16_curtail_heat,thermal-steady,r7-thermal-2bf7cb8a-c659-4e95-8d17-39269c5da060,HiGHS,16,curtail_heat,solver_optimal,true,true,0.0,6.938893903907228e-18,true,0,0.01399993896484375
hot_outlet_n1_same_dispatch,hot_outlet,r7-thermal-a2386ecf-7884-44f5-9d03-b64c4d8c7500,HiGHS,1,same_dispatch,solver_optimal,true,true,0.0,0.0,true,0,0.006000041961669922
hot_outlet_n1_curtail_heat,hot_outlet,r7-thermal-6bd88d66-1deb-40ef-876c-d38f6083c5f2,HiGHS,1,curtail_heat,solver_optimal,true,true,0.0,0.0,true,0,0.006999969482421875
hot_outlet_n4_same_dispatch,hot_outlet,r7-thermal-f941425d-703d-4321-b478-690b0a021249,HiGHS,4,same_dispatch,solver_optimal,true,true,0.0,1.3877787807814457e-17,true,0,0.006999969482421875
hot_outlet_n4_curtail_heat,hot_outlet,r7-thermal-2762ed3a-8d54-4950-ac2e-61ec0f0de17b,HiGHS,4,curtail_heat,solver_optimal,true,true,0.0,1.3877787807814457e-17,true,0,0.007999897003173828
hot_outlet_n16_same_dispatch,hot_outlet,r7-thermal-be2ec500-3100-42dd-ace5-5df261c3b08f,HiGHS,16,same_dispatch,solver_optimal,true,true,0.0,2.42861286636753e-17,true,0,0.01399993896484375
hot_outlet_n16_curtail_heat,hot_outlet,r7-thermal-d742e67b-33a0-49b2-9b93-96966664b8cc,HiGHS,16,curtail_heat,solver_optimal,true,true,0.0,2.42861286636753e-17,true,0,0.01900005340576172
cold_outlet_n1_same_dispatch,cold_outlet,r7-thermal-cc3cb5f1-7a25-417d-a0b9-d0160e014065,HiGHS,1,same_dispatch,infeasible_certified,false,false,,0.0,false,0,0.006000041961669922
cold_outlet_n1_curtail_heat,cold_outlet,r7-thermal-27beb30e-34f2-4c77-86b5-c88f50235079,HiGHS,1,curtail_heat,solver_optimal,true,false,0.03333333333333324,0.033333333333333215,true,0,0.007999897003173828
cold_outlet_n4_same_dispatch,cold_outlet,r7-thermal-848af2fb-80f4-4c8a-815b-c0b709de7efd,HiGHS,4,same_dispatch,infeasible_certified,false,false,,0.0,false,0,0.006999969482421875
cold_outlet_n4_curtail_heat,cold_outlet,r7-thermal-fb05c571-ec7c-4149-a4c5-c20af644e1ec,HiGHS,4,curtail_heat,solver_optimal,true,false,0.03333333333333324,0.033333333333333215,true,0,0.009999990463256836
cold_outlet_n16_same_dispatch,cold_outlet,r7-thermal-492fef73-642a-497e-9cc8-4b24d5e6cf50,HiGHS,16,same_dispatch,infeasible_certified,false,false,,0.0,false,0,0.01900005340576172
cold_outlet_n16_curtail_heat,cold_outlet,r7-thermal-c8349503-81e7-4a6b-bc67-555cb3a962e5,HiGHS,16,curtail_heat,solver_optimal,true,false,0.03333333333333306,0.03333333333333352,true,0,0.015999794006347656
recovery-hand_n1_same_dispatch,recovery-hand,r7-thermal-6f5ce91d-044f-48ed-8b02-3067b00d6c5f,HiGHS,1,same_dispatch,infeasible_certified,false,false,,0.0,false,2,0.006999969482421875
recovery-hand_n1_curtail_heat,recovery-hand,r7-thermal-c221730d-439e-43b9-adbd-310b67e982f6,HiGHS,1,curtail_heat,infeasible_certified,false,false,,0.0,false,2,0.006000041961669922
recovery-hand_n4_same_dispatch,recovery-hand,r7-thermal-dfa98d10-5fd0-402f-8224-954545e5efe2,HiGHS,4,same_dispatch,infeasible_certified,false,false,,0.0,false,2,0.00800013542175293
recovery-hand_n4_curtail_heat,recovery-hand,r7-thermal-112d0b84-514a-4a32-bc30-c361a1202ac8,HiGHS,4,curtail_heat,infeasible_certified,false,false,,0.0,false,2,0.009999990463256836
recovery-hand_n16_same_dispatch,recovery-hand,r7-thermal-a56b5e6f-1e2d-4dc0-be9a-01d021346555,HiGHS,16,same_dispatch,infeasible_certified,false,false,,0.0,false,2,0.016000032424926758
recovery-hand_n16_curtail_heat,recovery-hand,r7-thermal-8c0af47d-5fb8-426f-a693-59a129b473eb,HiGHS,16,curtail_heat,infeasible_certified,false,false,,0.0,false,2,0.016000032424926758
nested_witness_1_n1_same_dispatch,nested_witness_1,r7-thermal-c72a98e7-a91d-4871-8443-c1491b4569f9,HiGHS,1,same_dispatch,infeasible_certified,false,false,,0.0,false,4,0.006000041961669922
nested_witness_1_n1_curtail_heat,nested_witness_1,r7-thermal-250ebf03-b7f9-4dd6-966c-d2744a22a1f5,HiGHS,1,curtail_heat,infeasible_certified,false,false,,0.0,false,4,0.004999876022338867
nested_witness_1_n4_same_dispatch,nested_witness_1,r7-thermal-aea8cace-843f-4946-ba7e-2b4b2bf5c24d,HiGHS,4,same_dispatch,infeasible_certified,false,false,,0.0,false,4,0.00800013542175293
nested_witness_1_n4_curtail_heat,nested_witness_1,r7-thermal-c637dd4b-2923-4f35-aed3-06ad07aa4162,HiGHS,4,curtail_heat,infeasible_certified,false,false,,0.0,false,4,0.007999897003173828
nested_witness_1_n16_same_dispatch,nested_witness_1,r7-thermal-3816c0dc-d4fa-486a-90a9-25280b2836bf,HiGHS,16,same_dispatch,infeasible_certified,false,false,,0.0,false,4,0.023000001907348633
nested_witness_1_n16_curtail_heat,nested_witness_1,r7-thermal-4a9743a1-fa75-4796-b781-3d6caf41691a,HiGHS,16,curtail_heat,infeasible_certified,false,false,,0.0,false,4,0.02500009536743164
nested_witness_2_n1_same_dispatch,nested_witness_2,r7-thermal-0e91e283-b6ac-4580-b8b4-d1c5edaaf46b,HiGHS,1,same_dispatch,infeasible_certified,false,false,,0.0,false,4,0.006000041961669922
nested_witness_2_n1_curtail_heat,nested_witness_2,r7-thermal-5d013097-9642-4c33-ba3e-a3da2d263fdb,HiGHS,1,curtail_heat,infeasible_certified,false,false,,0.0,false,4,0.00599980354309082
nested_witness_2_n4_same_dispatch,nested_witness_2,r7-thermal-b090946e-da48-4908-979b-2d0e6d763a48,HiGHS,4,same_dispatch,infeasible_certified,false,false,,0.0,false,4,0.00800013542175293
nested_witness_2_n4_curtail_heat,nested_witness_2,r7-thermal-8895dc2c-ecc5-4ac1-a8b7-edabf731f069,HiGHS,4,curtail_heat,infeasible_certified,false,false,,0.0,false,4,0.006999969482421875
nested_witness_2_n16_same_dispatch,nested_witness_2,r7-thermal-6ccadc55-4414-4950-9cf0-97b3f5749fed,HiGHS,16,same_dispatch,infeasible_certified,false,false,,0.0,false,4,0.029000043869018555
nested_witness_2_n16_curtail_heat,nested_witness_2,r7-thermal-bce6cb33-2424-43fb-a9a5-a969bb6b404f,HiGHS,16,curtail_heat,infeasible_certified,false,false,,0.0,false,4,0.02500009536743164
thermal-steady_clarabel,thermal-steady,r7-thermal-dd216a83-6553-423b-acd4-401407416b95,Clarabel,16,curtail_heat,solver_optimal,true,true,6.221599982661095e-11,,false,0,5.438999891281128
hot_outlet_clarabel,hot_outlet,r7-thermal-009353d2-a81c-4cca-a3a3-c4697b462cde,Clarabel,16,curtail_heat,solver_optimal,true,true,3.6304476385868935e-12,,false,0,0.023000001907348633
cold_outlet_clarabel,cold_outlet,r7-thermal-e8a57d9b-47be-4629-a869-e709834d0554,Clarabel,16,curtail_heat,solver_optimal,true,false,0.03333333356439449,,false,0,0.023000001907348633
