run_id,case,policy,electric,actor,t,CHP_MW,PV_MW,HP_MW,EB_MW,charge_MW,discharge_MW,P_D_MW,H_D_MW
open--fixed--socp,open,fixed,socp,DSO,1,0.0,0.0,0.0,0.0,0.0,0.0,0.0,0.0
open--fixed--socp,open,fixed,socp,DSO,2,0.09553280546971005,0.0,0.0,4.4617441355730114e-9,0.0,0.0,0.0,0.0
open--fixed--socp,open,fixed,socp,DSO,3,0.0,0.0,0.0,0.0,0.0,0.0,0.0,0.0
open--fixed--socp,open,fixed,socp,DSO,4,0.0,0.0,0.0,0.0,0.0,0.0,0.0,0.0
open--fixed--socp,open,fixed,socp,A,1,0.0,0.0,0.09999999579391634,0.0,0.01133603753022438,0.0,0.21190340027744534,0.10511196110748457
open--fixed--socp,open,fixed,socp,A,2,0.0,0.27000000075190655,0.03579242474991912,0.0,0.0,0.09999999399984312,0.26211920102730824,0.12770838554202732
open--fixed--socp,open,fixed,socp,A,3,0.0,0.45,0.07058585469617772,0.0,0.0,5.726187007201185e-7,0.21001956886421497,0.10667433030276512
open--fixed--socp,open,fixed,socp,A,4,0.0,0.08999999838609023,0.09999999369081532,0.0,0.09946791407540541,0.0,0.21190354625838995,0.10511175992201374
open--fixed--socp,open,fixed,socp,B,1,0.019853368731448436,0.0,0.0,9.806578318346568e-9,0.0,0.0,0.26686081979033144,0.21511207331154214
open--fixed--socp,open,fixed,socp,B,2,0.14999999042636514,0.0,0.0,2.7998532441472296e-9,0.0,0.0,0.31707225113607257,0.27070824267818483
open--fixed--socp,open,fixed,socp,B,3,0.0959925085497314,0.0,0.0,3.7312065862146895e-9,0.0,0.0,0.26498447895828914,0.21667424283337275
open--fixed--socp,open,fixed,socp,B,4,0.01985299984310884,0.0,0.0,1.0196896548426717e-8,0.0,0.0,0.2668610774309995,0.21511182589250316
open--fixed--exact,open,fixed,exact,DSO,1,0.0,0.0,0.0,0.0,0.0,0.0,0.0,0.0
open--fixed--exact,open,fixed,exact,DSO,2,0.09553280694573725,0.0,0.0,0.0,0.0,0.0,0.0,0.0
open--fixed--exact,open,fixed,exact,DSO,3,0.0,0.0,0.0,0.0,0.0,0.0,0.0,0.0
open--fixed--exact,open,fixed,exact,DSO,4,0.0,0.0,0.0,0.0,0.0,0.0,0.0,0.0
open--fixed--exact,open,fixed,exact,A,1,0.0,0.0,0.1,0.0,0.01080590047024829,0.0,0.21190357707358515,0.1051117732382731
open--fixed--exact,open,fixed,exact,A,2,0.0,0.2699999999879568,0.035792473849719945,0.0,0.0,0.1,0.2621191605897549,0.12770839493829633
open--fixed--exact,open,fixed,exact,A,3,0.0,0.45,0.07058470850326645,0.0,0.0,0.0,0.21002050132340272,0.10667477592746544
open--fixed--exact,open,fixed,exact,A,4,0.0,0.08999999997954124,0.1,0.0,0.09999742350073912,0.0,0.21190371156966475,0.10511166035928747
open--fixed--exact,open,fixed,exact,B,1,0.019852955408398876,0.0,0.0,0.0,0.0,0.0,0.266860826088883,0.21511177322599886
open--fixed--exact,open,fixed,exact,B,2,0.15,0.0,0.0,0.0,0.0,0.0,0.3170722507657803,0.27070839493465654
open--fixed--exact,open,fixed,exact,B,3,0.09599618860250729,0.0,0.0,0.0,0.0,0.0,0.2649842965435605,0.2166747759247566
open--fixed--exact,open,fixed,exact,B,4,0.0198527672767279,0.0,0.0,0.0,0.0,0.0,0.2668609619612958,0.2151116603469866
open--electric--socp,open,electric,socp,DSO,1,0.0,0.0,0.0,0.0,0.0,0.0,0.0,0.0
open--electric--socp,open,electric,socp,DSO,2,0.09566702572024323,0.0,0.0,2.1359291503208135e-9,0.0,0.0,0.0,0.0
open--electric--socp,open,electric,socp,DSO,3,0.0,0.0,0.0,0.0,0.0,0.0,0.0,0.0
open--electric--socp,open,electric,socp,DSO,4,0.0,0.0,0.0,0.0,0.0,0.0,0.0,0.0
open--electric--socp,open,electric,socp,A,1,0.0,0.0,0.09999999427278683,0.0,0.011443461482123106,0.0,0.21194661183381208,0.10506350198073712
open--electric--socp,open,electric,socp,A,2,0.0,0.2700000006898479,0.035745584216131596,0.0,0.0,0.09999999675709133,0.26215360867451837,0.12771874926047477
open--electric--socp,open,electric,socp,A,3,0.0,0.45,0.07043185196631846,0.0,0.0,1.1012393446358686e-7,0.21007139271082098,0.10669191195768359
open--electric--socp,open,electric,socp,A,4,0.0,0.0900000008934196,0.0999999942858137,0.0,0.09935998084450297,0.0,0.21194762321517843,0.10506742744745126
open--electric--socp,open,electric,socp,B,1,0.019775712174254435,0.0,0.0,3.364395612966569e-9,0.0,0.0,0.26691630631666396,0.21506733864290453
open--electric--socp,open,electric,socp,B,2,0.14999999398423847,0.0,0.0,0.0,0.0,0.0,0.31704395752498854,0.2707184249660506
open--electric--socp,open,electric,socp,B,3,0.09640430834824856,0.0,0.0,0.0,0.0,0.0,0.2649673001980696,0.2166888119143692
open--electric--socp,open,electric,socp,B,4,0.019778111093574306,0.0,0.0,2.948497076657498e-9,0.0,0.0,0.2669168481759863,0.21506629152335124
open--electric--exact,open,electric,exact,DSO,1,0.0,0.0,0.0,0.0,0.0,0.0,0.0,0.0
open--electric--exact,open,electric,exact,DSO,2,0.09566683321137101,0.0,0.0,0.0,0.0,0.0,0.0,0.0
open--electric--exact,open,electric,exact,DSO,3,0.0,0.0,0.0,0.0,0.0,0.0,0.0,0.0
open--electric--exact,open,electric,exact,DSO,4,0.0,0.0,0.0,0.0,0.0,0.0,0.0,0.0
open--electric--exact,open,electric,exact,A,1,0.0,0.0,0.1,0.0,0.010806126654899481,0.0,0.2119464044042241,0.10506706142589174
open--electric--exact,open,electric,exact,A,2,0.0,0.27,0.03574573017909547,0.0,0.0,0.1,0.26215338522070714,0.1277186951352157
open--electric--exact,open,electric,exact,A,3,0.0,0.45,0.0704322900948155,0.0,0.0,2.8737900991942077e-9,0.2100709186272707,0.10669086665305917
open--electric--exact,open,electric,exact,A,4,0.0,0.08999999997941802,0.1,0.0,0.0999972005749866,0.0,0.2119465366687858,0.1050670614258923
open--electric--exact,open,electric,exact,B,1,0.019778435718812368,0.0,0.0,0.0,0.0,0.0,0.26691598377233955,0.21506706141361445
open--electric--exact,open,electric,exact,B,2,0.15,0.0,0.0,0.0,0.0,0.0,0.3170438305019478,0.2707186951315693
open--electric--exact,open,electric,exact,B,3,0.09640405249972783,0.0,0.0,0.0,0.0,0.0,0.2649666481299585,0.2166908666503771
open--electric--exact,open,electric,exact,B,4,0.019778435718805772,0.0,0.0,0.0,0.0,0.0,0.2669159837724487,0.2150670614136072
open--heat--socp,open,heat,socp,DSO,1,0.0,0.0,0.0,0.0,0.0,0.0,0.0,0.0
open--heat--socp,open,heat,socp,DSO,2,0.09553294429584379,0.0,0.0,3.0959026114190783e-9,0.0,0.0,0.0,0.0
open--heat--socp,open,heat,socp,DSO,3,0.0,0.0,0.0,0.0,0.0,0.0,0.0,0.0
open--heat--socp,open,heat,socp,DSO,4,0.0,0.0,0.0,0.0,0.0,0.0,0.0,0.0
open--heat--socp,open,heat,socp,A,1,0.0,0.0,0.09999999376295551,0.0,0.011061808077589807,0.0,0.21190416255873476,0.10511136391935273
open--heat--socp,open,heat,socp,A,2,0.0,0.27000000000734065,0.03579248072880923,0.0,0.0,0.09999999185908691,0.2621191956984419,0.12770845721742646
open--heat--socp,open,heat,socp,A,3,0.0,0.45,0.0705852191286323,0.0,0.0,3.0300360236087547e-7,0.21002073130542487,0.10667490777486659
open--heat--socp,open,heat,socp,A,4,0.0,0.08999999823677131,0.09999999300720352,0.0,0.09974184263757753,0.0,0.2119037996557293,0.10511169069100125
open--heat--socp,open,heat,socp,B,1,0.019852455634083856,0.0,0.0,9.484872237087666e-9,0.0,0.0,0.2668613959385065,0.2151115716508875
open--heat--socp,open,heat,socp,B,2,0.1499999627157504,0.0,0.0,1.400797885423662e-9,0.0,0.0,0.3170723582551759,0.27070847514744456
open--heat--socp,open,heat,socp,B,3,0.09599529614028995,0.0,0.0,1.777089787883348e-9,0.0,0.0,0.26498426726856134,0.2166751051774113
open--heat--socp,open,heat,socp,B,4,0.01985281862437376,0.0,0.0,8.667067650330627e-9,0.0,0.0,0.26686103346613826,0.21511167742337278
open--heat--exact,open,heat,exact,DSO,1,0.0,0.0,0.0,0.0,0.0,0.0,0.0,0.0
open--heat--exact,open,heat,exact,DSO,2,0.0955328068137165,0.0,0.0,0.0,0.0,0.0,0.0,0.0
open--heat--exact,open,heat,exact,DSO,3,0.0,0.0,0.0,0.0,0.0,0.0,0.0,0.0
open--heat--exact,open,heat,exact,DSO,4,0.0,0.0,0.0,0.0,0.0,0.0,0.0,0.0
open--heat--exact,open,heat,exact,A,1,0.0,0.0,0.1,0.0,0.010805749997731151,0.0,0.21190357709850688,0.1051117732170885
open--heat--exact,open,heat,exact,A,2,0.0,0.2699999999879568,0.03579247389873969,0.0,0.0,0.1,0.2621191605896459,0.12770839493813535
open--heat--exact,open,heat,exact,A,3,0.0,0.45,0.07058470939490767,0.0,0.0,3.0541282713206328e-9,0.21002050132368844,0.1066747759274459
open--heat--exact,open,heat,exact,A,4,0.0,0.08999999997954124,0.1,0.0,0.0999975774860675,0.0,0.2119037115439284,0.10511166038059545
open--heat--exact,open,heat,exact,B,1,0.019852955332988503,0.0,0.0,0.0,0.0,0.0,0.2668608261140916,0.21511177320482427
open--heat--exact,open,heat,exact,B,2,0.15,0.0,0.0,0.0,0.0,0.0,0.31707225076582246,0.27070839493454346
open--heat--exact,open,heat,exact,B,3,0.0959961863529522,0.0,0.0,0.0,0.0,0.0,0.2649842965434009,0.21667477592475634
open--heat--exact,open,heat,exact,B,4,0.019852767272157845,0.0,0.0,0.0,0.0,0.0,0.2668609619353279,0.2151116603683311
open--joint--socp,open,joint,socp,DSO,1,0.0,0.0,0.0,0.0,0.0,0.0,0.0,0.0
open--joint--socp,open,joint,socp,DSO,2,0.09566762562277381,0.0,0.0,8.779942901311376e-10,0.0,0.0,0.0,0.0
open--joint--socp,open,joint,socp,DSO,3,0.0,0.0,0.0,0.0,0.0,0.0,0.0,0.0
open--joint--socp,open,joint,socp,DSO,4,0.0,0.0,0.0,0.0,0.0,0.0,0.0,0.0
open--joint--socp,open,joint,socp,A,1,0.0,0.0,0.09999999884594453,0.0,0.012046201106193777,0.0,0.21194663616375262,0.10506864308640611
open--joint--socp,open,joint,socp,A,2,0.0,0.2699999993957376,0.03574600941173859,0.0,0.0,0.09999999728613937,0.26215358169413316,0.12771947301029937
open--joint--socp,open,joint,socp,A,3,0.0,0.4499999991843212,0.07043224158299947,0.0,3.886192126042229e-9,0.0,0.2100713703098327,0.10669091488450928
open--joint--socp,open,joint,socp,A,4,0.0,0.08999999890808678,0.09999999881535993,0.0,0.09875711613195504,0.0,0.21194702261384785,0.10506859669233153
open--joint--socp,open,joint,socp,B,1,0.019780070667094963,0.0,0.0,2.3293036069957093e-9,0.0,0.0,0.26691639812543555,0.21506744046477994
open--joint--socp,open,joint,socp,B,2,0.14999999620491797,0.0,0.0,8.372282200337481e-10,0.0,0.0,0.3170441405337861,0.270719703047608
open--joint--socp,open,joint,socp,B,3,0.09640425319934445,0.0,0.0,1.0990178321318023e-9,0.0,0.0,0.2649671322034267,0.21669091469504634
open--joint--socp,open,joint,socp,B,4,0.01978055122964708,0.0,0.0,2.3535491169071674e-9,0.0,0.0,0.2669164154982953,0.21506806346519639
open--joint--exact,open,joint,exact,DSO,1,0.0,0.0,0.0,0.0,0.0,0.0,0.0,0.0
open--joint--exact,open,joint,exact,DSO,2,0.0956668332690428,0.0,0.0,0.0,0.0,0.0,0.0,0.0
open--joint--exact,open,joint,exact,DSO,3,0.0,0.0,0.0,0.0,0.0,0.0,0.0,0.0
open--joint--exact,open,joint,exact,DSO,4,0.0,0.0,0.0,0.0,0.0,0.0,0.0,0.0
open--joint--exact,open,joint,exact,A,1,0.0,0.0,0.1,0.0,0.010806126642422777,0.0,0.21194640438766504,0.10506706139798078
open--joint--exact,open,joint,exact,A,2,0.0,0.2700000000000001,0.03574573017956161,0.0,0.0,0.1,0.26215338521929643,0.12771869537692
open--joint--exact,open,joint,exact,A,3,0.0,0.45,0.07043229011056365,0.0,0.0,2.873790070711158e-9,0.21007091862797825,0.10669086665332243
open--joint--exact,open,joint,exact,A,4,0.0,0.09000000000000001,0.1,0.0,0.09999720058702,0.0,0.2119465366517796,0.10506706142632094
open--joint--exact,open,joint,exact,B,1,0.019778435664227087,0.0,0.0,0.0,0.0,0.0,0.2669159837728882,0.21506706138568965
open--joint--exact,open,joint,exact,B,2,0.15,0.0,0.0,0.0,0.0,0.0,0.3170438305026081,0.2707186951321315
open--joint--exact,open,joint,exact,B,3,0.09640405246677751,0.0,0.0,0.0,0.0,0.0,0.26496664813097437,0.21669086660824027
open--joint--exact,open,joint,exact,B,4,0.019778435660970067,0.0,0.0,0.0,0.0,0.0,0.2669159837731112,0.21506706141405438
import--fixed--socp,import,fixed,socp,DSO,1,0.029388656445896253,0.0,0.0,2.3227914399034926e-7,0.0,0.0,0.0,0.0
import--fixed--socp,import,fixed,socp,DSO,2,0.07938887791129479,0.0,0.0,1.95451807238128e-9,0.0,0.0,0.0,0.0
import--fixed--socp,import,fixed,socp,DSO,3,0.030777817040686876,0.0,0.0,6.521542710750643e-9,0.0,0.0,0.0,0.0
import--fixed--socp,import,fixed,socp,DSO,4,0.029388654724077052,0.0,0.0,2.2832691380502414e-7,0.0,0.0,0.0,0.0
import--fixed--socp,import,fixed,socp,A,1,0.0,0.0,0.03577179213126416,0.0,0.0,0.05019998259185796,0.21194550063078227,0.10731537991544773
import--fixed--socp,import,fixed,socp,A,2,0.0,0.26999999794103835,0.04310531352934044,0.0,0.0,0.04004736408729522,0.26694205085971195,0.12931596704950105
import--fixed--socp,import,fixed,socp,A,3,0.0,0.35527488005226154,0.03652839075639844,0.0,0.0999999963890005,0.0,0.21874649463142212,0.10958517548496481
import--fixed--socp,import,fixed,socp,A,4,0.0,0.08999999794861385,0.035772889084042456,0.0,0.0,2.6504590784971646e-6,0.2119549449646119,0.10731867081208492
import--fixed--socp,import,fixed,socp,B,1,0.14999999463461883,0.0,0.0,1.0296795387675953e-7,0.0,0.0,0.26692469356256765,0.21166669525022405
import--fixed--socp,import,fixed,socp,B,2,0.1499999935658553,0.0,0.0,1.6269806452407873e-9,0.0,0.0,0.31589445212099776,0.2716666217100732
import--fixed--socp,import,fixed,socp,B,3,0.1499999928747041,0.0,0.0,4.9080504735293845e-9,0.0,0.0,0.264944709491873,0.21333337853617632
import--fixed--socp,import,fixed,socp,B,4,0.14999999504502207,0.0,0.0,1.1358065730761091e-7,0.0,0.0,0.26693398980275745,0.21166669996586082
import--fixed--exact,import,fixed,exact,DSO,1,0.029388888093387387,0.0,0.0,0.0,0.0,0.0,0.0,0.0
import--fixed--exact,import,fixed,exact,DSO,2,0.07938888891668722,0.0,0.0,0.0,0.0,0.0,0.0,0.0
import--fixed--exact,import,fixed,exact,DSO,3,0.030777777712497904,0.0,0.0,0.0,0.0,0.0,0.0,0.0
import--fixed--exact,import,fixed,exact,DSO,4,0.02938888983036676,0.0,0.0,0.0,0.0,0.0,0.0,0.0
import--fixed--exact,import,fixed,exact,A,1,0.0,0.0,0.03577211548893258,0.0,0.0,0.05020211401310918,0.2119459038627946,0.10731634646679773
import--fixed--exact,import,fixed,exact,A,2,0.0,0.27,0.04310544874381511,0.0,0.0,0.04004786438202987,0.2669424156615638,0.12931634646352155
import--fixed--exact,import,fixed,exact,A,3,0.0,0.35527386819974727,0.036527777098881414,0.0,0.1,0.0,0.21874609111682347,0.10958333129664423
import--fixed--exact,import,fixed,exact,A,4,0.0,0.0899999999448529,0.03577283692051036,0.0,0.0,2.1604860453439126e-8,0.21195240686509553,0.10731851076153105
import--fixed--exact,import,fixed,exact,B,1,0.15,0.0,0.0,0.0,0.0,0.0,0.2669250421521103,0.211666666611721
import--fixed--exact,import,fixed,exact,B,2,0.15,0.0,0.0,0.0,0.0,0.0,0.315895456919579,0.2716666664679493
import--fixed--exact,import,fixed,exact,B,3,0.15,0.0,0.0,0.0,0.0,0.0,0.26494744432167194,0.21333333325499748
import--fixed--exact,import,fixed,exact,B,4,0.14999999827647467,0.0,0.0,0.0,0.0,0.0,0.2669315778548984,0.21166666661133463
import--electric--socp,import,electric,socp,DSO,1,0.029388836454959027,0.0,0.0,4.202824539076536e-8,0.0,0.0,0.0,0.0
import--electric--socp,import,electric,socp,DSO,2,0.07938877627794165,0.0,0.0,0.0,0.0,0.0,0.0,0.0
import--electric--socp,import,electric,socp,DSO,3,0.030777776730137204,0.0,0.0,0.0,0.0,0.0,0.0,0.0
import--electric--socp,import,electric,socp,DSO,4,0.02938882760643552,0.0,0.0,4.284237875543335e-8,0.0,0.0,0.0,0.0
import--electric--socp,import,electric,socp,A,1,0.0,0.0,0.03577206342741945,0.0,0.0,0.05020193768233647,0.21194570022634365,0.1073161909790318
import--electric--socp,import,electric,socp,A,2,0.0,0.26999999967546295,0.043105393448913426,0.0,0.0,0.040047600223598025,0.266942207049436,0.12931618866804434
import--electric--socp,import,electric,socp,A,3,0.0,0.3552707498307117,0.03652505451381266,0.0,0.1,0.0,0.21874569637879046,0.1095751641597991
import--electric--socp,import,electric,socp,A,4,0.0,0.08999999966300744,0.035772803218840236,0.0,0.0,4.614268106364817e-7,0.21195242686982463,0.10731841022506972
import--electric--socp,import,electric,socp,B,1,0.14999999646220372,0.0,0.0,1.2857056128756881e-8,0.0,0.0,0.2669248458041109,0.21166665094467807
import--electric--socp,import,electric,socp,B,2,0.1499999961271998,0.0,0.0,0.0,0.0,0.0,0.3158961432019749,0.2716665193264277
import--electric--socp,import,electric,socp,B,3,0.14999999786628265,0.0,0.0,1.5742941227740566e-9,0.0,0.0,0.26494707830441994,0.21333333111305755
import--electric--socp,import,electric,socp,B,4,0.14999999732593092,0.0,0.0,1.717585664089213e-8,0.0,0.0,0.2669316934949611,0.21166664636595797
import--electric--exact,import,electric,exact,DSO,1,0.02938888809348298,0.0,0.0,0.0,0.0,0.0,0.0,0.0
import--electric--exact,import,electric,exact,DSO,2,0.07938888877891638,0.0,0.0,0.0,0.0,0.0,0.0,0.0
import--electric--exact,import,electric,exact,DSO,3,0.03077777771252863,0.0,0.0,0.0,0.0,0.0,0.0,0.0
import--electric--exact,import,electric,exact,DSO,4,0.029388888061205303,0.0,0.0,0.0,0.0,0.0,0.0,0.0
import--electric--exact,import,electric,exact,A,1,0.0,0.0,0.03577211548795531,0.0,0.0,0.05020211401422344,0.2119459038628015,0.1073163464638659
import--electric--exact,import,electric,exact,A,2,0.0,0.27,0.04310544879830974,0.0,0.0,0.04004786443606353,0.26694241566110255,0.1293163464615587
import--electric--exact,import,electric,exact,A,3,0.0,0.35527386820031803,0.03652777709990647,0.0,0.1,0.0,0.21874609111636928,0.10958333129971932
import--electric--exact,import,electric,exact,A,4,0.0,0.09000000000000001,0.03577283692050913,0.0,0.0,2.1549713040067142e-8,0.2119524068651008,0.10731851076152732
import--electric--exact,import,electric,exact,B,1,0.15,0.0,0.0,9.47005434140391e-10,0.0,0.0,0.26692504215211815,0.21166666661183475
import--electric--exact,import,electric,exact,B,2,0.15,0.0,0.0,0.0,0.0,0.0,0.3158954569141839,0.2716666664680701
import--electric--exact,import,electric,exact,B,3,0.15,0.0,0.0,0.0,0.0,0.0,0.264947444317298,0.21333333325503442
import--electric--exact,import,electric,exact,B,4,0.15,0.0,0.0,9.875876522819071e-10,0.0,0.0,0.26693157785490473,0.21166666661165473
import--heat--socp,import,heat,socp,DSO,1,0.02938886128691141,0.0,0.0,3.618930382441719e-8,0.0,0.0,0.0,0.0
import--heat--socp,import,heat,socp,DSO,2,0.07938883495064165,0.0,0.0,2.1858980776583474e-10,0.0,0.0,0.0,0.0
import--heat--socp,import,heat,socp,DSO,3,0.030777789654220466,0.0,0.0,1.1950474387744456e-9,0.0,0.0,0.0,0.0
import--heat--socp,import,heat,socp,DSO,4,0.029388869888253573,0.0,0.0,3.606545494310872e-8,0.0,0.0,0.0,0.0
import--heat--socp,import,heat,socp,A,1,0.0,0.0,0.035772082772528226,0.0,0.0,0.050201667361108135,0.21194587900455245,0.10731624925501435
import--heat--socp,import,heat,socp,A,2,0.0,0.26999999968982613,0.043105249873145714,0.0,0.0,0.04004761762274297,0.26694236795371495,0.1293157556072912
import--heat--socp,import,heat,socp,A,3,0.0,0.35527175847550335,0.03652498011668306,0.0,0.0999999992555124,0.0,0.21874677933026146,0.10957494101440564
import--heat--socp,import,heat,socp,A,4,0.0,0.08999999941705225,0.035772808123546704,0.0,0.0,7.143442495912222e-7,0.21195242603626516,0.1073184253219787
import--heat--socp,import,heat,socp,B,1,0.14999999688610685,0.0,0.0,2.073852705279309e-8,0.0,0.0,0.2669250312989181,0.21166668295166702
import--heat--socp,import,heat,socp,B,2,0.14999999921104748,0.0,0.0,3.514075445038937e-10,0.0,0.0,0.31589545107856426,0.2716665955476732
import--heat--socp,import,heat,socp,B,3,0.14999999832989758,0.0,0.0,1.1326280133294943e-9,0.0,0.0,0.26494749510970755,0.21333334712785063
import--heat--socp,import,heat,socp,B,4,0.14999999716493015,0.0,0.0,1.6399584949183467e-8,0.0,0.0,0.26693161472689064,0.2116666893541948
import--heat--exact,import,heat,exact,DSO,1,0.029388886847125414,0.0,0.0,1.6799999365085638e-9,0.0,0.0,0.0,0.0
import--heat--exact,import,heat,exact,DSO,2,0.07938888891733449,0.0,0.0,0.0,0.0,0.0,0.0,0.0
import--heat--exact,import,heat,exact,DSO,3,0.0307777777069887,0.0,0.0,0.0,0.0,0.0,0.0,0.0
import--heat--exact,import,heat,exact,DSO,4,0.029388886814957646,0.0,0.0,1.679999939378682e-9,0.0,0.0,0.0,0.0
import--heat--exact,import,heat,exact,A,1,0.0,0.0,0.03577211547986441,0.0,0.0,0.050202114003874504,0.2119459038646145,0.10731634646437341
import--heat--exact,import,heat,exact,A,2,0.0,0.2699999999794147,0.04310544874881862,0.0,0.0,0.04004786440911744,0.26694241566306215,0.12931634646194656
import--heat--exact,import,heat,exact,A,3,0.0,0.35527386816498663,0.03652777709145265,0.0,0.1,0.0,0.21874609111713372,0.10958333129675796
import--heat--exact,import,heat,exact,A,4,0.0,0.089999999979395,0.035772836911515574,0.0,0.0,2.1562061080811583e-8,0.21195240686676753,0.10731851075931739
import--heat--exact,import,heat,exact,B,1,0.15,0.0,0.0,9.126081984039155e-10,0.0,0.0,0.2669250421536448,0.21166666661347114
import--heat--exact,import,heat,exact,B,2,0.15,0.0,0.0,0.0,0.0,0.0,0.3158954569222182,0.27166666646872595
import--heat--exact,import,heat,exact,B,3,0.15,0.0,0.0,0.0,0.0,0.0,0.26494744432378253,0.21333333325656023
import--heat--exact,import,heat,exact,B,4,0.15,0.0,0.0,9.531351952188789e-10,0.0,0.0,0.2669315778564361,0.21166666661331368
import--joint--socp,import,joint,socp,DSO,1,0.0293888795315234,0.0,0.0,0.0,0.0,0.0,0.0,0.0
import--joint--socp,import,joint,socp,DSO,2,0.07938993730872179,0.0,0.0,0.0,0.0,0.0,0.0,0.0
import--joint--socp,import,joint,socp,DSO,3,0.030777982915629106,0.0,0.0,0.0,0.0,0.0,0.0,0.0
import--joint--socp,import,joint,socp,DSO,4,0.029388813745564384,0.0,0.0,4.964091689478967e-8,0.0,0.0,0.0,0.0
import--joint--socp,import,joint,socp,A,1,0.0,0.0,0.03577227201095588,0.0,0.0,0.05019990427221962,0.2119462049391143,0.10731681675931595
import--joint--socp,import,joint,socp,A,2,0.0,0.2699999988262647,0.043105554085117584,0.0,0.0,0.040048257371933245,0.2669427027855163,0.12931666871205394
import--joint--socp,import,joint,socp,A,3,0.0,0.3552733435426641,0.03652721730069858,0.0,0.09999999920664353,0.0,0.21874612753325196,0.10958165255230745
import--joint--socp,import,joint,socp,A,4,0.0,0.09000000000000001,0.035772995008709965,0.0,0.0,1.837639842919292e-6,0.21195286790752355,0.10731898574371872
import--joint--socp,import,joint,socp,B,1,0.14999999861948035,0.0,0.0,2.6444054617691106e-8,0.0,0.0,0.2669252830418911,0.21166667817643792
import--joint--socp,import,joint,socp,B,2,0.14999999861283897,0.0,0.0,0.0,0.0,0.0,0.31589542104008284,0.2716679166491717
import--joint--socp,import,joint,socp,B,3,0.15,0.0,0.0,2.3425278938837835e-9,0.0,0.0,0.26494752708391567,0.2133335810739447
import--joint--socp,import,joint,socp,B,4,0.14999999861689173,0.0,0.0,2.6698596805596608e-8,0.0,0.0,0.26693211098539893,0.2116666466398966
import--joint--exact,import,joint,exact,DSO,1,0.029388889042116558,0.0,0.0,0.0,0.0,0.0,0.0,0.0
import--joint--exact,import,joint,exact,DSO,2,0.07938888890357898,0.0,0.0,0.0,0.0,0.0,0.0,0.0
import--joint--exact,import,joint,exact,DSO,3,0.030777777713943532,0.0,0.0,0.0,0.0,0.0,0.0,0.0
import--joint--exact,import,joint,exact,DSO,4,0.029388889071122453,0.0,0.0,0.0,0.0,0.0,0.0,0.0
import--joint--exact,import,joint,exact,A,1,0.0,0.0,0.03577211548825138,0.0,0.0,0.05020211401280176,0.2119459038650261,0.10731634646475294
import--joint--exact,import,joint,exact,A,2,0.0,0.2699999999794147,0.043105448749005744,0.0,0.0,0.04004786442513714,0.2669424156622082,0.12931634646250795
import--joint--exact,import,joint,exact,A,3,0.0,0.35527386819965356,0.03652777709892213,0.0,0.1,0.0,0.21874609111668902,0.10958333129676637
import--joint--exact,import,joint,exact,A,4,0.0,0.089999999979395,0.035772836911570585,0.0,0.0,2.1562061099911498e-8,0.21195240686736921,0.10731851075948244
import--joint--exact,import,joint,exact,B,1,0.14999999905299502,0.0,0.0,9.470049709692232e-10,0.0,0.0,0.26692504215419655,0.21166666661378983
import--joint--exact,import,joint,exact,B,2,0.15,0.0,0.0,0.0,0.0,0.0,0.3158954569147235,0.27166666646880405
import--joint--exact,import,joint,exact,B,3,0.15,0.0,0.0,0.0,0.0,0.0,0.26494744431865846,0.2133333332567323
import--joint--exact,import,joint,exact,B,4,0.14999999901240144,0.0,0.0,9.87598544610613e-10,0.0,0.0,0.2669315778570197,0.21166666661367667
electric_bottleneck--fixed--socp,electric_bottleneck,fixed,socp,DSO,1,0.029388555770272044,0.0,0.0,3.9619512043637e-7,0.0,0.0,0.0,0.0
electric_bottleneck--fixed--socp,electric_bottleneck,fixed,socp,DSO,2,0.09078583350058703,0.0,0.0,2.5456210333130945e-9,0.0,0.0,0.0,0.0
electric_bottleneck--fixed--socp,electric_bottleneck,fixed,socp,DSO,3,0.030777894248730463,0.0,0.0,8.804259418415552e-9,0.0,0.0,0.0,0.0
electric_bottleneck--fixed--socp,electric_bottleneck,fixed,socp,DSO,4,0.02938839523643591,0.0,0.0,4.067733978260562e-7,0.0,0.0,0.0,0.0
electric_bottleneck--fixed--socp,electric_bottleneck,fixed,socp,A,1,0.0,0.0,0.03555591108933901,0.0,0.0,0.06167597885643351,0.20999554293032052,0.10666774323313645
electric_bottleneck--fixed--socp,electric_bottleneck,fixed,socp,A,2,0.0,0.26999999475239667,0.03833054755452926,0.0,0.0,0.03332336563741324,0.26499282364074145,0.12866718554345297
electric_bottleneck--fixed--socp,electric_bottleneck,fixed,socp,A,3,0.0,0.3552696461577421,0.036522942446982946,0.0,0.09999999398055309,0.0,0.21874671464766096,0.10956883211179623
electric_bottleneck--fixed--socp,electric_bottleneck,fixed,socp,A,4,0.0,0.08999999537909313,0.035773324522076655,0.0,0.005262437591576022,0.0,0.21195183281785923,0.1073199823654346
electric_bottleneck--fixed--socp,electric_bottleneck,fixed,socp,B,1,0.14999999296856922,0.0,0.0,1.4913387832507203e-8,0.0,0.0,0.26496994169321547,0.2116666390745546
electric_bottleneck--fixed--socp,electric_bottleneck,fixed,socp,B,2,0.14999999317407542,0.0,0.0,3.118760005472143e-9,0.0,0.0,0.3158955161160324,0.2716674545108892
electric_bottleneck--fixed--socp,electric_bottleneck,fixed,socp,B,3,0.14999999037259004,0.0,0.0,7.860910483322966e-9,0.0,0.0,0.26494749424297803,0.21333347260664332
electric_bottleneck--fixed--socp,electric_bottleneck,fixed,socp,B,4,0.14999998880593848,0.0,0.0,1.8525892037125688e-7,0.0,0.0,0.2669309890616674,0.21166661448227414
electric_bottleneck--fixed--exact,electric_bottleneck,fixed,exact,DSO,1,0.029388888815541043,0.0,0.0,0.0,0.0,0.0,0.0,0.0
electric_bottleneck--fixed--exact,electric_bottleneck,fixed,exact,DSO,2,0.09078682545176243,0.0,0.0,0.0,0.0,0.0,0.0,0.0
electric_bottleneck--fixed--exact,electric_bottleneck,fixed,exact,DSO,3,0.030777777747733857,0.0,0.0,0.0,0.0,0.0,0.0,0.0
electric_bottleneck--fixed--exact,electric_bottleneck,fixed,exact,DSO,4,0.029388888126415373,0.0,0.0,0.0,0.0,0.0,0.0,0.0
electric_bottleneck--fixed--exact,electric_bottleneck,fixed,exact,A,1,0.0,0.0,0.035555555497745465,0.0,0.0,0.06167688388098031,0.20999614012065612,0.10666666652123641
electric_bottleneck--fixed--exact,electric_bottleneck,fixed,exact,A,2,0.0,0.26999999998400004,0.03832971417952444,0.0,0.0,0.033323111674025914,0.2649933975130949,0.12866666652903808
electric_bottleneck--fixed--exact,electric_bottleneck,fixed,exact,A,3,0.0,0.35527386825286145,0.03652777710652895,0.0,0.1,0.0,0.21874609118289262,0.10958333134198685
electric_bottleneck--fixed--exact,electric_bottleneck,fixed,exact,A,4,0.0,0.08999999997939762,0.03577274162732445,0.0,0.005263152990138371,0.0,0.21195154781955872,0.1073182249067453
electric_bottleneck--fixed--exact,electric_bottleneck,fixed,exact,B,1,0.15,0.0,0.0,0.0,0.0,0.0,0.2649706515631236,0.21166666658589062
electric_bottleneck--fixed--exact,electric_bottleneck,fixed,exact,B,2,0.15,0.0,0.0,0.0,0.0,0.0,0.31589548044647303,0.2716666665227885
electric_bottleneck--fixed--exact,electric_bottleneck,fixed,exact,B,3,0.15,0.0,0.0,0.0,0.0,0.0,0.2649474443820039,0.21333333326918175
electric_bottleneck--fixed--exact,electric_bottleneck,fixed,exact,B,4,0.15,0.0,0.0,9.475762078604703e-10,0.0,0.0,0.2669307144883487,0.21166666658578953
electric_bottleneck--electric--socp,electric_bottleneck,electric,socp,DSO,1,0.029388878747123332,0.0,0.0,0.0,0.0,0.0,0.0,0.0
electric_bottleneck--electric--socp,electric_bottleneck,electric,socp,DSO,2,0.0793888852797296,0.0,0.0,0.0,0.0,0.0,0.0,0.0
electric_bottleneck--electric--socp,electric_bottleneck,electric,socp,DSO,3,0.030777789917380165,0.0,0.0,0.0,0.0,0.0,0.0,0.0
electric_bottleneck--electric--socp,electric_bottleneck,electric,socp,DSO,4,0.029388872902508863,0.0,0.0,0.0,0.0,0.0,0.0,0.0
electric_bottleneck--electric--socp,electric_bottleneck,electric,socp,A,1,0.0,0.0,0.035774254806715755,0.0,0.0,0.05017487218601167,0.21196689614429753,0.10732276483962672
electric_bottleneck--electric--socp,electric_bottleneck,electric,socp,A,2,0.0,0.26999999964948423,0.04310758217233533,0.0,0.0,0.04007285786372766,0.26696527573797063,0.1293227501140446
electric_bottleneck--electric--socp,electric_bottleneck,electric,socp,A,3,0.0,0.3552707831919238,0.03652252267077801,0.0,0.09999999952931103,0.0,0.2187482612630422,0.10956756838886077
electric_bottleneck--electric--socp,electric_bottleneck,electric,socp,A,4,0.0,0.08999999965082497,0.03577492737989878,0.0,0.0,2.2695254683374974e-6,0.21197285821465248,0.10732478255978475
electric_bottleneck--electric--socp,electric_bottleneck,electric,socp,B,1,0.14999999941121017,0.0,0.0,1.9881746791823522e-8,0.0,0.0,0.2669587640379596,0.21166667225817187
electric_bottleneck--electric--socp,electric_bottleneck,electric,socp,B,2,0.1499999994200935,0.0,0.0,2.172485156521938e-10,0.0,0.0,0.31589866790325316,0.2716666582491246
electric_bottleneck--electric--socp,electric_bottleneck,electric,socp,B,3,0.14999999941338268,0.0,0.0,6.394318157925086e-10,0.0,0.0,0.2649492937845509,0.21333334804290016
electric_bottleneck--electric--socp,electric_bottleneck,electric,socp,B,4,0.1499999994096038,0.0,0.0,1.9929687983255562e-8,0.0,0.0,0.26695876623754144,0.21166666528792805
electric_bottleneck--electric--exact,electric_bottleneck,electric,exact,DSO,1,0.029388887895178285,0.0,0.0,0.0,0.0,0.0,0.0,0.0
electric_bottleneck--electric--exact,electric_bottleneck,electric,exact,DSO,2,0.07938888882056536,0.0,0.0,0.0,0.0,0.0,0.0,0.0
electric_bottleneck--electric--exact,electric_bottleneck,electric,exact,DSO,3,0.030777777783584134,0.0,0.0,0.0,0.0,0.0,0.0,0.0
electric_bottleneck--electric--exact,electric_bottleneck,electric,exact,DSO,4,0.029388887898776292,0.0,0.0,0.0,0.0,0.0,0.0,0.0
electric_bottleneck--electric--exact,electric_bottleneck,electric,exact,A,1,0.0,0.0,0.035774241107958155,0.0,0.0,0.05017722792876153,0.2119667944363301,0.10732272332387441
electric_bottleneck--electric--exact,electric_bottleneck,electric,exact,A,2,0.0,0.27,0.043107574418652594,0.0,0.0,0.04007275036024051,0.26696517596504554,0.12932272331983324
electric_bottleneck--electric--exact,electric_bottleneck,electric,exact,A,3,0.0,0.3552760241584777,0.036527777102020535,0.0,0.1,0.0,0.21874824706869267,0.10958333130606158
electric_bottleneck--electric--exact,electric_bottleneck,electric,exact,A,4,0.0,0.09000000000000001,0.03577495718265865,0.0,0.0,2.1710997971657875e-8,0.2119732447333969,0.10732487154797593
electric_bottleneck--electric--exact,electric_bottleneck,electric,exact,B,1,0.15,0.0,0.0,1.1905280927759776e-9,0.0,0.0,0.26695874601234343,0.21166666660521602
electric_bottleneck--electric--exact,electric_bottleneck,electric,exact,B,2,0.15,0.0,0.0,0.0,0.0,0.0,0.31589865933510614,0.27166666646439297
electric_bottleneck--electric--exact,electric_bottleneck,electric,exact,B,3,0.15,0.0,0.0,0.0,0.0,0.0,0.2649492841814311,0.2133333332535375
electric_bottleneck--electric--exact,electric_bottleneck,electric,exact,B,4,0.15,0.0,0.0,1.1905014474233866e-9,0.0,0.0,0.26695874601290026,0.2116666666095081
electric_bottleneck--heat--socp,electric_bottleneck,heat,socp,DSO,1,0.029388563332241498,0.0,0.0,4.164237763851502e-9,0.0,0.0,0.0,0.0
electric_bottleneck--heat--socp,electric_bottleneck,heat,socp,DSO,2,0.09078860173565508,0.0,0.0,3.220013140527286e-11,0.0,0.0,0.0,0.0
electric_bottleneck--heat--socp,electric_bottleneck,heat,socp,DSO,3,0.030778342801766476,0.0,0.0,9.512953190249601e-11,0.0,0.0,0.0,0.0
electric_bottleneck--heat--socp,electric_bottleneck,heat,socp,DSO,4,0.029388748435935315,0.0,0.0,4.162626527802881e-9,0.0,0.0,0.0,0.0
electric_bottleneck--heat--socp,electric_bottleneck,heat,socp,A,1,0.0,0.0,0.03555524411385183,0.0,0.0,0.061677655697105524,0.20999661887863863,0.10666573241140032
electric_bottleneck--heat--socp,electric_bottleneck,heat,socp,A,2,0.0,0.2699999999601878,0.03832849167527548,0.0,0.0,0.03332232739439256,0.26499383576615837,0.12866591371718167
electric_bottleneck--heat--socp,electric_bottleneck,heat,socp,A,3,0.0,0.35527488193702556,0.03652875318139938,0.0,0.09999999994882727,0.0,0.21874612884639547,0.10958625959159059
electric_bottleneck--heat--socp,electric_bottleneck,heat,socp,A,4,0.0,0.08999999994869715,0.03577272296935047,0.0,0.005263139210726731,0.0,0.21195099798303274,0.10731816896953411
electric_bottleneck--heat--socp,electric_bottleneck,heat,socp,B,1,0.1499999999425962,0.0,0.0,1.6370326672541948e-10,0.0,0.0,0.2649712533860656,0.2116662799715454
electric_bottleneck--heat--socp,electric_bottleneck,heat,socp,B,2,0.14999999991472523,0.0,0.0,3.192321943558272e-11,0.0,0.0,0.31589540142382994,0.271665883350015
electric_bottleneck--heat--socp,electric_bottleneck,heat,socp,B,3,0.1499999999135856,0.0,0.0,9.3851843004918e-11,0.0,0.0,0.2649472048694622,0.2133340113905661
electric_bottleneck--heat--socp,electric_bottleneck,heat,socp,B,4,0.14999999991414745,0.0,0.0,2.322126460128857e-9,0.0,0.0,0.2669301337776212,0.21166650411918725
electric_bottleneck--heat--exact,electric_bottleneck,heat,exact,DSO,1,0.02938888881991387,0.0,0.0,0.0,0.0,0.0,0.0,0.0
electric_bottleneck--heat--exact,electric_bottleneck,heat,exact,DSO,2,0.09078682545307352,0.0,0.0,0.0,0.0,0.0,0.0,0.0
electric_bottleneck--heat--exact,electric_bottleneck,heat,exact,DSO,3,0.03077777774773384,0.0,0.0,0.0,0.0,0.0,0.0,0.0
electric_bottleneck--heat--exact,electric_bottleneck,heat,exact,DSO,4,0.02938888813368663,0.0,0.0,0.0,0.0,0.0,0.0,0.0
electric_bottleneck--heat--exact,electric_bottleneck,heat,exact,A,1,0.0,0.0,0.0355555554982699,0.0,0.0,0.06167688388150473,0.2099961401206561,0.10666666652280972
electric_bottleneck--heat--exact,electric_bottleneck,heat,exact,A,2,0.0,0.26999999998400004,0.03832971417899997,0.0,0.0,0.03332311167350149,0.264993397513095,0.12866666652903808
electric_bottleneck--heat--exact,electric_bottleneck,heat,exact,A,3,0.0,0.35527386825286145,0.03652777710652895,0.0,0.1,0.0,0.2187460911828926,0.10958333134198685
electric_bottleneck--heat--exact,electric_bottleneck,heat,exact,A,4,0.0,0.08999999997939762,0.0357727416278317,0.0,0.005263152990138379,0.0,0.21195154781955863,0.10731822490826703
electric_bottleneck--heat--exact,electric_bottleneck,heat,exact,B,1,0.15,0.0,0.0,0.0,0.0,0.0,0.2649706515631236,0.21166666659113803
electric_bottleneck--heat--exact,electric_bottleneck,heat,exact,B,2,0.15,0.0,0.0,0.0,0.0,0.0,0.3158954804464778,0.2716666665227885
electric_bottleneck--heat--exact,electric_bottleneck,heat,exact,B,3,0.15,0.0,0.0,0.0,0.0,0.0,0.2649474443820039,0.21333333326918175
electric_bottleneck--heat--exact,electric_bottleneck,heat,exact,B,4,0.15,0.0,0.0,9.475761546986363e-10,0.0,0.0,0.2669307144883486,0.21166666659451502
electric_bottleneck--joint--socp,electric_bottleneck,joint,socp,DSO,1,0.029388890027049003,0.0,0.0,1.0195910757087483e-9,0.0,0.0,0.0,0.0
electric_bottleneck--joint--socp,electric_bottleneck,joint,socp,DSO,2,0.07939053709456008,0.0,0.0,0.0,0.0,0.0,0.0,0.0
electric_bottleneck--joint--socp,electric_bottleneck,joint,socp,DSO,3,0.030777781500840554,0.0,0.0,0.0,0.0,0.0,0.0,0.0
electric_bottleneck--joint--socp,electric_bottleneck,joint,socp,DSO,4,0.029388888852375374,0.0,0.0,0.0,0.0,0.0,0.0,0.0
electric_bottleneck--joint--socp,electric_bottleneck,joint,socp,A,1,0.0,0.0,0.035774233697955356,0.0,0.0,0.05017727095266512,0.2119667764966316,0.10732270109386602
electric_bottleneck--joint--socp,electric_bottleneck,joint,socp,A,2,0.0,0.269999999986629,0.04310757102943738,0.0,0.0,0.04007272909427425,0.26696515805850213,0.12932271320493674
electric_bottleneck--joint--socp,electric_bottleneck,joint,socp,A,3,0.0,0.35527584344941315,0.036527860402533106,0.0,0.1,0.0,0.2187479830468798,0.10958358120759927
electric_bottleneck--joint--socp,electric_bottleneck,joint,socp,A,4,0.0,0.08999999998662632,0.03577494292686178,0.0,0.0,0.0,0.21197322714137612,0.10732482879667718
electric_bottleneck--joint--socp,electric_bottleneck,joint,socp,B,1,0.15,0.0,0.0,7.386516120977409e-10,0.0,0.0,0.26695873759164135,0.21166666970279005
electric_bottleneck--joint--socp,electric_bottleneck,joint,socp,B,2,0.15,0.0,0.0,0.0,0.0,0.0,0.31589866115248844,0.27166864436324895
electric_bottleneck--joint--socp,electric_bottleneck,joint,socp,B,3,0.15,0.0,0.0,0.0,0.0,0.0,0.2649492847548,0.21333333779319982
electric_bottleneck--joint--socp,electric_bottleneck,joint,socp,B,4,0.1499999992618335,0.0,0.0,7.381664914735133e-10,0.0,0.0,0.26695873822858845,0.21166666642221704
electric_bottleneck--joint--exact,electric_bottleneck,joint,exact,DSO,1,0.029388887952547633,0.0,0.0,0.0,0.0,0.0,0.0,0.0
electric_bottleneck--joint--exact,electric_bottleneck,joint,exact,DSO,2,0.07938888883414737,0.0,0.0,0.0,0.0,0.0,0.0,0.0
electric_bottleneck--joint--exact,electric_bottleneck,joint,exact,DSO,3,0.030777777736837018,0.0,0.0,0.0,0.0,0.0,0.0,0.0
electric_bottleneck--joint--exact,electric_bottleneck,joint,exact,DSO,4,0.02938888797680945,0.0,0.0,0.0,0.0,0.0,0.0,0.0
electric_bottleneck--joint--exact,electric_bottleneck,joint,exact,A,1,0.0,0.0,0.03577424111502872,0.0,0.0,0.050177227890500636,0.21196679445595737,0.10732272334508615
electric_bottleneck--joint--exact,electric_bottleneck,joint,exact,A,2,0.0,0.27,0.043107574425768125,0.0,0.0,0.04007275039848711,0.26696517599617686,0.12932272334118028
electric_bottleneck--joint--exact,electric_bottleneck,joint,exact,A,3,0.0,0.3552760240870789,0.03652777709576348,0.0,0.1,0.0,0.21874824700731563,0.10958333131538939
electric_bottleneck--joint--exact,electric_bottleneck,joint,exact,A,4,0.0,0.09000000000000001,0.03577495718827862,0.0,0.0,2.171101225190153e-8,0.21197324474795848,0.10732487156483583
electric_bottleneck--joint--exact,electric_bottleneck,joint,exact,B,1,0.15,0.0,0.0,1.1558290901898857e-9,0.0,0.0,0.26695874602365754,0.21166666659948896
electric_bottleneck--joint--exact,electric_bottleneck,joint,exact,B,2,0.15,0.0,0.0,0.0,0.0,0.0,0.31589865932973527,0.2716666664806924
electric_bottleneck--joint--exact,electric_bottleneck,joint,exact,B,3,0.15,0.0,0.0,0.0,0.0,0.0,0.2649492841824712,0.21333333325610532
electric_bottleneck--joint--exact,electric_bottleneck,joint,exact,B,4,0.15,0.0,0.0,1.1558291298387004e-9,0.0,0.0,0.266958746035592,0.21166666660385935
heat_bottleneck--fixed--socp,heat_bottleneck,fixed,socp,DSO,1,0.029387876082692086,0.0,0.0,1.00727955445481e-6,0.0,0.0,0.0,0.0
heat_bottleneck--fixed--socp,heat_bottleneck,fixed,socp,DSO,2,0.07938873313529353,0.0,0.0,2.2954418621466686e-9,0.0,0.0,0.0,0.0
heat_bottleneck--fixed--socp,heat_bottleneck,fixed,socp,DSO,3,0.030777518325329357,0.0,0.0,6.8232005084261054e-9,0.0,0.0,0.0,0.0
heat_bottleneck--fixed--socp,heat_bottleneck,fixed,socp,DSO,4,0.02938789373857992,0.0,0.0,1.0576795140817862e-6,0.0,0.0,0.0,0.0
heat_bottleneck--fixed--socp,heat_bottleneck,fixed,socp,A,1,0.0,0.0,0.03577208493898766,0.0,0.0,0.05019749162937301,0.21194551032045583,0.10731625904384447
heat_bottleneck--fixed--socp,heat_bottleneck,fixed,socp,A,2,0.0,0.2699999962318429,0.04310541442774882,0.0,0.0,0.04004749176110524,0.2669420777847466,0.12931630172197095
heat_bottleneck--fixed--socp,heat_bottleneck,fixed,socp,A,3,0.0,0.3552996382989999,0.03652649868423003,0.0,0.09999999535497978,0.0,0.21877314702276435,0.10957950035896939
heat_bottleneck--fixed--socp,heat_bottleneck,fixed,socp,A,4,0.0,0.08999999619373104,0.035772808237263205,0.0,0.0,5.012417391614759e-6,0.21195192456947853,0.10731842939404468
heat_bottleneck--fixed--socp,heat_bottleneck,fixed,socp,B,1,0.14999999346988888,0.0,0.0,2.3641336090590359e-7,0.0,0.0,0.2669247809368874,0.21166662074449202
heat_bottleneck--fixed--socp,heat_bottleneck,fixed,socp,B,2,0.14999999343625,0.0,0.0,2.344462772329339e-9,0.0,0.0,0.3158953923678801,0.27166641785503703
heat_bottleneck--fixed--socp,heat_bottleneck,fixed,socp,B,3,0.14999999329157032,0.0,0.0,7.896861413098491e-9,0.0,0.0,0.2649472332648648,0.21333302361804748
heat_bottleneck--fixed--socp,heat_bottleneck,fixed,socp,B,4,0.14999999307820575,0.0,0.0,1.5667572858672888e-7,0.0,0.0,0.26693152510335355,0.21166661313541363
heat_bottleneck--fixed--exact,heat_bottleneck,fixed,exact,DSO,1,0.029388888114554187,0.0,0.0,0.0,0.0,0.0,0.0,0.0
heat_bottleneck--fixed--exact,heat_bottleneck,fixed,exact,DSO,2,0.07938888890290216,0.0,0.0,0.0,0.0,0.0,0.0,0.0
heat_bottleneck--fixed--exact,heat_bottleneck,fixed,exact,DSO,3,0.030777777816668943,0.0,0.0,0.0,0.0,0.0,0.0,0.0
heat_bottleneck--fixed--exact,heat_bottleneck,fixed,exact,DSO,4,0.02938888806191621,0.0,0.0,0.0,0.0,0.0,0.0,0.0
heat_bottleneck--fixed--exact,heat_bottleneck,fixed,exact,A,1,0.0,0.0,0.03577211557903699,0.0,0.0,0.05020211360964681,0.21194590388949894,0.10731634673711099
heat_bottleneck--fixed--exact,heat_bottleneck,fixed,exact,A,2,0.0,0.27,0.04310544891247316,0.0,0.0,0.040047864840299305,0.2669424159278262,0.12931634673741949
heat_bottleneck--fixed--exact,heat_bottleneck,fixed,exact,A,3,0.0,0.35527386857098053,0.03652777721259155,0.0,0.1,0.0,0.21874609135838893,0.10958333163777466
heat_bottleneck--fixed--exact,heat_bottleneck,fixed,exact,A,4,0.0,0.09000000000000001,0.035772837008911,0.0,0.0,2.155005389696714e-8,0.21195240684374733,0.107318511026733
heat_bottleneck--fixed--exact,heat_bottleneck,fixed,exact,B,1,0.15,0.0,0.0,9.210981144480712e-10,0.0,0.0,0.2669250422676056,0.21166666661250824
heat_bottleneck--fixed--exact,heat_bottleneck,fixed,exact,B,2,0.15,0.0,0.0,0.0,0.0,0.0,0.31589545691526144,0.2716666666834826
heat_bottleneck--fixed--exact,heat_bottleneck,fixed,exact,B,3,0.15,0.0,0.0,0.0,0.0,0.0,0.26494744444726415,0.21333333338000274
heat_bottleneck--fixed--exact,heat_bottleneck,fixed,exact,B,4,0.15,0.0,0.0,9.87588194626939e-10,0.0,0.0,0.2669315779974888,0.21166666661250824
heat_bottleneck--electric--socp,heat_bottleneck,electric,socp,DSO,1,0.029388781989883702,0.0,0.0,2.525715150204999e-7,0.0,0.0,0.0,0.0
heat_bottleneck--electric--socp,heat_bottleneck,electric,socp,DSO,2,0.07938913903215339,0.0,0.0,2.1149484897213755e-9,0.0,0.0,0.0,0.0
heat_bottleneck--electric--socp,heat_bottleneck,electric,socp,DSO,3,0.03077803501371569,0.0,0.0,1.198347848129624e-8,0.0,0.0,0.0,0.0
heat_bottleneck--electric--socp,heat_bottleneck,electric,socp,DSO,4,0.029388812730365064,0.0,0.0,2.5722379837761744e-7,0.0,0.0,0.0,0.0
heat_bottleneck--electric--socp,heat_bottleneck,electric,socp,A,1,0.0,0.0,0.03577212444496057,0.0,0.0,0.05018773324343841,0.211946119158751,0.1073163803016138
heat_bottleneck--electric--socp,heat_bottleneck,electric,socp,A,2,0.0,0.2699999949251447,0.04310551624195516,0.0,0.0,0.04004808679499089,0.2669425721300277,0.12931659283845984
heat_bottleneck--electric--socp,heat_bottleneck,electric,socp,A,3,0.0,0.35527410341174653,0.03652608069867453,0.0,0.09999999396726084,0.0,0.21874803187455857,0.10957824944968839
heat_bottleneck--electric--socp,heat_bottleneck,electric,socp,A,4,0.0,0.08999999473390695,0.03577333298815007,0.0,0.0,1.4174517023974242e-5,0.21195256509782281,0.10732000720460083
heat_bottleneck--electric--socp,heat_bottleneck,electric,socp,B,1,0.14999998733496614,0.0,0.0,1.3786568543637265e-7,0.0,0.0,0.26692527363375695,0.21166688713844814
heat_bottleneck--electric--socp,heat_bottleneck,electric,socp,B,2,0.1499999887500571,0.0,0.0,3.6034379690449525e-9,0.0,0.0,0.31589545902246113,0.2716669146585266
heat_bottleneck--electric--socp,heat_bottleneck,electric,socp,B,3,0.14999998555389796,0.0,0.0,1.0980803734235275e-8,0.0,0.0,0.26494758183913386,0.21333363914354042
heat_bottleneck--electric--socp,heat_bottleneck,electric,socp,B,4,0.1499999868504718,0.0,0.0,1.0280995186660988e-7,0.0,0.0,0.2669317423157741,0.2116668932889095
heat_bottleneck--electric--exact,heat_bottleneck,electric,exact,DSO,1,0.02938888684523127,0.0,0.0,1.6799999393572283e-9,0.0,0.0,0.0,0.0
heat_bottleneck--electric--exact,heat_bottleneck,electric,exact,DSO,2,0.0793888889140261,0.0,0.0,0.0,0.0,0.0,0.0,0.0
heat_bottleneck--electric--exact,heat_bottleneck,electric,exact,DSO,3,0.030777777704850684,0.0,0.0,0.0,0.0,0.0,0.0,0.0
heat_bottleneck--electric--exact,heat_bottleneck,electric,exact,DSO,4,0.02938888681280299,0.0,0.0,1.6799999422272695e-9,0.0,0.0,0.0,0.0
heat_bottleneck--electric--exact,heat_bottleneck,electric,exact,A,1,0.0,0.0,0.03577211548035027,0.0,0.0,0.05020213563576775,0.21194590386820386,0.10731634646583098
heat_bottleneck--electric--exact,heat_bottleneck,electric,exact,A,2,0.0,0.2699999999794147,0.04310544874933679,0.0,0.0,0.04004786441233152,0.26694241566575805,0.1293163464635011
heat_bottleneck--electric--exact,heat_bottleneck,electric,exact,A,3,0.0,0.35527386816508466,0.036527777092450996,0.0,0.1,0.0,0.21874609111623344,0.10958333129975299
heat_bottleneck--electric--exact,heat_bottleneck,electric,exact,A,4,0.0,0.089999999979395,0.03577283691218418,0.0,0.0,0.0,0.2119524068638238,0.10731851076132322
heat_bottleneck--electric--exact,heat_bottleneck,electric,exact,B,1,0.15,0.0,0.0,9.126082425475931e-10,0.0,0.0,0.2669250421570025,0.21166666661119823
heat_bottleneck--electric--exact,heat_bottleneck,electric,exact,B,2,0.15,0.0,0.0,0.0,0.0,0.0,0.315895456914119,0.27166666646475596
heat_bottleneck--electric--exact,heat_bottleneck,electric,exact,B,3,0.15,0.0,0.0,0.0,0.0,0.0,0.26494744431820405,0.2133333332539947
heat_bottleneck--electric--exact,heat_bottleneck,electric,exact,B,4,0.15,0.0,0.0,9.531352092358915e-10,0.0,0.0,0.2669315778548395,0.21166666661072814
heat_bottleneck--heat--socp,heat_bottleneck,heat,socp,DSO,1,0.02938882796396102,0.0,0.0,4.5404336823789915e-8,0.0,0.0,0.0,0.0
heat_bottleneck--heat--socp,heat_bottleneck,heat,socp,DSO,2,0.07938890337135028,0.0,0.0,3.492687677052071e-10,0.0,0.0,0.0,0.0
heat_bottleneck--heat--socp,heat_bottleneck,heat,socp,DSO,3,0.030777777043285288,0.0,0.0,1.0319322926043027e-9,0.0,0.0,0.0,0.0
heat_bottleneck--heat--socp,heat_bottleneck,heat,socp,DSO,4,0.029388826131662805,0.0,0.0,4.540436143920894e-8,0.0,0.0,0.0,0.0
heat_bottleneck--heat--socp,heat_bottleneck,heat,socp,A,1,0.0,0.0,0.03577210280533091,0.0,0.0,0.05020157217526584,0.21194588266399822,0.10731630908572197
heat_bottleneck--heat--socp,heat_bottleneck,heat,socp,A,2,0.0,0.26999999944364245,0.04310544367568965,0.0,0.0,0.04004783526785891,0.26694239166713,0.1293163368511309
heat_bottleneck--heat--socp,heat_bottleneck,heat,socp,A,3,0.0,0.3552751635326853,0.03652916272390984,0.0,0.09999999925291397,0.0,0.2187460019871476,0.10958748877700748
heat_bottleneck--heat--socp,heat_bottleneck,heat,socp,A,4,0.0,0.08999999944311829,0.035772837782454964,0.0,0.0,5.918826315541243e-7,0.21195240869127024,0.10731851401683948
heat_bottleneck--heat--socp,heat_bottleneck,heat,socp,B,1,0.1499999990703395,0.0,0.0,2.4667065666470897e-8,0.0,0.0,0.2669247674907655,0.2116666583392465
heat_bottleneck--heat--socp,heat_bottleneck,heat,socp,B,2,0.14999999907595873,0.0,0.0,3.462398704506706e-10,0.0,0.0,0.3158954024338327,0.27166667777344167
heat_bottleneck--heat--socp,heat_bottleneck,heat,socp,B,3,0.14999999906493477,0.0,0.0,1.0190015797546068e-9,0.0,0.0,0.26494743968638335,0.2133333326728246
heat_bottleneck--heat--socp,heat_bottleneck,heat,socp,B,4,0.14999999906886718,0.0,0.0,2.5750574504180976e-8,0.0,0.0,0.2669315823165141,0.2116666571685549
heat_bottleneck--heat--exact,heat_bottleneck,heat,exact,DSO,1,0.029388887995594016,0.0,0.0,0.0,0.0,0.0,0.0,0.0
heat_bottleneck--heat--exact,heat_bottleneck,heat,exact,DSO,2,0.07938888891357006,0.0,0.0,0.0,0.0,0.0,0.0,0.0
heat_bottleneck--heat--exact,heat_bottleneck,heat,exact,DSO,3,0.03077777765411073,0.0,0.0,0.0,0.0,0.0,0.0,0.0
heat_bottleneck--heat--exact,heat_bottleneck,heat,exact,DSO,4,0.029388888060152184,0.0,0.0,0.0,0.0,0.0,0.0,0.0
heat_bottleneck--heat--exact,heat_bottleneck,heat,exact,A,1,0.0,0.0,0.03577211553770427,0.0,0.0,0.05020211406181243,0.2119459038646145,0.10731634646425377
heat_bottleneck--heat--exact,heat_bottleneck,heat,exact,A,2,0.0,0.2700000000000005,0.04310544874876046,0.0,0.0,0.040047864388473534,0.2669424156630622,0.12931634646177206
heat_bottleneck--heat--exact,heat_bottleneck,heat,exact,A,3,0.0,0.3552738682160171,0.03652777709888304,0.0,0.1,0.0,0.21874609111713372,0.10958333129664907
heat_bottleneck--heat--exact,heat_bottleneck,heat,exact,A,4,0.0,0.09,0.035772836919732605,0.0,0.0,2.1549714054880376e-8,0.21195240686676753,0.10731851075919775
heat_bottleneck--heat--exact,heat_bottleneck,heat,exact,B,1,0.15,0.0,0.0,9.126082232060243e-10,0.0,0.0,0.2669250421536448,0.2116666666105497
heat_bottleneck--heat--exact,heat_bottleneck,heat,exact,B,2,0.15,0.0,0.0,0.0,0.0,0.0,0.3158954569222182,0.2716666664642087
heat_bottleneck--heat--exact,heat_bottleneck,heat,exact,B,3,0.15,0.0,0.0,0.0,0.0,0.0,0.26494744432378253,0.21333333325361942
heat_bottleneck--heat--exact,heat_bottleneck,heat,exact,B,4,0.15,0.0,0.0,9.875889828148132e-10,0.0,0.0,0.2669315778564361,0.2116666666103922
heat_bottleneck--joint--socp,heat_bottleneck,joint,socp,DSO,1,0.029388441193675258,0.0,0.0,4.399120020234742e-7,0.0,0.0,0.0,0.0
heat_bottleneck--joint--socp,heat_bottleneck,joint,socp,DSO,2,0.07938897914139813,0.0,0.0,2.052099482693548e-9,0.0,0.0,0.0,0.0
heat_bottleneck--joint--socp,heat_bottleneck,joint,socp,DSO,3,0.03077770128947205,0.0,0.0,1.8182542308827515e-8,0.0,0.0,0.0,0.0
heat_bottleneck--joint--socp,heat_bottleneck,joint,socp,DSO,4,0.029388403396027732,0.0,0.0,4.5111144088522207e-7,0.0,0.0,0.0,0.0
heat_bottleneck--joint--socp,heat_bottleneck,joint,socp,A,1,0.0,0.0,0.03577212997247099,0.0,0.0,0.050198032740560845,0.21194618319290695,0.1073164025510352
heat_bottleneck--joint--socp,heat_bottleneck,joint,socp,A,2,0.0,0.26999999112679424,0.04310557990662438,0.0,0.0,0.04004827584245929,0.2669426971005022,0.12931680225347528
heat_bottleneck--joint--socp,heat_bottleneck,joint,socp,A,3,0.0,0.3552705924321584,0.036528844692782024,0.0,0.09999999129311879,0.0,0.2187417647819752,0.10958654728634686
heat_bottleneck--joint--socp,heat_bottleneck,joint,socp,A,4,0.0,0.08999999615103738,0.035772417238548446,0.0,0.0,3.685525503170089e-6,0.2119518134086661,0.1073172660744618
heat_bottleneck--joint--socp,heat_bottleneck,joint,socp,B,1,0.14999996676763017,0.0,0.0,1.6338652547133342e-7,0.0,0.0,0.26692541153509425,0.2116666450838045
heat_bottleneck--joint--socp,heat_bottleneck,joint,socp,B,2,0.14999997816237703,0.0,0.0,5.628089764872374e-9,0.0,0.0,0.31589692209539727,0.27166668963632096
heat_bottleneck--joint--socp,heat_bottleneck,joint,socp,B,3,0.14999997147334704,0.0,0.0,1.716729208262605e-8,0.0,0.0,0.26494816103573327,0.21333322379918906
heat_bottleneck--joint--socp,heat_bottleneck,joint,socp,B,4,0.14999996322881842,0.0,0.0,2.102012540670973e-7,0.0,0.0,0.2669313806391671,0.21166664886965084
heat_bottleneck--joint--exact,heat_bottleneck,joint,exact,DSO,1,0.029388889039711607,0.0,0.0,0.0,0.0,0.0,0.0,0.0
heat_bottleneck--joint--exact,heat_bottleneck,joint,exact,DSO,2,0.07938888877588927,0.0,0.0,0.0,0.0,0.0,0.0,0.0
heat_bottleneck--joint--exact,heat_bottleneck,joint,exact,DSO,3,0.030777777711610374,0.0,0.0,0.0,0.0,0.0,0.0,0.0
heat_bottleneck--joint--exact,heat_bottleneck,joint,exact,DSO,4,0.029388889048058357,0.0,0.0,0.0,0.0,0.0,0.0,0.0
heat_bottleneck--joint--exact,heat_bottleneck,joint,exact,A,1,0.0,0.0,0.035772115488214185,0.0,0.0,0.05020211401287484,0.21194590386502443,0.10731634646464158
heat_bottleneck--joint--exact,heat_bottleneck,joint,exact,A,2,0.0,0.27,0.04310544879857131,0.0,0.0,0.04004786443741016,0.26694241566218757,0.12931634646235457
heat_bottleneck--joint--exact,heat_bottleneck,joint,exact,A,3,0.0,0.3552738681996127,0.03652777709889579,0.0,0.1,0.0,0.21874609111667465,0.10958333129668735
heat_bottleneck--joint--exact,heat_bottleneck,joint,exact,A,4,0.0,0.09,0.03577283691978836,0.0,0.0,2.1549715019386628e-8,0.2119524068673515,0.10731851075936502
heat_bottleneck--joint--exact,heat_bottleneck,joint,exact,B,1,0.14999999905299438,0.0,0.0,9.470056232252502e-10,0.0,0.0,0.2669250421542177,0.21166666661090358
heat_bottleneck--joint--exact,heat_bottleneck,joint,exact,B,2,0.15,0.0,0.0,0.0,0.0,0.0,0.31589545691473403,0.27166666646442644
heat_bottleneck--joint--exact,heat_bottleneck,joint,exact,B,3,0.15,0.0,0.0,0.0,0.0,0.0,0.26494744431863076,0.21333333325393253
heat_bottleneck--joint--exact,heat_bottleneck,joint,exact,B,4,0.14999999901241035,0.0,0.0,9.87589659356969e-10,0.0,0.0,0.2669315778570244,0.2116666666107727
oracle--joint--socp,oracle,joint,socp,DSO,1,0.02938429649666344,0.0,0.0,1.319739027504436e-7,0.0,0.0,0.0,0.0
oracle--joint--socp,oracle,joint,socp,A,1,0.0,0.0,0.03577464418068717,0.0,0.0,0.0,0.21193721432920945,0.10732393441871789
oracle--joint--socp,oracle,joint,socp,B,1,0.14999999728643526,0.0,0.0,7.600326623049088e-8,0.0,0.0,0.2669169274961474,0.21166134824135358
oracle--joint--exact,oracle,joint,exact,DSO,1,0.029388886881082064,0.0,0.0,1.6817797003313874e-9,0.0,0.0,0.0,0.0
oracle--joint--exact,oracle,joint,exact,A,1,0.0,0.0,0.03577120293578982,0.0,0.0,0.0,0.21193767668922056,0.10731360883215396
oracle--joint--exact,oracle,joint,exact,B,1,0.15,0.0,0.0,8.682428874069937e-10,0.0,0.0,0.2669167735614921,0.21166666661385178
