record_id,run_id,scenario,nominal,z,cost_USD,cost_worst,risk_worst,comfort_excess_K
competitive_hard_zero-sos1,r5-strategic-db21a41d-7d57-4f76-8ddb-95187c41628d,none,0.5,0.0,8.060000000000006,0.5,0.5,0.0
competitive_hard_zero-sos1,r5-strategic-db21a41d-7d57-4f76-8ddb-95187c41628d,up,0.25,0.0,12.060000000000004,0.25,0.25,0.0
competitive_hard_zero-sos1,r5-strategic-db21a41d-7d57-4f76-8ddb-95187c41628d,down,0.25,0.0,4.9600000000000035,0.25,0.25,0.0
competitive_hard_zero-branch,r5-strategic-09c293ea-1ec0-490a-b058-bf63f33fb228,none,0.5,0.0,8.060000000000006,0.5,0.5,0.0
competitive_hard_zero-branch,r5-strategic-09c293ea-1ec0-490a-b058-bf63f33fb228,up,0.25,0.0,12.060000000000004,0.25,0.25,0.0
competitive_hard_zero-branch,r5-strategic-09c293ea-1ec0-490a-b058-bf63f33fb228,down,0.25,0.0,4.9600000000000035,0.25,0.25,0.0
competitive_quarter-sos1,r5-strategic-1958dce7-9460-4c76-a23b-d6c4080947af,none,0.5,0.0,2.0150000000000015,0.5,0.5,0.0
competitive_quarter-sos1,r5-strategic-1958dce7-9460-4c76-a23b-d6c4080947af,up,0.25,0.0,3.015000000000001,0.25,0.25,0.0
competitive_quarter-sos1,r5-strategic-1958dce7-9460-4c76-a23b-d6c4080947af,down,0.25,0.0,1.2400000000000009,0.25,0.25,0.0
competitive_quarter-branch,r5-strategic-24c3949a-814b-4742-92eb-c5b7fb9d30fc,none,0.5,0.0,2.0150000000000015,0.5,0.5,0.0
competitive_quarter-branch,r5-strategic-24c3949a-814b-4742-92eb-c5b7fb9d30fc,up,0.25,0.0,3.015000000000001,0.25,0.25,0.0
competitive_quarter-branch,r5-strategic-24c3949a-814b-4742-92eb-c5b7fb9d30fc,down,0.25,0.0,1.2400000000000009,0.25,0.25,0.0
competitive_thermal_e030_r005-sos1,r5-strategic-34589db1-3375-4776-b049-46aeb980c9c0,none,0.5,0.0,8.059999999999919,0.5,0.45,0.0
competitive_thermal_e030_r005-sos1,r5-strategic-34589db1-3375-4776-b049-46aeb980c9c0,up,0.25,0.0,12.059999999999862,0.3,0.25,0.0
competitive_thermal_e030_r005-sos1,r5-strategic-34589db1-3375-4776-b049-46aeb980c9c0,down,0.25,1.0,5.982399999999927,0.2,0.3,1.0
competitive_thermal_e030_r005-branch,r5-strategic-b5b1ec21-fb7a-41e7-8010-f92ab4031bf8,none,0.5,0.0,8.059999999999889,0.5,0.45,0.0
competitive_thermal_e030_r005-branch,r5-strategic-b5b1ec21-fb7a-41e7-8010-f92ab4031bf8,up,0.25,0.0,12.059999999999887,0.3,0.25,0.0
competitive_thermal_e030_r005-branch,r5-strategic-b5b1ec21-fb7a-41e7-8010-f92ab4031bf8,down,0.25,1.0,5.982399999999931,0.2,0.3,1.0
competitive_future_e030_r005-sos1,r5-strategic-4ae82280-25a1-4acd-a245-7b59575cdf2a,none,0.5,0.0,7.787429607667307,0.45,0.45,0.0
competitive_future_e030_r005-sos1,r5-strategic-4ae82280-25a1-4acd-a245-7b59575cdf2a,up,0.25,0.0,16.57906421978771,0.25,0.25,0.0
competitive_future_e030_r005-sos1,r5-strategic-4ae82280-25a1-4acd-a245-7b59575cdf2a,down,0.25,1.0,36.0,0.3,0.3,1.0
competitive_future_e030_r005-branch,r5-strategic-c70fe844-6f7b-43d1-a6d3-4e2dfe04c1bb,none,0.5,0.0,7.787429607667303,0.45,0.45,0.0
competitive_future_e030_r005-branch,r5-strategic-c70fe844-6f7b-43d1-a6d3-4e2dfe04c1bb,up,0.25,0.0,16.579064219787888,0.25,0.25,0.0
competitive_future_e030_r005-branch,r5-strategic-c70fe844-6f7b-43d1-a6d3-4e2dfe04c1bb,down,0.25,1.0,36.00000000000014,0.3,0.3,1.0
merit_strategic-sos1,r5-strategic-cc4a0e90-3c71-4796-bf73-f06bb983aab4,none,0.5,0.0,5.460000000000016,0.5,0.5,0.0
merit_strategic-sos1,r5-strategic-cc4a0e90-3c71-4796-bf73-f06bb983aab4,up,0.25,0.0,5.460000000000016,0.25,0.25,0.0
merit_strategic-sos1,r5-strategic-cc4a0e90-3c71-4796-bf73-f06bb983aab4,down,0.25,0.0,5.460000000000016,0.25,0.25,0.0
merit_strategic-branch,r5-strategic-90c032c2-718a-40fc-a456-eb81190abfb1,none,0.5,0.0,5.460000000000004,0.5,0.5,0.0
merit_strategic-branch,r5-strategic-90c032c2-718a-40fc-a456-eb81190abfb1,up,0.25,0.0,5.460000000000004,0.25,0.25,0.0
merit_strategic-branch,r5-strategic-90c032c2-718a-40fc-a456-eb81190abfb1,down,0.25,0.0,5.460000000000004,0.25,0.25,0.0
merit_fixed_bid-sos1,r5-strategic-17f63035-b818-4eb6-9185-928c9cca9ebe,none,0.5,0.0,0.0,0.5,0.5,0.0
merit_fixed_bid-sos1,r5-strategic-17f63035-b818-4eb6-9185-928c9cca9ebe,up,0.25,0.0,0.0,0.25,0.25,0.0
merit_fixed_bid-sos1,r5-strategic-17f63035-b818-4eb6-9185-928c9cca9ebe,down,0.25,0.0,0.0,0.25,0.25,0.0
merit_fixed_bid-branch,r5-strategic-03011a20-5d65-456e-9638-22e31f0ab431,none,0.5,0.0,0.0,0.5,0.5,0.0
merit_fixed_bid-branch,r5-strategic-03011a20-5d65-456e-9638-22e31f0ab431,up,0.25,0.0,0.0,0.25,0.25,0.0
merit_fixed_bid-branch,r5-strategic-03011a20-5d65-456e-9638-22e31f0ab431,down,0.25,0.0,0.0,0.25,0.25,0.0
