record,run_id,side,pipe,scenario,time_h,energy_MWh,outlet_mean_K,flow_kg_s
thermal-steady_n1_same_dispatch,r7-thermal-f996dccd-6f35-45c0-ab73-e1dfb420ec28,S,1,1,0.0,0.11666666666666665,,
thermal-steady_n1_same_dispatch,r7-thermal-f996dccd-6f35-45c0-ab73-e1dfb420ec28,S,1,1,1.0,0.1166666666666667,343.15,3.174603174603175
thermal-steady_n1_same_dispatch,r7-thermal-f996dccd-6f35-45c0-ab73-e1dfb420ec28,R,1,1,0.0,0.11666666666666665,,
thermal-steady_n1_same_dispatch,r7-thermal-f996dccd-6f35-45c0-ab73-e1dfb420ec28,R,1,1,1.0,0.1166666666666667,313.15,3.174603174603175
thermal-steady_n1_curtail_heat,r7-thermal-3154aaea-4a61-4772-a97e-502ca710666b,S,1,1,0.0,0.11666666666666665,,
thermal-steady_n1_curtail_heat,r7-thermal-3154aaea-4a61-4772-a97e-502ca710666b,S,1,1,1.0,0.1166666666666667,343.15,3.174603174603175
thermal-steady_n1_curtail_heat,r7-thermal-3154aaea-4a61-4772-a97e-502ca710666b,R,1,1,0.0,0.11666666666666665,,
thermal-steady_n1_curtail_heat,r7-thermal-3154aaea-4a61-4772-a97e-502ca710666b,R,1,1,1.0,0.1166666666666667,313.15,3.174603174603175
thermal-steady_n4_same_dispatch,r7-thermal-b7d0824c-dfeb-4217-ab30-37d65f0f6167,S,1,1,0.0,0.11666666666666665,,
thermal-steady_n4_same_dispatch,r7-thermal-b7d0824c-dfeb-4217-ab30-37d65f0f6167,S,1,1,0.25,0.11666666666666692,343.15,3.174603174603175
thermal-steady_n4_same_dispatch,r7-thermal-b7d0824c-dfeb-4217-ab30-37d65f0f6167,S,1,1,0.5,0.11666666666666714,343.15,3.174603174603175
thermal-steady_n4_same_dispatch,r7-thermal-b7d0824c-dfeb-4217-ab30-37d65f0f6167,S,1,1,0.75,0.11666666666666758,343.15,3.174603174603175
thermal-steady_n4_same_dispatch,r7-thermal-b7d0824c-dfeb-4217-ab30-37d65f0f6167,S,1,1,1.0,0.1166666666666667,343.15,3.174603174603175
thermal-steady_n4_same_dispatch,r7-thermal-b7d0824c-dfeb-4217-ab30-37d65f0f6167,R,1,1,0.0,0.11666666666666665,,
thermal-steady_n4_same_dispatch,r7-thermal-b7d0824c-dfeb-4217-ab30-37d65f0f6167,R,1,1,0.25,0.1166666666666667,313.15,3.174603174603175
thermal-steady_n4_same_dispatch,r7-thermal-b7d0824c-dfeb-4217-ab30-37d65f0f6167,R,1,1,0.5,0.11666666666666647,313.15,3.174603174603175
thermal-steady_n4_same_dispatch,r7-thermal-b7d0824c-dfeb-4217-ab30-37d65f0f6167,R,1,1,0.75,0.11666666666666647,313.15,3.174603174603175
thermal-steady_n4_same_dispatch,r7-thermal-b7d0824c-dfeb-4217-ab30-37d65f0f6167,R,1,1,1.0,0.11666666666666581,313.15,3.174603174603175
thermal-steady_n4_curtail_heat,r7-thermal-60c0f597-5bcd-4b43-a5d1-12f41bba34e6,S,1,1,0.0,0.11666666666666665,,
thermal-steady_n4_curtail_heat,r7-thermal-60c0f597-5bcd-4b43-a5d1-12f41bba34e6,S,1,1,0.25,0.11666666666666692,343.15,3.174603174603175
thermal-steady_n4_curtail_heat,r7-thermal-60c0f597-5bcd-4b43-a5d1-12f41bba34e6,S,1,1,0.5,0.11666666666666714,343.15,3.174603174603175
thermal-steady_n4_curtail_heat,r7-thermal-60c0f597-5bcd-4b43-a5d1-12f41bba34e6,S,1,1,0.75,0.11666666666666758,343.15,3.174603174603175
thermal-steady_n4_curtail_heat,r7-thermal-60c0f597-5bcd-4b43-a5d1-12f41bba34e6,S,1,1,1.0,0.1166666666666667,343.15,3.174603174603175
thermal-steady_n4_curtail_heat,r7-thermal-60c0f597-5bcd-4b43-a5d1-12f41bba34e6,R,1,1,0.0,0.11666666666666665,,
thermal-steady_n4_curtail_heat,r7-thermal-60c0f597-5bcd-4b43-a5d1-12f41bba34e6,R,1,1,0.25,0.1166666666666667,313.15,3.174603174603175
thermal-steady_n4_curtail_heat,r7-thermal-60c0f597-5bcd-4b43-a5d1-12f41bba34e6,R,1,1,0.5,0.11666666666666647,313.15,3.174603174603175
thermal-steady_n4_curtail_heat,r7-thermal-60c0f597-5bcd-4b43-a5d1-12f41bba34e6,R,1,1,0.75,0.11666666666666647,313.15,3.174603174603175
thermal-steady_n4_curtail_heat,r7-thermal-60c0f597-5bcd-4b43-a5d1-12f41bba34e6,R,1,1,1.0,0.11666666666666581,313.15,3.174603174603175
thermal-steady_n16_same_dispatch,r7-thermal-f1bf0eee-31aa-4c27-9914-70b467c1c184,S,1,1,0.0,0.11666666666666665,,
thermal-steady_n16_same_dispatch,r7-thermal-f1bf0eee-31aa-4c27-9914-70b467c1c184,S,1,1,0.0625,0.11666666666666672,343.1499999999999,3.174603174603175
thermal-steady_n16_same_dispatch,r7-thermal-f1bf0eee-31aa-4c27-9914-70b467c1c184,S,1,1,0.125,0.11666666666666681,343.1499999999999,3.174603174603175
thermal-steady_n16_same_dispatch,r7-thermal-f1bf0eee-31aa-4c27-9914-70b467c1c184,S,1,1,0.1875,0.11666666666666681,343.14999999999986,3.174603174603175
thermal-steady_n16_same_dispatch,r7-thermal-f1bf0eee-31aa-4c27-9914-70b467c1c184,S,1,1,0.25,0.11666666666666675,343.14999999999986,3.174603174603175
thermal-steady_n16_same_dispatch,r7-thermal-f1bf0eee-31aa-4c27-9914-70b467c1c184,S,1,1,0.3125,0.11666666666666675,343.1499999999999,3.174603174603175
thermal-steady_n16_same_dispatch,r7-thermal-f1bf0eee-31aa-4c27-9914-70b467c1c184,S,1,1,0.375,0.11666666666666675,343.1499999999999,3.174603174603175
thermal-steady_n16_same_dispatch,r7-thermal-f1bf0eee-31aa-4c27-9914-70b467c1c184,S,1,1,0.4375,0.11666666666666675,343.1499999999999,3.174603174603175
thermal-steady_n16_same_dispatch,r7-thermal-f1bf0eee-31aa-4c27-9914-70b467c1c184,S,1,1,0.5,0.11666666666666675,343.1499999999999,3.174603174603175
thermal-steady_n16_same_dispatch,r7-thermal-f1bf0eee-31aa-4c27-9914-70b467c1c184,S,1,1,0.5625,0.11666666666666675,343.1499999999999,3.174603174603175
thermal-steady_n16_same_dispatch,r7-thermal-f1bf0eee-31aa-4c27-9914-70b467c1c184,S,1,1,0.625,0.11666666666666675,343.1499999999999,3.174603174603175
thermal-steady_n16_same_dispatch,r7-thermal-f1bf0eee-31aa-4c27-9914-70b467c1c184,S,1,1,0.6875,0.11666666666666686,343.1499999999999,3.174603174603175
thermal-steady_n16_same_dispatch,r7-thermal-f1bf0eee-31aa-4c27-9914-70b467c1c184,S,1,1,0.75,0.11666666666666686,343.1499999999999,3.174603174603175
thermal-steady_n16_same_dispatch,r7-thermal-f1bf0eee-31aa-4c27-9914-70b467c1c184,S,1,1,0.8125,0.11666666666666764,343.1499999999999,3.174603174603175
thermal-steady_n16_same_dispatch,r7-thermal-f1bf0eee-31aa-4c27-9914-70b467c1c184,S,1,1,0.875,0.11666666666666775,343.1499999999999,3.174603174603175
thermal-steady_n16_same_dispatch,r7-thermal-f1bf0eee-31aa-4c27-9914-70b467c1c184,S,1,1,0.9375,0.11666666666666708,343.15000000000003,3.174603174603175
thermal-steady_n16_same_dispatch,r7-thermal-f1bf0eee-31aa-4c27-9914-70b467c1c184,S,1,1,1.0,0.11666666666666642,343.1499999999993,3.174603174603175
thermal-steady_n16_same_dispatch,r7-thermal-f1bf0eee-31aa-4c27-9914-70b467c1c184,R,1,1,0.0,0.11666666666666665,,
thermal-steady_n16_same_dispatch,r7-thermal-f1bf0eee-31aa-4c27-9914-70b467c1c184,R,1,1,0.0625,0.11666666666666656,313.15,3.174603174603175
thermal-steady_n16_same_dispatch,r7-thermal-f1bf0eee-31aa-4c27-9914-70b467c1c184,R,1,1,0.125,0.11666666666666647,313.15,3.174603174603175
thermal-steady_n16_same_dispatch,r7-thermal-f1bf0eee-31aa-4c27-9914-70b467c1c184,R,1,1,0.1875,0.11666666666666642,313.1499999999999,3.174603174603175
thermal-steady_n16_same_dispatch,r7-thermal-f1bf0eee-31aa-4c27-9914-70b467c1c184,R,1,1,0.25,0.1166666666666662,313.1499999999999,3.174603174603175
thermal-steady_n16_same_dispatch,r7-thermal-f1bf0eee-31aa-4c27-9914-70b467c1c184,R,1,1,0.3125,0.11666666666666597,313.15,3.174603174603175
thermal-steady_n16_same_dispatch,r7-thermal-f1bf0eee-31aa-4c27-9914-70b467c1c184,R,1,1,0.375,0.11666666666666597,313.15,3.174603174603175
thermal-steady_n16_same_dispatch,r7-thermal-f1bf0eee-31aa-4c27-9914-70b467c1c184,R,1,1,0.4375,0.11666666666666575,313.15,3.174603174603175
thermal-steady_n16_same_dispatch,r7-thermal-f1bf0eee-31aa-4c27-9914-70b467c1c184,R,1,1,0.5,0.11666666666666553,313.15,3.174603174603175
thermal-steady_n16_same_dispatch,r7-thermal-f1bf0eee-31aa-4c27-9914-70b467c1c184,R,1,1,0.5625,0.1166666666666657,313.15,3.174603174603175
thermal-steady_n16_same_dispatch,r7-thermal-f1bf0eee-31aa-4c27-9914-70b467c1c184,R,1,1,0.625,0.11666666666666614,313.15,3.174603174603175
thermal-steady_n16_same_dispatch,r7-thermal-f1bf0eee-31aa-4c27-9914-70b467c1c184,R,1,1,0.6875,0.11666666666666625,313.15,3.174603174603175
thermal-steady_n16_same_dispatch,r7-thermal-f1bf0eee-31aa-4c27-9914-70b467c1c184,R,1,1,0.75,0.11666666666666586,313.15,3.174603174603175
thermal-steady_n16_same_dispatch,r7-thermal-f1bf0eee-31aa-4c27-9914-70b467c1c184,R,1,1,0.8125,0.11666666666666614,313.15,3.174603174603175
thermal-steady_n16_same_dispatch,r7-thermal-f1bf0eee-31aa-4c27-9914-70b467c1c184,R,1,1,0.875,0.11666666666666548,313.15,3.174603174603175
thermal-steady_n16_same_dispatch,r7-thermal-f1bf0eee-31aa-4c27-9914-70b467c1c184,R,1,1,0.9375,0.11666666666666442,313.14999999999986,3.174603174603175
thermal-steady_n16_same_dispatch,r7-thermal-f1bf0eee-31aa-4c27-9914-70b467c1c184,R,1,1,1.0,0.1166666666666637,313.1499999999992,3.174603174603175
thermal-steady_n16_curtail_heat,r7-thermal-2bf7cb8a-c659-4e95-8d17-39269c5da060,S,1,1,0.0,0.11666666666666665,,
thermal-steady_n16_curtail_heat,r7-thermal-2bf7cb8a-c659-4e95-8d17-39269c5da060,S,1,1,0.0625,0.11666666666666672,343.1499999999999,3.174603174603175
thermal-steady_n16_curtail_heat,r7-thermal-2bf7cb8a-c659-4e95-8d17-39269c5da060,S,1,1,0.125,0.11666666666666681,343.1499999999999,3.174603174603175
thermal-steady_n16_curtail_heat,r7-thermal-2bf7cb8a-c659-4e95-8d17-39269c5da060,S,1,1,0.1875,0.11666666666666681,343.14999999999986,3.174603174603175
thermal-steady_n16_curtail_heat,r7-thermal-2bf7cb8a-c659-4e95-8d17-39269c5da060,S,1,1,0.25,0.11666666666666675,343.14999999999986,3.174603174603175
thermal-steady_n16_curtail_heat,r7-thermal-2bf7cb8a-c659-4e95-8d17-39269c5da060,S,1,1,0.3125,0.11666666666666675,343.1499999999999,3.174603174603175
thermal-steady_n16_curtail_heat,r7-thermal-2bf7cb8a-c659-4e95-8d17-39269c5da060,S,1,1,0.375,0.11666666666666675,343.1499999999999,3.174603174603175
thermal-steady_n16_curtail_heat,r7-thermal-2bf7cb8a-c659-4e95-8d17-39269c5da060,S,1,1,0.4375,0.11666666666666675,343.1499999999999,3.174603174603175
thermal-steady_n16_curtail_heat,r7-thermal-2bf7cb8a-c659-4e95-8d17-39269c5da060,S,1,1,0.5,0.11666666666666675,343.1499999999999,3.174603174603175
thermal-steady_n16_curtail_heat,r7-thermal-2bf7cb8a-c659-4e95-8d17-39269c5da060,S,1,1,0.5625,0.11666666666666675,343.1499999999999,3.174603174603175
thermal-steady_n16_curtail_heat,r7-thermal-2bf7cb8a-c659-4e95-8d17-39269c5da060,S,1,1,0.625,0.11666666666666675,343.1499999999999,3.174603174603175
thermal-steady_n16_curtail_heat,r7-thermal-2bf7cb8a-c659-4e95-8d17-39269c5da060,S,1,1,0.6875,0.11666666666666686,343.1499999999999,3.174603174603175
thermal-steady_n16_curtail_heat,r7-thermal-2bf7cb8a-c659-4e95-8d17-39269c5da060,S,1,1,0.75,0.11666666666666686,343.1499999999999,3.174603174603175
thermal-steady_n16_curtail_heat,r7-thermal-2bf7cb8a-c659-4e95-8d17-39269c5da060,S,1,1,0.8125,0.11666666666666764,343.1499999999999,3.174603174603175
thermal-steady_n16_curtail_heat,r7-thermal-2bf7cb8a-c659-4e95-8d17-39269c5da060,S,1,1,0.875,0.11666666666666775,343.1499999999999,3.174603174603175
thermal-steady_n16_curtail_heat,r7-thermal-2bf7cb8a-c659-4e95-8d17-39269c5da060,S,1,1,0.9375,0.11666666666666708,343.15000000000003,3.174603174603175
thermal-steady_n16_curtail_heat,r7-thermal-2bf7cb8a-c659-4e95-8d17-39269c5da060,S,1,1,1.0,0.11666666666666642,343.1499999999993,3.174603174603175
thermal-steady_n16_curtail_heat,r7-thermal-2bf7cb8a-c659-4e95-8d17-39269c5da060,R,1,1,0.0,0.11666666666666665,,
thermal-steady_n16_curtail_heat,r7-thermal-2bf7cb8a-c659-4e95-8d17-39269c5da060,R,1,1,0.0625,0.11666666666666656,313.15,3.174603174603175
thermal-steady_n16_curtail_heat,r7-thermal-2bf7cb8a-c659-4e95-8d17-39269c5da060,R,1,1,0.125,0.11666666666666647,313.15,3.174603174603175
thermal-steady_n16_curtail_heat,r7-thermal-2bf7cb8a-c659-4e95-8d17-39269c5da060,R,1,1,0.1875,0.11666666666666642,313.1499999999999,3.174603174603175
thermal-steady_n16_curtail_heat,r7-thermal-2bf7cb8a-c659-4e95-8d17-39269c5da060,R,1,1,0.25,0.1166666666666662,313.1499999999999,3.174603174603175
thermal-steady_n16_curtail_heat,r7-thermal-2bf7cb8a-c659-4e95-8d17-39269c5da060,R,1,1,0.3125,0.11666666666666597,313.15,3.174603174603175
thermal-steady_n16_curtail_heat,r7-thermal-2bf7cb8a-c659-4e95-8d17-39269c5da060,R,1,1,0.375,0.11666666666666597,313.15,3.174603174603175
thermal-steady_n16_curtail_heat,r7-thermal-2bf7cb8a-c659-4e95-8d17-39269c5da060,R,1,1,0.4375,0.11666666666666575,313.15,3.174603174603175
thermal-steady_n16_curtail_heat,r7-thermal-2bf7cb8a-c659-4e95-8d17-39269c5da060,R,1,1,0.5,0.11666666666666553,313.15,3.174603174603175
thermal-steady_n16_curtail_heat,r7-thermal-2bf7cb8a-c659-4e95-8d17-39269c5da060,R,1,1,0.5625,0.1166666666666657,313.15,3.174603174603175
thermal-steady_n16_curtail_heat,r7-thermal-2bf7cb8a-c659-4e95-8d17-39269c5da060,R,1,1,0.625,0.11666666666666614,313.15,3.174603174603175
thermal-steady_n16_curtail_heat,r7-thermal-2bf7cb8a-c659-4e95-8d17-39269c5da060,R,1,1,0.6875,0.11666666666666625,313.15,3.174603174603175
thermal-steady_n16_curtail_heat,r7-thermal-2bf7cb8a-c659-4e95-8d17-39269c5da060,R,1,1,0.75,0.11666666666666586,313.15,3.174603174603175
thermal-steady_n16_curtail_heat,r7-thermal-2bf7cb8a-c659-4e95-8d17-39269c5da060,R,1,1,0.8125,0.11666666666666614,313.15,3.174603174603175
thermal-steady_n16_curtail_heat,r7-thermal-2bf7cb8a-c659-4e95-8d17-39269c5da060,R,1,1,0.875,0.11666666666666548,313.15,3.174603174603175
thermal-steady_n16_curtail_heat,r7-thermal-2bf7cb8a-c659-4e95-8d17-39269c5da060,R,1,1,0.9375,0.11666666666666442,313.14999999999986,3.174603174603175
thermal-steady_n16_curtail_heat,r7-thermal-2bf7cb8a-c659-4e95-8d17-39269c5da060,R,1,1,1.0,0.1166666666666637,313.1499999999992,3.174603174603175
hot_outlet_n1_same_dispatch,r7-thermal-a2386ecf-7884-44f5-9d03-b64c4d8c7500,S,1,1,0.0,0.11666666666666665,,
hot_outlet_n1_same_dispatch,r7-thermal-a2386ecf-7884-44f5-9d03-b64c4d8c7500,S,1,1,0.25,0.08333333333333348,353.15,3.174603174603175
hot_outlet_n1_same_dispatch,r7-thermal-a2386ecf-7884-44f5-9d03-b64c4d8c7500,R,1,1,0.0,0.11666666666666665,,
hot_outlet_n1_same_dispatch,r7-thermal-a2386ecf-7884-44f5-9d03-b64c4d8c7500,R,1,1,0.25,0.1166666666666667,313.15,3.174603174603175
hot_outlet_n1_curtail_heat,r7-thermal-6bd88d66-1deb-40ef-876c-d38f6083c5f2,S,1,1,0.0,0.11666666666666665,,
hot_outlet_n1_curtail_heat,r7-thermal-6bd88d66-1deb-40ef-876c-d38f6083c5f2,S,1,1,0.25,0.08333333333333348,353.15,3.174603174603175
hot_outlet_n1_curtail_heat,r7-thermal-6bd88d66-1deb-40ef-876c-d38f6083c5f2,R,1,1,0.0,0.11666666666666665,,
hot_outlet_n1_curtail_heat,r7-thermal-6bd88d66-1deb-40ef-876c-d38f6083c5f2,R,1,1,0.25,0.1166666666666667,313.15,3.174603174603175
hot_outlet_n4_same_dispatch,r7-thermal-f941425d-703d-4321-b478-690b0a021249,S,1,1,0.0,0.11666666666666665,,
hot_outlet_n4_same_dispatch,r7-thermal-f941425d-703d-4321-b478-690b0a021249,S,1,1,0.0625,0.10833333333333339,353.1499999999999,3.174603174603175
hot_outlet_n4_same_dispatch,r7-thermal-f941425d-703d-4321-b478-690b0a021249,S,1,1,0.125,0.10000000000000009,353.1499999999999,3.174603174603175
hot_outlet_n4_same_dispatch,r7-thermal-f941425d-703d-4321-b478-690b0a021249,S,1,1,0.1875,0.09166666666666684,353.1499999999999,3.174603174603175
hot_outlet_n4_same_dispatch,r7-thermal-f941425d-703d-4321-b478-690b0a021249,S,1,1,0.25,0.08333333333333337,353.1499999999999,3.174603174603175
hot_outlet_n4_same_dispatch,r7-thermal-f941425d-703d-4321-b478-690b0a021249,R,1,1,0.0,0.11666666666666665,,
hot_outlet_n4_same_dispatch,r7-thermal-f941425d-703d-4321-b478-690b0a021249,R,1,1,0.0625,0.11666666666666661,313.15,3.174603174603175
hot_outlet_n4_same_dispatch,r7-thermal-f941425d-703d-4321-b478-690b0a021249,R,1,1,0.125,0.11666666666666659,313.15,3.174603174603175
hot_outlet_n4_same_dispatch,r7-thermal-f941425d-703d-4321-b478-690b0a021249,R,1,1,0.1875,0.11666666666666659,313.1499999999999,3.174603174603175
hot_outlet_n4_same_dispatch,r7-thermal-f941425d-703d-4321-b478-690b0a021249,R,1,1,0.25,0.11666666666666647,313.1499999999999,3.174603174603175
hot_outlet_n4_curtail_heat,r7-thermal-2762ed3a-8d54-4950-ac2e-61ec0f0de17b,S,1,1,0.0,0.11666666666666665,,
hot_outlet_n4_curtail_heat,r7-thermal-2762ed3a-8d54-4950-ac2e-61ec0f0de17b,S,1,1,0.0625,0.10833333333333339,353.1499999999999,3.174603174603175
hot_outlet_n4_curtail_heat,r7-thermal-2762ed3a-8d54-4950-ac2e-61ec0f0de17b,S,1,1,0.125,0.10000000000000009,353.1499999999999,3.174603174603175
hot_outlet_n4_curtail_heat,r7-thermal-2762ed3a-8d54-4950-ac2e-61ec0f0de17b,S,1,1,0.1875,0.09166666666666684,353.1499999999999,3.174603174603175
hot_outlet_n4_curtail_heat,r7-thermal-2762ed3a-8d54-4950-ac2e-61ec0f0de17b,S,1,1,0.25,0.08333333333333337,353.1499999999999,3.174603174603175
hot_outlet_n4_curtail_heat,r7-thermal-2762ed3a-8d54-4950-ac2e-61ec0f0de17b,R,1,1,0.0,0.11666666666666665,,
hot_outlet_n4_curtail_heat,r7-thermal-2762ed3a-8d54-4950-ac2e-61ec0f0de17b,R,1,1,0.0625,0.11666666666666661,313.15,3.174603174603175
hot_outlet_n4_curtail_heat,r7-thermal-2762ed3a-8d54-4950-ac2e-61ec0f0de17b,R,1,1,0.125,0.11666666666666659,313.15,3.174603174603175
hot_outlet_n4_curtail_heat,r7-thermal-2762ed3a-8d54-4950-ac2e-61ec0f0de17b,R,1,1,0.1875,0.11666666666666659,313.1499999999999,3.174603174603175
hot_outlet_n4_curtail_heat,r7-thermal-2762ed3a-8d54-4950-ac2e-61ec0f0de17b,R,1,1,0.25,0.11666666666666647,313.1499999999999,3.174603174603175
hot_outlet_n16_same_dispatch,r7-thermal-be2ec500-3100-42dd-ace5-5df261c3b08f,S,1,1,0.0,0.11666666666666665,,
hot_outlet_n16_same_dispatch,r7-thermal-be2ec500-3100-42dd-ace5-5df261c3b08f,S,1,1,0.015625,0.11458333333333334,353.1500000000002,3.174603174603175
hot_outlet_n16_same_dispatch,r7-thermal-be2ec500-3100-42dd-ace5-5df261c3b08f,S,1,1,0.03125,0.11250000000000003,353.1499999999999,3.174603174603175
hot_outlet_n16_same_dispatch,r7-thermal-be2ec500-3100-42dd-ace5-5df261c3b08f,S,1,1,0.046875,0.11041666666666675,353.1499999999999,3.174603174603175
hot_outlet_n16_same_dispatch,r7-thermal-be2ec500-3100-42dd-ace5-5df261c3b08f,S,1,1,0.0625,0.10833333333333339,353.1500000000002,3.174603174603175
hot_outlet_n16_same_dispatch,r7-thermal-be2ec500-3100-42dd-ace5-5df261c3b08f,S,1,1,0.078125,0.10625000000000007,353.1499999999999,3.174603174603175
hot_outlet_n16_same_dispatch,r7-thermal-be2ec500-3100-42dd-ace5-5df261c3b08f,S,1,1,0.09375,0.1041666666666668,353.1499999999999,3.174603174603175
hot_outlet_n16_same_dispatch,r7-thermal-be2ec500-3100-42dd-ace5-5df261c3b08f,S,1,1,0.109375,0.10208333333333341,353.1499999999999,3.174603174603175
hot_outlet_n16_same_dispatch,r7-thermal-be2ec500-3100-42dd-ace5-5df261c3b08f,S,1,1,0.125,0.10000000000000009,353.1499999999999,3.174603174603175
hot_outlet_n16_same_dispatch,r7-thermal-be2ec500-3100-42dd-ace5-5df261c3b08f,S,1,1,0.140625,0.09791666666666676,353.1500000000002,3.174603174603175
hot_outlet_n16_same_dispatch,r7-thermal-be2ec500-3100-42dd-ace5-5df261c3b08f,S,1,1,0.15625,0.09583333333333344,353.1499999999999,3.174603174603175
hot_outlet_n16_same_dispatch,r7-thermal-be2ec500-3100-42dd-ace5-5df261c3b08f,S,1,1,0.171875,0.09375000000000018,353.1499999999999,3.174603174603175
hot_outlet_n16_same_dispatch,r7-thermal-be2ec500-3100-42dd-ace5-5df261c3b08f,S,1,1,0.1875,0.0916666666666667,353.1499999999999,3.174603174603175
hot_outlet_n16_same_dispatch,r7-thermal-be2ec500-3100-42dd-ace5-5df261c3b08f,S,1,1,0.203125,0.08958333333333345,353.1499999999999,3.174603174603175
hot_outlet_n16_same_dispatch,r7-thermal-be2ec500-3100-42dd-ace5-5df261c3b08f,S,1,1,0.21875,0.08750000000000026,353.1500000000002,3.174603174603175
hot_outlet_n16_same_dispatch,r7-thermal-be2ec500-3100-42dd-ace5-5df261c3b08f,S,1,1,0.234375,0.08541666666666674,353.1500000000002,3.174603174603175
hot_outlet_n16_same_dispatch,r7-thermal-be2ec500-3100-42dd-ace5-5df261c3b08f,S,1,1,0.25,0.08333333333333383,353.1500000000002,3.174603174603175
hot_outlet_n16_same_dispatch,r7-thermal-be2ec500-3100-42dd-ace5-5df261c3b08f,R,1,1,0.0,0.11666666666666665,,
hot_outlet_n16_same_dispatch,r7-thermal-be2ec500-3100-42dd-ace5-5df261c3b08f,R,1,1,0.015625,0.11666666666666671,313.1500000000001,3.174603174603175
hot_outlet_n16_same_dispatch,r7-thermal-be2ec500-3100-42dd-ace5-5df261c3b08f,R,1,1,0.03125,0.11666666666666667,313.1500000000001,3.174603174603175
hot_outlet_n16_same_dispatch,r7-thermal-be2ec500-3100-42dd-ace5-5df261c3b08f,R,1,1,0.046875,0.11666666666666664,313.1500000000001,3.174603174603175
hot_outlet_n16_same_dispatch,r7-thermal-be2ec500-3100-42dd-ace5-5df261c3b08f,R,1,1,0.0625,0.11666666666666675,313.1500000000001,3.174603174603175
hot_outlet_n16_same_dispatch,r7-thermal-be2ec500-3100-42dd-ace5-5df261c3b08f,R,1,1,0.078125,0.11666666666666675,313.1500000000001,3.174603174603175
hot_outlet_n16_same_dispatch,r7-thermal-be2ec500-3100-42dd-ace5-5df261c3b08f,R,1,1,0.09375,0.11666666666666659,313.1500000000001,3.174603174603175
hot_outlet_n16_same_dispatch,r7-thermal-be2ec500-3100-42dd-ace5-5df261c3b08f,R,1,1,0.109375,0.11666666666666675,313.14999999999986,3.174603174603175
hot_outlet_n16_same_dispatch,r7-thermal-be2ec500-3100-42dd-ace5-5df261c3b08f,R,1,1,0.125,0.11666666666666664,313.1500000000001,3.174603174603175
hot_outlet_n16_same_dispatch,r7-thermal-be2ec500-3100-42dd-ace5-5df261c3b08f,R,1,1,0.140625,0.11666666666666675,313.1500000000001,3.174603174603175
hot_outlet_n16_same_dispatch,r7-thermal-be2ec500-3100-42dd-ace5-5df261c3b08f,R,1,1,0.15625,0.11666666666666664,313.1500000000001,3.174603174603175
hot_outlet_n16_same_dispatch,r7-thermal-be2ec500-3100-42dd-ace5-5df261c3b08f,R,1,1,0.171875,0.1166666666666667,313.1500000000001,3.174603174603175
hot_outlet_n16_same_dispatch,r7-thermal-be2ec500-3100-42dd-ace5-5df261c3b08f,R,1,1,0.1875,0.11666666666666661,313.15,3.174603174603175
hot_outlet_n16_same_dispatch,r7-thermal-be2ec500-3100-42dd-ace5-5df261c3b08f,R,1,1,0.203125,0.11666666666666661,313.15,3.174603174603175
hot_outlet_n16_same_dispatch,r7-thermal-be2ec500-3100-42dd-ace5-5df261c3b08f,R,1,1,0.21875,0.11666666666666692,313.1500000000001,3.174603174603175
hot_outlet_n16_same_dispatch,r7-thermal-be2ec500-3100-42dd-ace5-5df261c3b08f,R,1,1,0.234375,0.11666666666666681,313.1500000000001,3.174603174603175
hot_outlet_n16_same_dispatch,r7-thermal-be2ec500-3100-42dd-ace5-5df261c3b08f,R,1,1,0.25,0.11666666666666675,313.1500000000001,3.174603174603175
hot_outlet_n16_curtail_heat,r7-thermal-d742e67b-33a0-49b2-9b93-96966664b8cc,S,1,1,0.0,0.11666666666666665,,
hot_outlet_n16_curtail_heat,r7-thermal-d742e67b-33a0-49b2-9b93-96966664b8cc,S,1,1,0.015625,0.11458333333333334,353.1500000000002,3.174603174603175
hot_outlet_n16_curtail_heat,r7-thermal-d742e67b-33a0-49b2-9b93-96966664b8cc,S,1,1,0.03125,0.11250000000000003,353.1499999999999,3.174603174603175
hot_outlet_n16_curtail_heat,r7-thermal-d742e67b-33a0-49b2-9b93-96966664b8cc,S,1,1,0.046875,0.11041666666666675,353.1499999999999,3.174603174603175
hot_outlet_n16_curtail_heat,r7-thermal-d742e67b-33a0-49b2-9b93-96966664b8cc,S,1,1,0.0625,0.10833333333333339,353.1500000000002,3.174603174603175
hot_outlet_n16_curtail_heat,r7-thermal-d742e67b-33a0-49b2-9b93-96966664b8cc,S,1,1,0.078125,0.10625000000000007,353.1499999999999,3.174603174603175
hot_outlet_n16_curtail_heat,r7-thermal-d742e67b-33a0-49b2-9b93-96966664b8cc,S,1,1,0.09375,0.1041666666666668,353.1499999999999,3.174603174603175
hot_outlet_n16_curtail_heat,r7-thermal-d742e67b-33a0-49b2-9b93-96966664b8cc,S,1,1,0.109375,0.10208333333333341,353.1499999999999,3.174603174603175
hot_outlet_n16_curtail_heat,r7-thermal-d742e67b-33a0-49b2-9b93-96966664b8cc,S,1,1,0.125,0.10000000000000009,353.1499999999999,3.174603174603175
hot_outlet_n16_curtail_heat,r7-thermal-d742e67b-33a0-49b2-9b93-96966664b8cc,S,1,1,0.140625,0.09791666666666676,353.1500000000002,3.174603174603175
hot_outlet_n16_curtail_heat,r7-thermal-d742e67b-33a0-49b2-9b93-96966664b8cc,S,1,1,0.15625,0.09583333333333344,353.1499999999999,3.174603174603175
hot_outlet_n16_curtail_heat,r7-thermal-d742e67b-33a0-49b2-9b93-96966664b8cc,S,1,1,0.171875,0.09375000000000018,353.1499999999999,3.174603174603175
hot_outlet_n16_curtail_heat,r7-thermal-d742e67b-33a0-49b2-9b93-96966664b8cc,S,1,1,0.1875,0.0916666666666667,353.1499999999999,3.174603174603175
hot_outlet_n16_curtail_heat,r7-thermal-d742e67b-33a0-49b2-9b93-96966664b8cc,S,1,1,0.203125,0.08958333333333345,353.1499999999999,3.174603174603175
hot_outlet_n16_curtail_heat,r7-thermal-d742e67b-33a0-49b2-9b93-96966664b8cc,S,1,1,0.21875,0.08750000000000026,353.1500000000002,3.174603174603175
hot_outlet_n16_curtail_heat,r7-thermal-d742e67b-33a0-49b2-9b93-96966664b8cc,S,1,1,0.234375,0.08541666666666674,353.1500000000002,3.174603174603175
hot_outlet_n16_curtail_heat,r7-thermal-d742e67b-33a0-49b2-9b93-96966664b8cc,S,1,1,0.25,0.08333333333333383,353.1500000000002,3.174603174603175
hot_outlet_n16_curtail_heat,r7-thermal-d742e67b-33a0-49b2-9b93-96966664b8cc,R,1,1,0.0,0.11666666666666665,,
hot_outlet_n16_curtail_heat,r7-thermal-d742e67b-33a0-49b2-9b93-96966664b8cc,R,1,1,0.015625,0.11666666666666671,313.1500000000001,3.174603174603175
hot_outlet_n16_curtail_heat,r7-thermal-d742e67b-33a0-49b2-9b93-96966664b8cc,R,1,1,0.03125,0.11666666666666667,313.1500000000001,3.174603174603175
hot_outlet_n16_curtail_heat,r7-thermal-d742e67b-33a0-49b2-9b93-96966664b8cc,R,1,1,0.046875,0.11666666666666664,313.1500000000001,3.174603174603175
hot_outlet_n16_curtail_heat,r7-thermal-d742e67b-33a0-49b2-9b93-96966664b8cc,R,1,1,0.0625,0.11666666666666675,313.1500000000001,3.174603174603175
hot_outlet_n16_curtail_heat,r7-thermal-d742e67b-33a0-49b2-9b93-96966664b8cc,R,1,1,0.078125,0.11666666666666675,313.1500000000001,3.174603174603175
hot_outlet_n16_curtail_heat,r7-thermal-d742e67b-33a0-49b2-9b93-96966664b8cc,R,1,1,0.09375,0.11666666666666659,313.1500000000001,3.174603174603175
hot_outlet_n16_curtail_heat,r7-thermal-d742e67b-33a0-49b2-9b93-96966664b8cc,R,1,1,0.109375,0.11666666666666675,313.14999999999986,3.174603174603175
hot_outlet_n16_curtail_heat,r7-thermal-d742e67b-33a0-49b2-9b93-96966664b8cc,R,1,1,0.125,0.11666666666666664,313.1500000000001,3.174603174603175
hot_outlet_n16_curtail_heat,r7-thermal-d742e67b-33a0-49b2-9b93-96966664b8cc,R,1,1,0.140625,0.11666666666666675,313.1500000000001,3.174603174603175
hot_outlet_n16_curtail_heat,r7-thermal-d742e67b-33a0-49b2-9b93-96966664b8cc,R,1,1,0.15625,0.11666666666666664,313.1500000000001,3.174603174603175
hot_outlet_n16_curtail_heat,r7-thermal-d742e67b-33a0-49b2-9b93-96966664b8cc,R,1,1,0.171875,0.1166666666666667,313.1500000000001,3.174603174603175
hot_outlet_n16_curtail_heat,r7-thermal-d742e67b-33a0-49b2-9b93-96966664b8cc,R,1,1,0.1875,0.11666666666666661,313.15,3.174603174603175
hot_outlet_n16_curtail_heat,r7-thermal-d742e67b-33a0-49b2-9b93-96966664b8cc,R,1,1,0.203125,0.11666666666666661,313.15,3.174603174603175
hot_outlet_n16_curtail_heat,r7-thermal-d742e67b-33a0-49b2-9b93-96966664b8cc,R,1,1,0.21875,0.11666666666666692,313.1500000000001,3.174603174603175
hot_outlet_n16_curtail_heat,r7-thermal-d742e67b-33a0-49b2-9b93-96966664b8cc,R,1,1,0.234375,0.11666666666666681,313.1500000000001,3.174603174603175
hot_outlet_n16_curtail_heat,r7-thermal-d742e67b-33a0-49b2-9b93-96966664b8cc,R,1,1,0.25,0.11666666666666675,313.1500000000001,3.174603174603175
cold_outlet_n1_curtail_heat,r7-thermal-27beb30e-34f2-4c77-86b5-c88f50235079,S,1,1,0.0,0.11666666666666665,,
cold_outlet_n1_curtail_heat,r7-thermal-27beb30e-34f2-4c77-86b5-c88f50235079,S,1,1,0.25,0.15000000000000024,333.15,3.174603174603175
cold_outlet_n1_curtail_heat,r7-thermal-27beb30e-34f2-4c77-86b5-c88f50235079,R,1,1,0.0,0.11666666666666665,,
cold_outlet_n1_curtail_heat,r7-thermal-27beb30e-34f2-4c77-86b5-c88f50235079,R,1,1,0.25,0.08333333333333326,313.15,3.174603174603175
cold_outlet_n4_curtail_heat,r7-thermal-fb05c571-ec7c-4149-a4c5-c20af644e1ec,S,1,1,0.0,0.11666666666666665,,
cold_outlet_n4_curtail_heat,r7-thermal-fb05c571-ec7c-4149-a4c5-c20af644e1ec,S,1,1,0.0625,0.12500000000000006,333.15,3.174603174603175
cold_outlet_n4_curtail_heat,r7-thermal-fb05c571-ec7c-4149-a4c5-c20af644e1ec,S,1,1,0.125,0.13333333333333341,333.15,3.174603174603175
cold_outlet_n4_curtail_heat,r7-thermal-fb05c571-ec7c-4149-a4c5-c20af644e1ec,S,1,1,0.1875,0.14166666666666672,333.15,3.174603174603175
cold_outlet_n4_curtail_heat,r7-thermal-fb05c571-ec7c-4149-a4c5-c20af644e1ec,S,1,1,0.25,0.15000000000000008,333.15,3.174603174603175
cold_outlet_n4_curtail_heat,r7-thermal-fb05c571-ec7c-4149-a4c5-c20af644e1ec,R,1,1,0.0,0.11666666666666665,,
cold_outlet_n4_curtail_heat,r7-thermal-fb05c571-ec7c-4149-a4c5-c20af644e1ec,R,1,1,0.0625,0.10833333333333331,313.15,3.174603174603175
cold_outlet_n4_curtail_heat,r7-thermal-fb05c571-ec7c-4149-a4c5-c20af644e1ec,R,1,1,0.125,0.09999999999999998,313.15,3.174603174603175
cold_outlet_n4_curtail_heat,r7-thermal-fb05c571-ec7c-4149-a4c5-c20af644e1ec,R,1,1,0.1875,0.09166666666666667,313.1499999999999,3.174603174603175
cold_outlet_n4_curtail_heat,r7-thermal-fb05c571-ec7c-4149-a4c5-c20af644e1ec,R,1,1,0.25,0.08333333333333326,313.1499999999999,3.174603174603175
cold_outlet_n16_curtail_heat,r7-thermal-c8349503-81e7-4a6b-bc67-555cb3a962e5,S,1,1,0.0,0.11666666666666665,,
cold_outlet_n16_curtail_heat,r7-thermal-c8349503-81e7-4a6b-bc67-555cb3a962e5,S,1,1,0.015625,0.11875000000000002,333.15000000000015,3.174603174603175
cold_outlet_n16_curtail_heat,r7-thermal-c8349503-81e7-4a6b-bc67-555cb3a962e5,S,1,1,0.03125,0.12083333333333339,333.15,3.174603174603175
cold_outlet_n16_curtail_heat,r7-thermal-c8349503-81e7-4a6b-bc67-555cb3a962e5,S,1,1,0.046875,0.12291666666666676,333.15,3.174603174603175
cold_outlet_n16_curtail_heat,r7-thermal-c8349503-81e7-4a6b-bc67-555cb3a962e5,S,1,1,0.0625,0.1250000000000001,333.15000000000015,3.174603174603175
cold_outlet_n16_curtail_heat,r7-thermal-c8349503-81e7-4a6b-bc67-555cb3a962e5,S,1,1,0.078125,0.1270833333333335,333.15,3.174603174603175
cold_outlet_n16_curtail_heat,r7-thermal-c8349503-81e7-4a6b-bc67-555cb3a962e5,S,1,1,0.09375,0.12916666666666682,333.15,3.174603174603175
cold_outlet_n16_curtail_heat,r7-thermal-c8349503-81e7-4a6b-bc67-555cb3a962e5,S,1,1,0.109375,0.13125000000000014,333.15,3.174603174603175
cold_outlet_n16_curtail_heat,r7-thermal-c8349503-81e7-4a6b-bc67-555cb3a962e5,S,1,1,0.125,0.13333333333333347,333.15,3.174603174603175
cold_outlet_n16_curtail_heat,r7-thermal-c8349503-81e7-4a6b-bc67-555cb3a962e5,S,1,1,0.140625,0.13541666666666657,333.15000000000015,3.174603174603175
cold_outlet_n16_curtail_heat,r7-thermal-c8349503-81e7-4a6b-bc67-555cb3a962e5,S,1,1,0.15625,0.13750000000000018,333.15,3.174603174603175
cold_outlet_n16_curtail_heat,r7-thermal-c8349503-81e7-4a6b-bc67-555cb3a962e5,S,1,1,0.171875,0.13958333333333356,333.15,3.174603174603175
cold_outlet_n16_curtail_heat,r7-thermal-c8349503-81e7-4a6b-bc67-555cb3a962e5,S,1,1,0.1875,0.1416666666666668,333.15,3.174603174603175
cold_outlet_n16_curtail_heat,r7-thermal-c8349503-81e7-4a6b-bc67-555cb3a962e5,S,1,1,0.203125,0.1437500000000001,333.15,3.174603174603175
cold_outlet_n16_curtail_heat,r7-thermal-c8349503-81e7-4a6b-bc67-555cb3a962e5,S,1,1,0.21875,0.14583333333333348,333.15000000000015,3.174603174603175
cold_outlet_n16_curtail_heat,r7-thermal-c8349503-81e7-4a6b-bc67-555cb3a962e5,S,1,1,0.234375,0.14791666666666675,333.15000000000015,3.174603174603175
cold_outlet_n16_curtail_heat,r7-thermal-c8349503-81e7-4a6b-bc67-555cb3a962e5,S,1,1,0.25,0.15000000000000033,333.15000000000015,3.174603174603175
cold_outlet_n16_curtail_heat,r7-thermal-c8349503-81e7-4a6b-bc67-555cb3a962e5,R,1,1,0.0,0.11666666666666665,,
cold_outlet_n16_curtail_heat,r7-thermal-c8349503-81e7-4a6b-bc67-555cb3a962e5,R,1,1,0.015625,0.11458333333333333,313.1500000000001,3.174603174603175
cold_outlet_n16_curtail_heat,r7-thermal-c8349503-81e7-4a6b-bc67-555cb3a962e5,R,1,1,0.03125,0.11249999999999996,313.1500000000001,3.174603174603175
cold_outlet_n16_curtail_heat,r7-thermal-c8349503-81e7-4a6b-bc67-555cb3a962e5,R,1,1,0.046875,0.11041666666666661,313.1500000000001,3.174603174603175
cold_outlet_n16_curtail_heat,r7-thermal-c8349503-81e7-4a6b-bc67-555cb3a962e5,R,1,1,0.0625,0.10833333333333334,313.1500000000001,3.174603174603175
cold_outlet_n16_curtail_heat,r7-thermal-c8349503-81e7-4a6b-bc67-555cb3a962e5,R,1,1,0.078125,0.10625000000000001,313.1500000000001,3.174603174603175
cold_outlet_n16_curtail_heat,r7-thermal-c8349503-81e7-4a6b-bc67-555cb3a962e5,R,1,1,0.09375,0.10416666666666652,313.1500000000001,3.174603174603175
cold_outlet_n16_curtail_heat,r7-thermal-c8349503-81e7-4a6b-bc67-555cb3a962e5,R,1,1,0.109375,0.10208333333333336,313.14999999999986,3.174603174603175
cold_outlet_n16_curtail_heat,r7-thermal-c8349503-81e7-4a6b-bc67-555cb3a962e5,R,1,1,0.125,0.09999999999999992,313.1500000000001,3.174603174603175
cold_outlet_n16_curtail_heat,r7-thermal-c8349503-81e7-4a6b-bc67-555cb3a962e5,R,1,1,0.140625,0.0979166666666666,313.1500000000001,3.174603174603175
cold_outlet_n16_curtail_heat,r7-thermal-c8349503-81e7-4a6b-bc67-555cb3a962e5,R,1,1,0.15625,0.09583333333333321,313.1500000000001,3.174603174603175
cold_outlet_n16_curtail_heat,r7-thermal-c8349503-81e7-4a6b-bc67-555cb3a962e5,R,1,1,0.171875,0.09374999999999994,313.1500000000001,3.174603174603175
cold_outlet_n16_curtail_heat,r7-thermal-c8349503-81e7-4a6b-bc67-555cb3a962e5,R,1,1,0.1875,0.09166666666666648,313.15,3.174603174603175
cold_outlet_n16_curtail_heat,r7-thermal-c8349503-81e7-4a6b-bc67-555cb3a962e5,R,1,1,0.203125,0.08958333333333315,313.15,3.174603174603175
cold_outlet_n16_curtail_heat,r7-thermal-c8349503-81e7-4a6b-bc67-555cb3a962e5,R,1,1,0.21875,0.08750000000000019,313.1500000000001,3.174603174603175
cold_outlet_n16_curtail_heat,r7-thermal-c8349503-81e7-4a6b-bc67-555cb3a962e5,R,1,1,0.234375,0.08541666666666675,313.1500000000001,3.174603174603175
cold_outlet_n16_curtail_heat,r7-thermal-c8349503-81e7-4a6b-bc67-555cb3a962e5,R,1,1,0.25,0.0833333333333332,313.1500000000001,3.174603174603175
thermal-steady_clarabel,r7-thermal-dd216a83-6553-423b-acd4-401407416b95,S,1,1,0.0,0.11666666666666664,,
thermal-steady_clarabel,r7-thermal-dd216a83-6553-423b-acd4-401407416b95,S,1,1,0.0625,0.11666666666666664,343.1499999999999,3.174603174603175
thermal-steady_clarabel,r7-thermal-dd216a83-6553-423b-acd4-401407416b95,S,1,1,0.125,0.11666666666666664,343.1499999999999,3.174603174603175
thermal-steady_clarabel,r7-thermal-dd216a83-6553-423b-acd4-401407416b95,S,1,1,0.1875,0.11666666666666664,343.14999999999986,3.174603174603175
thermal-steady_clarabel,r7-thermal-dd216a83-6553-423b-acd4-401407416b95,S,1,1,0.25,0.11666666666666634,343.14999999999986,3.174603174603175
thermal-steady_clarabel,r7-thermal-dd216a83-6553-423b-acd4-401407416b95,S,1,1,0.3125,0.11666666666666621,343.1499999999999,3.174603174603175
thermal-steady_clarabel,r7-thermal-dd216a83-6553-423b-acd4-401407416b95,S,1,1,0.375,0.11666666666666618,343.1499999999999,3.174603174603175
thermal-steady_clarabel,r7-thermal-dd216a83-6553-423b-acd4-401407416b95,S,1,1,0.4375,0.11666666666666609,343.1499999999999,3.174603174603175
thermal-steady_clarabel,r7-thermal-dd216a83-6553-423b-acd4-401407416b95,S,1,1,0.5,0.11666666666666566,343.1499999999999,3.174603174603175
thermal-steady_clarabel,r7-thermal-dd216a83-6553-423b-acd4-401407416b95,S,1,1,0.5625,0.11666666666666636,343.1499999999999,3.174603174603175
thermal-steady_clarabel,r7-thermal-dd216a83-6553-423b-acd4-401407416b95,S,1,1,0.625,0.11666666666666631,343.1499999999999,3.174603174603175
thermal-steady_clarabel,r7-thermal-dd216a83-6553-423b-acd4-401407416b95,S,1,1,0.6875,0.11666666666666702,343.1499999999999,3.174603174603175
thermal-steady_clarabel,r7-thermal-dd216a83-6553-423b-acd4-401407416b95,S,1,1,0.75,0.11666666666666654,343.1499999999999,3.174603174603175
thermal-steady_clarabel,r7-thermal-dd216a83-6553-423b-acd4-401407416b95,S,1,1,0.8125,0.11666666666666571,343.1499999999999,3.174603174603175
thermal-steady_clarabel,r7-thermal-dd216a83-6553-423b-acd4-401407416b95,S,1,1,0.875,0.11666666666666603,343.1499999999999,3.174603174603175
thermal-steady_clarabel,r7-thermal-dd216a83-6553-423b-acd4-401407416b95,S,1,1,0.9375,0.11666666667135601,343.1499999999999,3.174603174603175
thermal-steady_clarabel,r7-thermal-dd216a83-6553-423b-acd4-401407416b95,S,1,1,1.0,0.11666666667607763,343.14999999999986,3.174603174603175
thermal-steady_clarabel,r7-thermal-dd216a83-6553-423b-acd4-401407416b95,R,1,1,0.0,0.11666666666666664,,
thermal-steady_clarabel,r7-thermal-dd216a83-6553-423b-acd4-401407416b95,R,1,1,0.0625,0.1166666666713571,313.1499999999999,3.174603174603175
thermal-steady_clarabel,r7-thermal-dd216a83-6553-423b-acd4-401407416b95,R,1,1,0.125,0.11666666667607901,313.1499999999999,3.174603174603175
thermal-steady_clarabel,r7-thermal-dd216a83-6553-423b-acd4-401407416b95,R,1,1,0.1875,0.11666666668083268,313.14999999999986,3.174603174603175
thermal-steady_clarabel,r7-thermal-dd216a83-6553-423b-acd4-401407416b95,R,1,1,0.25,0.11666666668555553,313.14999999999986,3.174603174603175
thermal-steady_clarabel,r7-thermal-dd216a83-6553-423b-acd4-401407416b95,R,1,1,0.3125,0.11666666669022577,313.1499999999999,3.174603174603175
thermal-steady_clarabel,r7-thermal-dd216a83-6553-423b-acd4-401407416b95,R,1,1,0.375,0.11666666669481816,313.1499999999999,3.174603174603175
thermal-steady_clarabel,r7-thermal-dd216a83-6553-423b-acd4-401407416b95,R,1,1,0.4375,0.11666666669930037,313.1499999999999,3.174603174603175
thermal-steady_clarabel,r7-thermal-dd216a83-6553-423b-acd4-401407416b95,R,1,1,0.5,0.11666666670363628,313.1499999999999,3.174603174603175
thermal-steady_clarabel,r7-thermal-dd216a83-6553-423b-acd4-401407416b95,R,1,1,0.5625,0.11666666670778283,313.1499999999999,3.174603174603175
thermal-steady_clarabel,r7-thermal-dd216a83-6553-423b-acd4-401407416b95,R,1,1,0.625,0.11666666671169329,313.1499999999999,3.174603174603175
thermal-steady_clarabel,r7-thermal-dd216a83-6553-423b-acd4-401407416b95,R,1,1,0.6875,0.11666666671531994,313.1499999999999,3.174603174603175
thermal-steady_clarabel,r7-thermal-dd216a83-6553-423b-acd4-401407416b95,R,1,1,0.75,0.11666666671862552,313.1499999999999,3.174603174603175
thermal-steady_clarabel,r7-thermal-dd216a83-6553-423b-acd4-401407416b95,R,1,1,0.8125,0.11666666672159805,313.1499999999999,3.174603174603175
thermal-steady_clarabel,r7-thermal-dd216a83-6553-423b-acd4-401407416b95,R,1,1,0.875,0.11666666672427292,313.1499999999999,3.174603174603175
thermal-steady_clarabel,r7-thermal-dd216a83-6553-423b-acd4-401407416b95,R,1,1,0.9375,0.11666666672203582,313.15000000562844,3.174603174603175
thermal-steady_clarabel,r7-thermal-dd216a83-6553-423b-acd4-401407416b95,R,1,1,1.0,0.11666666671947487,313.15000000566624,3.174603174603175
hot_outlet_clarabel,r7-thermal-009353d2-a81c-4cca-a3a3-c4697b462cde,S,1,1,0.0,0.11666666666666668,,
hot_outlet_clarabel,r7-thermal-009353d2-a81c-4cca-a3a3-c4697b462cde,S,1,1,0.015625,0.11458333333333336,353.1500000000001,3.174603174603175
hot_outlet_clarabel,r7-thermal-009353d2-a81c-4cca-a3a3-c4697b462cde,S,1,1,0.03125,0.11250000000000003,353.15,3.174603174603175
hot_outlet_clarabel,r7-thermal-009353d2-a81c-4cca-a3a3-c4697b462cde,S,1,1,0.046875,0.11041666666666673,353.15,3.174603174603175
hot_outlet_clarabel,r7-thermal-009353d2-a81c-4cca-a3a3-c4697b462cde,S,1,1,0.0625,0.1083333333333334,353.1500000000001,3.174603174603175
hot_outlet_clarabel,r7-thermal-009353d2-a81c-4cca-a3a3-c4697b462cde,S,1,1,0.078125,0.10625000000000007,353.15,3.174603174603175
hot_outlet_clarabel,r7-thermal-009353d2-a81c-4cca-a3a3-c4697b462cde,S,1,1,0.09375,0.10416666666666684,353.15,3.174603174603175
hot_outlet_clarabel,r7-thermal-009353d2-a81c-4cca-a3a3-c4697b462cde,S,1,1,0.109375,0.10208333333333347,353.15,3.174603174603175
hot_outlet_clarabel,r7-thermal-009353d2-a81c-4cca-a3a3-c4697b462cde,S,1,1,0.125,0.10000000000000017,353.15,3.174603174603175
hot_outlet_clarabel,r7-thermal-009353d2-a81c-4cca-a3a3-c4697b462cde,S,1,1,0.140625,0.09791666666666687,353.1500000000001,3.174603174603175
hot_outlet_clarabel,r7-thermal-009353d2-a81c-4cca-a3a3-c4697b462cde,S,1,1,0.15625,0.09583333333333358,353.15,3.174603174603175
hot_outlet_clarabel,r7-thermal-009353d2-a81c-4cca-a3a3-c4697b462cde,S,1,1,0.171875,0.09375000000000015,353.15,3.174603174603175
hot_outlet_clarabel,r7-thermal-009353d2-a81c-4cca-a3a3-c4697b462cde,S,1,1,0.1875,0.09166666666666677,353.15,3.174603174603175
hot_outlet_clarabel,r7-thermal-009353d2-a81c-4cca-a3a3-c4697b462cde,S,1,1,0.203125,0.08958333333333363,353.15,3.174603174603175
hot_outlet_clarabel,r7-thermal-009353d2-a81c-4cca-a3a3-c4697b462cde,S,1,1,0.21875,0.08750000000000012,353.1500000000001,3.174603174603175
hot_outlet_clarabel,r7-thermal-009353d2-a81c-4cca-a3a3-c4697b462cde,S,1,1,0.234375,0.0854166666666669,353.1500000000001,3.174603174603175
hot_outlet_clarabel,r7-thermal-009353d2-a81c-4cca-a3a3-c4697b462cde,S,1,1,0.25,0.08333333333333402,353.1500000000001,3.174603174603175
hot_outlet_clarabel,r7-thermal-009353d2-a81c-4cca-a3a3-c4697b462cde,R,1,1,0.0,0.11666666666666668,,
hot_outlet_clarabel,r7-thermal-009353d2-a81c-4cca-a3a3-c4697b462cde,R,1,1,0.015625,0.11666666666696303,313.1500000000001,3.174603174603175
hot_outlet_clarabel,r7-thermal-009353d2-a81c-4cca-a3a3-c4697b462cde,R,1,1,0.03125,0.1166666666672589,313.1500000000001,3.174603174603175
hot_outlet_clarabel,r7-thermal-009353d2-a81c-4cca-a3a3-c4697b462cde,R,1,1,0.046875,0.11666666666755392,313.1500000000001,3.174603174603175
hot_outlet_clarabel,r7-thermal-009353d2-a81c-4cca-a3a3-c4697b462cde,R,1,1,0.0625,0.11666666666784763,313.1500000000001,3.174603174603175
hot_outlet_clarabel,r7-thermal-009353d2-a81c-4cca-a3a3-c4697b462cde,R,1,1,0.078125,0.11666666666813925,313.1500000000001,3.174603174603175
hot_outlet_clarabel,r7-thermal-009353d2-a81c-4cca-a3a3-c4697b462cde,R,1,1,0.09375,0.11666666666842772,313.1500000000001,3.174603174603175
hot_outlet_clarabel,r7-thermal-009353d2-a81c-4cca-a3a3-c4697b462cde,R,1,1,0.109375,0.11666666666871194,313.14999999999986,3.174603174603175
hot_outlet_clarabel,r7-thermal-009353d2-a81c-4cca-a3a3-c4697b462cde,R,1,1,0.125,0.11666666666898956,313.1500000000001,3.174603174603175
hot_outlet_clarabel,r7-thermal-009353d2-a81c-4cca-a3a3-c4697b462cde,R,1,1,0.140625,0.11666666666925733,313.1500000000001,3.174603174603175
hot_outlet_clarabel,r7-thermal-009353d2-a81c-4cca-a3a3-c4697b462cde,R,1,1,0.15625,0.11666666666951025,313.1500000000001,3.174603174603175
hot_outlet_clarabel,r7-thermal-009353d2-a81c-4cca-a3a3-c4697b462cde,R,1,1,0.171875,0.11666666666974139,313.1500000000001,3.174603174603175
hot_outlet_clarabel,r7-thermal-009353d2-a81c-4cca-a3a3-c4697b462cde,R,1,1,0.1875,0.11666666666993977,313.15,3.174603174603175
hot_outlet_clarabel,r7-thermal-009353d2-a81c-4cca-a3a3-c4697b462cde,R,1,1,0.203125,0.11666666667009097,313.15,3.174603174603175
hot_outlet_clarabel,r7-thermal-009353d2-a81c-4cca-a3a3-c4697b462cde,R,1,1,0.21875,0.1166666666701792,313.1500000000001,3.174603174603175
hot_outlet_clarabel,r7-thermal-009353d2-a81c-4cca-a3a3-c4697b462cde,R,1,1,0.234375,0.1166666666702069,313.1500000000001,3.174603174603175
hot_outlet_clarabel,r7-thermal-009353d2-a81c-4cca-a3a3-c4697b462cde,R,1,1,0.25,0.11666666667029775,313.1500000000001,3.174603174603175
cold_outlet_clarabel,r7-thermal-e8a57d9b-47be-4629-a869-e709834d0554,S,1,1,0.0,0.11666666666666664,,
cold_outlet_clarabel,r7-thermal-e8a57d9b-47be-4629-a869-e709834d0554,S,1,1,0.015625,0.11875000000000002,333.15000000000003,3.174603174603175
cold_outlet_clarabel,r7-thermal-e8a57d9b-47be-4629-a869-e709834d0554,S,1,1,0.03125,0.12083333333333339,333.15,3.174603174603175
cold_outlet_clarabel,r7-thermal-e8a57d9b-47be-4629-a869-e709834d0554,S,1,1,0.046875,0.12291666666666677,333.15,3.174603174603175
cold_outlet_clarabel,r7-thermal-e8a57d9b-47be-4629-a869-e709834d0554,S,1,1,0.0625,0.12500000000000014,333.15000000000003,3.174603174603175
cold_outlet_clarabel,r7-thermal-e8a57d9b-47be-4629-a869-e709834d0554,S,1,1,0.078125,0.1270833333333335,333.15,3.174603174603175
cold_outlet_clarabel,r7-thermal-e8a57d9b-47be-4629-a869-e709834d0554,S,1,1,0.09375,0.12916666666666687,333.15,3.174603174603175
cold_outlet_clarabel,r7-thermal-e8a57d9b-47be-4629-a869-e709834d0554,S,1,1,0.109375,0.13125000000000012,333.15,3.174603174603175
cold_outlet_clarabel,r7-thermal-e8a57d9b-47be-4629-a869-e709834d0554,S,1,1,0.125,0.1333333333333334,333.15,3.174603174603175
cold_outlet_clarabel,r7-thermal-e8a57d9b-47be-4629-a869-e709834d0554,S,1,1,0.140625,0.1354166666666667,333.15000000000003,3.174603174603175
cold_outlet_clarabel,r7-thermal-e8a57d9b-47be-4629-a869-e709834d0554,S,1,1,0.15625,0.13750000000000007,333.15,3.174603174603175
cold_outlet_clarabel,r7-thermal-e8a57d9b-47be-4629-a869-e709834d0554,S,1,1,0.171875,0.13958333333333378,333.15,3.174603174603175
cold_outlet_clarabel,r7-thermal-e8a57d9b-47be-4629-a869-e709834d0554,S,1,1,0.1875,0.14166666666666672,333.15,3.174603174603175
cold_outlet_clarabel,r7-thermal-e8a57d9b-47be-4629-a869-e709834d0554,S,1,1,0.203125,0.14375,333.15,3.174603174603175
cold_outlet_clarabel,r7-thermal-e8a57d9b-47be-4629-a869-e709834d0554,S,1,1,0.21875,0.14583333333333348,333.15000000000003,3.174603174603175
cold_outlet_clarabel,r7-thermal-e8a57d9b-47be-4629-a869-e709834d0554,S,1,1,0.234375,0.1479166666666669,333.15000000000003,3.174603174603175
cold_outlet_clarabel,r7-thermal-e8a57d9b-47be-4629-a869-e709834d0554,S,1,1,0.25,0.1500000000000007,333.15000000000003,3.174603174603175
cold_outlet_clarabel,r7-thermal-e8a57d9b-47be-4629-a869-e709834d0554,R,1,1,0.0,0.11666666666666664,,
cold_outlet_clarabel,r7-thermal-e8a57d9b-47be-4629-a869-e709834d0554,R,1,1,0.015625,0.11458333334545734,313.15000000000003,3.174603174603175
cold_outlet_clarabel,r7-thermal-e8a57d9b-47be-4629-a869-e709834d0554,R,1,1,0.03125,0.11250000002804214,313.15000000000003,3.174603174603175
cold_outlet_clarabel,r7-thermal-e8a57d9b-47be-4629-a869-e709834d0554,R,1,1,0.046875,0.11041666671365834,313.15000000000003,3.174603174603175
cold_outlet_clarabel,r7-thermal-e8a57d9b-47be-4629-a869-e709834d0554,R,1,1,0.0625,0.1083333334013582,313.15000000000003,3.174603174603175
cold_outlet_clarabel,r7-thermal-e8a57d9b-47be-4629-a869-e709834d0554,R,1,1,0.078125,0.10625000009009193,313.15000000000003,3.174603174603175
cold_outlet_clarabel,r7-thermal-e8a57d9b-47be-4629-a869-e709834d0554,R,1,1,0.09375,0.10416666677881609,313.15000000000003,3.174603174603175
cold_outlet_clarabel,r7-thermal-e8a57d9b-47be-4629-a869-e709834d0554,R,1,1,0.109375,0.1020833334666128,313.14999999999986,3.174603174603175
cold_outlet_clarabel,r7-thermal-e8a57d9b-47be-4629-a869-e709834d0554,R,1,1,0.125,0.1000000001527908,313.15000000000003,3.174603174603175
cold_outlet_clarabel,r7-thermal-e8a57d9b-47be-4629-a869-e709834d0554,R,1,1,0.140625,0.09791666683693735,313.15000000000003,3.174603174603175
cold_outlet_clarabel,r7-thermal-e8a57d9b-47be-4629-a869-e709834d0554,R,1,1,0.15625,0.09583333351888389,313.15000000000003,3.174603174603175
cold_outlet_clarabel,r7-thermal-e8a57d9b-47be-4629-a869-e709834d0554,R,1,1,0.171875,0.093750000198581,313.15000000000003,3.174603174603175
cold_outlet_clarabel,r7-thermal-e8a57d9b-47be-4629-a869-e709834d0554,R,1,1,0.1875,0.09166666687594012,313.1499999999999,3.174603174603175
cold_outlet_clarabel,r7-thermal-e8a57d9b-47be-4629-a869-e709834d0554,R,1,1,0.203125,0.08958333355080826,313.1499999999999,3.174603174603175
cold_outlet_clarabel,r7-thermal-e8a57d9b-47be-4629-a869-e709834d0554,R,1,1,0.21875,0.08750000022327599,313.15000000000003,3.174603174603175
cold_outlet_clarabel,r7-thermal-e8a57d9b-47be-4629-a869-e709834d0554,R,1,1,0.234375,0.0854166668941324,313.15000000000003,3.174603174603175
cold_outlet_clarabel,r7-thermal-e8a57d9b-47be-4629-a869-e709834d0554,R,1,1,0.25,0.08333333356439442,313.15000000000003,3.174603174603175
