run_id,policy,actor,utility,system_cost,cash_balance
base--central_socp,teaching,DSO,158.99749934081126,165.04933316162712,0.0
base--central_socp,teaching,A,-68.82353034693652,165.04933316162712,0.0
base--central_socp,teaching,B,-255.22330215550187,165.04933316162712,0.0
base--central_socp,alternative,DSO,158.99749934081126,165.04933316162712,-2.842170943040401e-14
base--central_socp,alternative,A,-59.099315047407096,165.04933316162712,-2.842170943040401e-14
base--central_socp,alternative,B,-264.94751745503135,165.04933316162712,-2.842170943040401e-14
base--central_socp,no_p2p,DSO,247.8848999303001,165.04933316162712,0.0
base--central_socp,no_p2p,A,-111.43988932614332,165.04933316162712,0.0
base--central_socp,no_p2p,B,-301.4943437657839,165.04933316162712,0.0
base--central_exact,teaching,DSO,158.9981955599531,165.04932978588795,2.842170943040401e-14
base--central_exact,teaching,A,-68.82398354503134,165.04932978588795,2.842170943040401e-14
base--central_exact,teaching,B,-255.2235418008097,165.04932978588795,2.842170943040401e-14
base--central_exact,alternative,DSO,158.9981955599531,165.04932978588795,0.0
base--central_exact,alternative,A,-59.09978945917125,165.04932978588795,0.0
base--central_exact,alternative,B,-264.9477358866698,165.04932978588795,0.0
base--central_exact,no_p2p,DSO,247.88540774331278,165.04932978588795,0.0
base--central_exact,no_p2p,A,-111.44025216272067,165.04932978588795,0.0
base--central_exact,no_p2p,B,-301.4944853664801,165.04932978588795,0.0
electric_bottleneck--central_socp,teaching,DSO,119.57111940602744,172.15572180711234,8.526512829121202e-14
electric_bottleneck--central_socp,teaching,A,-72.93394307171123,172.15572180711234,8.526512829121202e-14
electric_bottleneck--central_socp,teaching,B,-218.79289814142845,172.15572180711234,8.526512829121202e-14
electric_bottleneck--central_socp,alternative,DSO,119.57111940602744,172.15572180711234,2.842170943040401e-14
electric_bottleneck--central_socp,alternative,A,-66.22180763054283,172.15572180711234,2.842170943040401e-14
electric_bottleneck--central_socp,alternative,B,-225.5050335825969,172.15572180711234,2.842170943040401e-14
electric_bottleneck--central_socp,no_p2p,DSO,176.2692270159845,172.15572180711234,2.842170943040401e-14
electric_bottleneck--central_socp,no_p2p,A,-100.14421169964714,172.15572180711234,2.842170943040401e-14
electric_bottleneck--central_socp,no_p2p,B,-248.28073712344965,172.15572180711234,2.842170943040401e-14
electric_bottleneck--central_exact,teaching,DSO,119.5718972317666,172.15571557487633,5.684341886080802e-14
electric_bottleneck--central_exact,teaching,A,-72.93470608273225,172.15571557487633,5.684341886080802e-14
electric_bottleneck--central_exact,teaching,B,-218.79290672391062,172.15571557487633,5.684341886080802e-14
electric_bottleneck--central_exact,alternative,DSO,119.5718972317666,172.15571557487633,8.526512829121202e-14
electric_bottleneck--central_exact,alternative,A,-66.22257481695907,172.15571557487633,8.526512829121202e-14
electric_bottleneck--central_exact,alternative,B,-225.50503798968379,172.15571557487633,8.526512829121202e-14
electric_bottleneck--central_exact,no_p2p,DSO,176.26998881793827,172.15571557487633,2.842170943040401e-14
electric_bottleneck--central_exact,no_p2p,A,-100.14496690069639,172.15571557487633,2.842170943040401e-14
electric_bottleneck--central_exact,no_p2p,B,-248.2807374921182,172.15571557487633,2.842170943040401e-14
heat_bottleneck--central_socp,teaching,DSO,146.28594465608404,166.97439778132238,2.842170943040401e-14
heat_bottleneck--central_socp,teaching,A,-71.49594974435627,166.97439778132238,2.842170943040401e-14
heat_bottleneck--central_socp,teaching,B,-241.76439269305013,166.97439778132238,2.842170943040401e-14
heat_bottleneck--central_socp,alternative,DSO,146.28594465608404,166.97439778132238,8.526512829121202e-14
heat_bottleneck--central_socp,alternative,A,-62.669392156584344,166.97439778132238,8.526512829121202e-14
heat_bottleneck--central_socp,alternative,B,-250.590950280822,166.97439778132238,8.526512829121202e-14
heat_bottleneck--central_socp,no_p2p,DSO,224.85006590208357,166.97439778132238,0.0
heat_bottleneck--central_socp,no_p2p,A,-109.17508915497565,166.97439778132238,0.0
heat_bottleneck--central_socp,no_p2p,B,-282.6493745284303,166.97439778132238,0.0
heat_bottleneck--central_exact,teaching,DSO,146.2846524375805,166.9743409109513,2.842170943040401e-14
heat_bottleneck--central_exact,teaching,A,-71.49579516268332,166.9743409109513,2.842170943040401e-14
heat_bottleneck--central_exact,teaching,B,-241.76319818584847,166.9743409109513,2.842170943040401e-14
heat_bottleneck--central_exact,alternative,DSO,146.2846524375805,166.9743409109513,2.842170943040401e-14
heat_bottleneck--central_exact,alternative,A,-62.66935832204519,166.9743409109513,2.842170943040401e-14
heat_bottleneck--central_exact,alternative,B,-250.58963502648658,166.9743409109513,2.842170943040401e-14
heat_bottleneck--central_exact,no_p2p,DSO,224.84765626284522,166.9743409109513,5.684341886080802e-14
heat_bottleneck--central_exact,no_p2p,A,-109.17439891363176,166.9743409109513,5.684341886080802e-14
heat_bottleneck--central_exact,no_p2p,B,-282.6475982601647,166.9743409109513,5.684341886080802e-14
no_p2p--central_socp,teaching,DSO,247.8848999303001,165.04933316162712,0.0
no_p2p--central_socp,teaching,A,-111.43988932614332,165.04933316162712,0.0
no_p2p--central_socp,teaching,B,-301.4943437657839,165.04933316162712,0.0
no_p2p--central_socp,alternative,DSO,247.8848999303001,165.04933316162712,0.0
no_p2p--central_socp,alternative,A,-111.43988932614332,165.04933316162712,0.0
no_p2p--central_socp,alternative,B,-301.4943437657839,165.04933316162712,0.0
no_p2p--central_socp,no_p2p,DSO,247.8848999303001,165.04933316162712,0.0
no_p2p--central_socp,no_p2p,A,-111.43988932614332,165.04933316162712,0.0
no_p2p--central_socp,no_p2p,B,-301.4943437657839,165.04933316162712,0.0
no_p2p--central_exact,teaching,DSO,247.88540774331278,165.04932978588795,0.0
no_p2p--central_exact,teaching,A,-111.44025216272067,165.04932978588795,0.0
no_p2p--central_exact,teaching,B,-301.4944853664801,165.04932978588795,0.0
no_p2p--central_exact,alternative,DSO,247.88540774331278,165.04932978588795,0.0
no_p2p--central_exact,alternative,A,-111.44025216272067,165.04932978588795,0.0
no_p2p--central_exact,alternative,B,-301.4944853664801,165.04932978588795,0.0
no_p2p--central_exact,no_p2p,DSO,247.88540774331278,165.04932978588795,0.0
no_p2p--central_exact,no_p2p,A,-111.44025216272067,165.04932978588795,0.0
no_p2p--central_exact,no_p2p,B,-301.4944853664801,165.04932978588795,0.0
fixed_load--central_socp,teaching,DSO,150.51524675820357,145.38165307527834,-5.684341886080802e-14
fixed_load--central_socp,teaching,A,-55.26312545983067,145.38165307527834,-5.684341886080802e-14
fixed_load--central_socp,teaching,B,-240.63377437365128,145.38165307527834,-5.684341886080802e-14
fixed_load--central_socp,alternative,DSO,150.51524675820357,145.38165307527834,-8.526512829121202e-14
fixed_load--central_socp,alternative,A,-44.94347649125742,145.38165307527834,-8.526512829121202e-14
fixed_load--central_socp,alternative,B,-250.95342334222454,145.38165307527834,-8.526512829121202e-14
fixed_load--central_socp,no_p2p,DSO,244.44988149631118,145.38165307527834,-5.684341886080802e-14
fixed_load--central_socp,no_p2p,A,-100.3016181762276,145.38165307527834,-5.684341886080802e-14
fixed_load--central_socp,no_p2p,B,-289.52991639536197,145.38165307527834,-5.684341886080802e-14
fixed_load--central_exact,teaching,DSO,150.51459505771024,145.38161770327315,0.0
fixed_load--central_exact,teaching,A,-55.263346967109776,145.38161770327315,0.0
fixed_load--central_exact,teaching,B,-240.63286579387363,145.38161770327315,0.0
fixed_load--central_exact,alternative,DSO,150.51459505771024,145.38161770327315,0.0
fixed_load--central_exact,alternative,A,-44.943729137642165,145.38161770327315,0.0
fixed_load--central_exact,alternative,B,-250.95248362334124,145.38161770327315,0.0
fixed_load--central_exact,no_p2p,DSO,244.44875912548034,145.38161770327315,5.684341886080802e-14
fixed_load--central_exact,no_p2p,A,-100.30161509549913,145.38161770327315,5.684341886080802e-14
fixed_load--central_exact,no_p2p,B,-289.5287617332543,145.38161770327315,5.684341886080802e-14
base--clarabel_enumeration,teaching,DSO,158.99819327075704,165.04932979908904,2.842170943040401e-14
base--clarabel_enumeration,teaching,A,-68.82398320703672,165.04932979908904,2.842170943040401e-14
base--clarabel_enumeration,teaching,B,-255.22353986280933,165.04932979908904,2.842170943040401e-14
base--clarabel_enumeration,alternative,DSO,158.99819327075704,165.04932979908904,-2.842170943040401e-14
base--clarabel_enumeration,alternative,A,-59.09978924681947,165.04932979908904,-2.842170943040401e-14
base--clarabel_enumeration,alternative,B,-264.9477338230266,165.04932979908904,-2.842170943040401e-14
base--clarabel_enumeration,no_p2p,DSO,247.8854042423731,165.04932979908904,0.0
base--clarabel_enumeration,no_p2p,A,-111.44025124412946,165.04932979908904,0.0
base--clarabel_enumeration,no_p2p,B,-301.4944827973327,165.04932979908904,0.0
