core_cost,cost,diagnostic,id,mode,stage,tail_cost,update
NaN,NaN,0.0021278183145210477,single-source-schpd-physical,diagnostic,2,NaN,0
80.7856349224336,80.7856349224336,NaN,single-source-schpd-physical,dispatch,5,0.0,1
79.53736976250165,79.53736976250165,NaN,single-source-schpd-physical,dispatch,11,0.0,2
78.90847490159553,78.90847490159553,NaN,single-source-schpd-physical,dispatch,19,0.0,3
78.58706475753199,78.58706475753199,NaN,single-source-schpd-physical,dispatch,29,0.0,4
78.42390734647748,78.42390734647748,NaN,single-source-schpd-physical,dispatch,41,0.0,5
78.34162094752202,78.34162094752202,NaN,single-source-schpd-physical,dispatch,55,0.0,6
78.3209734992213,78.3209734992213,NaN,single-source-schpd-physical,dispatch,73,0.0,7
78.31063113538731,78.31063113538731,NaN,single-source-schpd-physical,dispatch,93,0.0,8
78.30541794420482,78.30541794420482,NaN,single-source-schpd-physical,dispatch,115,0.0,9
NaN,NaN,0.0021278183145210477,single-source-schpd-normalized,diagnostic,2,NaN,0
80.7856349224336,80.7856349224336,NaN,single-source-schpd-normalized,dispatch,5,0.0,1
79.53736976250165,79.53736976250165,NaN,single-source-schpd-normalized,dispatch,11,0.0,2
78.90847490159553,78.90847490159553,NaN,single-source-schpd-normalized,dispatch,19,0.0,3
78.58706475753199,78.58706475753199,NaN,single-source-schpd-normalized,dispatch,29,0.0,4
78.42390734647748,78.42390734647748,NaN,single-source-schpd-normalized,dispatch,41,0.0,5
78.34162094752202,78.34162094752202,NaN,single-source-schpd-normalized,dispatch,55,0.0,6
78.3209734992213,78.3209734992213,NaN,single-source-schpd-normalized,dispatch,73,0.0,7
78.31063113538731,78.31063113538731,NaN,single-source-schpd-normalized,dispatch,93,0.0,8
78.30541794420482,78.30541794420482,NaN,single-source-schpd-normalized,dispatch,115,0.0,9
80.18286341908787,80.18286341908787,NaN,single-source-case_fixed-physical,dispatch,1,0.0,0
78.64295269532099,78.64295269532099,NaN,single-source-case_fixed-physical,dispatch,5,0.0,1
78.2333405098072,78.2333405098072,NaN,single-source-case_fixed-physical,dispatch,15,0.0,2
78.18249149493523,78.18249149493523,NaN,single-source-case_fixed-physical,dispatch,31,0.0,3
78.15704934151346,78.15704934151346,NaN,single-source-case_fixed-physical,dispatch,49,0.0,4
78.1443228320929,78.1443228320929,NaN,single-source-case_fixed-physical,dispatch,69,0.0,5
78.1379576549401,78.1379576549401,NaN,single-source-case_fixed-physical,dispatch,91,0.0,6
78.13477410104417,78.13477410104417,NaN,single-source-case_fixed-physical,dispatch,115,0.0,7
78.13318157908675,78.13318157908675,NaN,single-source-case_fixed-physical,dispatch,141,0.0,8
80.18286341908787,80.18286341908787,NaN,single-source-case_fixed-normalized,dispatch,1,0.0,0
78.64295269532099,78.64295269532099,NaN,single-source-case_fixed-normalized,dispatch,5,0.0,1
78.2333405098072,78.2333405098072,NaN,single-source-case_fixed-normalized,dispatch,15,0.0,2
78.18249149493523,78.18249149493523,NaN,single-source-case_fixed-normalized,dispatch,31,0.0,3
78.15704934151346,78.15704934151346,NaN,single-source-case_fixed-normalized,dispatch,49,0.0,4
78.1443228320929,78.1443228320929,NaN,single-source-case_fixed-normalized,dispatch,69,0.0,5
78.1379576549401,78.1379576549401,NaN,single-source-case_fixed-normalized,dispatch,91,0.0,6
78.13477410104417,78.13477410104417,NaN,single-source-case_fixed-normalized,dispatch,115,0.0,7
78.13318157908675,78.13318157908675,NaN,single-source-case_fixed-normalized,dispatch,141,0.0,8
NaN,NaN,0.040501967556627334,single-source-box25-physical,diagnostic,2,NaN,0
NaN,NaN,0.0028856018761165376,single-source-box25-physical,diagnostic,4,NaN,1
NaN,NaN,0.0014908383926351791,single-source-box25-physical,diagnostic,12,NaN,2
80.53833350830101,80.53833350830101,NaN,single-source-box25-physical,dispatch,21,0.0,3
80.33350619770268,80.33350619770268,NaN,single-source-box25-physical,dispatch,35,0.0,4
80.22922689417159,80.22922689417159,NaN,single-source-box25-physical,dispatch,51,0.0,5
80.17657008684274,80.17657008684274,NaN,single-source-box25-physical,dispatch,69,0.0,6
80.15010566075571,80.15010566075571,NaN,single-source-box25-physical,dispatch,89,0.0,7
80.1368386182614,80.1368386182614,NaN,single-source-box25-physical,dispatch,111,0.0,8
NaN,NaN,0.040501967556627334,single-source-box25-normalized,diagnostic,2,NaN,0
NaN,NaN,0.0028856018761165376,single-source-box25-normalized,diagnostic,4,NaN,1
NaN,NaN,0.0014908383926351791,single-source-box25-normalized,diagnostic,12,NaN,2
80.53833350830101,80.53833350830101,NaN,single-source-box25-normalized,dispatch,21,0.0,3
80.33350619770268,80.33350619770268,NaN,single-source-box25-normalized,dispatch,35,0.0,4
80.22922689417159,80.22922689417159,NaN,single-source-box25-normalized,dispatch,51,0.0,5
80.17657008684274,80.17657008684274,NaN,single-source-box25-normalized,dispatch,69,0.0,6
80.15010566075571,80.15010566075571,NaN,single-source-box25-normalized,dispatch,89,0.0,7
80.1368386182614,80.1368386182614,NaN,single-source-box25-normalized,dispatch,111,0.0,8
80.18286364359955,80.18286364359955,NaN,single-source-box50-physical,dispatch,1,0.0,0
78.64295247234347,78.64295247234347,NaN,single-source-box50-physical,dispatch,5,0.0,1
78.2333401421983,78.2333401421983,NaN,single-source-box50-physical,dispatch,15,0.0,2
78.18249110940641,78.18249110940641,NaN,single-source-box50-physical,dispatch,31,0.0,3
78.15704894698038,78.15704894698038,NaN,single-source-box50-physical,dispatch,49,0.0,4
78.14432243150435,78.14432243150435,NaN,single-source-box50-physical,dispatch,69,0.0,5
78.13795728808135,78.13795728808135,NaN,single-source-box50-physical,dispatch,91,0.0,6
78.13477366250677,78.13477366250677,NaN,single-source-box50-physical,dispatch,115,0.0,7
78.13318117596482,78.13318117596482,NaN,single-source-box50-physical,dispatch,141,0.0,8
80.18286364359955,80.18286364359955,NaN,single-source-box50-normalized,dispatch,1,0.0,0
78.64295247234347,78.64295247234347,NaN,single-source-box50-normalized,dispatch,5,0.0,1
78.2333401421983,78.2333401421983,NaN,single-source-box50-normalized,dispatch,15,0.0,2
78.18249110940641,78.18249110940641,NaN,single-source-box50-normalized,dispatch,31,0.0,3
78.15704894698038,78.15704894698038,NaN,single-source-box50-normalized,dispatch,49,0.0,4
78.14432243150435,78.14432243150435,NaN,single-source-box50-normalized,dispatch,69,0.0,5
78.13795728808135,78.13795728808135,NaN,single-source-box50-normalized,dispatch,91,0.0,6
78.13477366250677,78.13477366250677,NaN,single-source-box50-normalized,dispatch,115,0.0,7
78.13318117596482,78.13318117596482,NaN,single-source-box50-normalized,dispatch,141,0.0,8
NaN,NaN,0.029648411070094614,single-source-box75-physical,diagnostic,2,NaN,0
NaN,NaN,0.01595700528287058,single-source-box75-physical,diagnostic,4,NaN,1
NaN,NaN,0.002957412714068155,single-source-box75-physical,diagnostic,8,NaN,2
81.37432712602194,81.37432712602194,NaN,single-source-box75-physical,dispatch,11,0.0,3
80.32474808795558,80.32474808795558,NaN,single-source-box75-physical,dispatch,17,0.0,4
80.08442154218224,80.08442154218224,NaN,single-source-box75-physical,dispatch,27,0.0,5
80.0695967951942,80.0695967951942,NaN,single-source-box75-physical,dispatch,45,0.0,6
80.06218795992545,80.06218795992545,NaN,single-source-box75-physical,dispatch,65,0.0,7
80.0584843187419,80.0584843187419,NaN,single-source-box75-physical,dispatch,87,0.0,8
NaN,NaN,0.029648411070094614,single-source-box75-normalized,diagnostic,2,NaN,0
NaN,NaN,0.01595700528287058,single-source-box75-normalized,diagnostic,4,NaN,1
NaN,NaN,0.002957412714068155,single-source-box75-normalized,diagnostic,8,NaN,2
81.37432712602194,81.37432712602194,NaN,single-source-box75-normalized,dispatch,11,0.0,3
80.32474808795558,80.32474808795558,NaN,single-source-box75-normalized,dispatch,17,0.0,4
80.08442154218224,80.08442154218224,NaN,single-source-box75-normalized,dispatch,27,0.0,5
80.0695967951942,80.0695967951942,NaN,single-source-box75-normalized,dispatch,45,0.0,6
80.06218795992545,80.06218795992545,NaN,single-source-box75-normalized,dispatch,65,0.0,7
80.0584843187419,80.0584843187419,NaN,single-source-box75-normalized,dispatch,87,0.0,8
NaN,NaN,0.00742724719548382,single-source-legacy_tail-physical,diagnostic,2,NaN,0
NaN,NaN,4.450861328735194e-5,single-source-legacy_tail-physical,diagnostic,4,NaN,1
NaN,NaN,1.0695493595335052e-5,single-source-legacy_tail-physical,diagnostic,10,NaN,2
NaN,NaN,2.5879027395899543e-6,single-source-legacy_tail-physical,diagnostic,20,NaN,3
32.737210163003425,146.03258188121853,NaN,single-source-legacy_tail-physical,dispatch,33,113.29537171821511,4
NaN,NaN,0.00742724719548382,single-source-legacy_tail-normalized,diagnostic,2,NaN,0
NaN,NaN,4.450861328735194e-5,single-source-legacy_tail-normalized,diagnostic,4,NaN,1
NaN,NaN,1.0695493595335052e-5,single-source-legacy_tail-normalized,diagnostic,10,NaN,2
NaN,NaN,2.5879027395899543e-6,single-source-legacy_tail-normalized,diagnostic,20,NaN,3
32.737210163003425,146.03258188121853,NaN,single-source-legacy_tail-normalized,dispatch,33,113.29537171821511,4
NaN,NaN,0.0073820917671460415,single-source-bounded_return_tail-physical,diagnostic,2,NaN,0
32.71547382754791,145.9874101696672,NaN,single-source-bounded_return_tail-physical,dispatch,3,113.2719363421193,1
32.367379377538455,145.639315881241,NaN,single-source-bounded_return_tail-physical,dispatch,9,113.27193650370255,2
32.282527376331046,145.5544638756912,NaN,single-source-bounded_return_tail-physical,dispatch,19,113.27193649936017,3
32.27194935845773,145.54388585591704,NaN,single-source-bounded_return_tail-physical,dispatch,35,113.27193649745931,4
32.26665915628212,145.53859554442477,NaN,single-source-bounded_return_tail-physical,dispatch,53,113.27193638814268,5
NaN,NaN,0.0073820917671460415,single-source-bounded_return_tail-normalized,diagnostic,2,NaN,0
32.71547382754791,145.9874101696672,NaN,single-source-bounded_return_tail-normalized,dispatch,3,113.2719363421193,1
32.367379377538455,145.639315881241,NaN,single-source-bounded_return_tail-normalized,dispatch,9,113.27193650370255,2
32.282527376331046,145.5544638756912,NaN,single-source-bounded_return_tail-normalized,dispatch,19,113.27193649936017,3
32.27194935845773,145.54388585591704,NaN,single-source-bounded_return_tail-normalized,dispatch,35,113.27193649745931,4
32.26665915628212,145.53859554442477,NaN,single-source-bounded_return_tail-normalized,dispatch,53,113.27193638814268,5
NaN,NaN,0.007382091805635563,single-source-core_only-physical,diagnostic,2,NaN,0
32.71546565923246,32.71546565923246,NaN,single-source-core_only-physical,dispatch,3,0.0,1
32.363198570735804,32.363198570735804,NaN,single-source-core_only-physical,dispatch,9,0.0,2
32.27744260971695,32.27744260971695,NaN,single-source-core_only-physical,dispatch,19,0.0,3
32.26675526628817,32.26675526628817,NaN,single-source-core_only-physical,dispatch,35,0.0,4
32.26141101743488,32.26141101743488,NaN,single-source-core_only-physical,dispatch,53,0.0,5
NaN,NaN,0.007382091805635563,single-source-core_only-normalized,diagnostic,2,NaN,0
32.71546565923246,32.71546565923246,NaN,single-source-core_only-normalized,dispatch,3,0.0,1
32.363198570735804,32.363198570735804,NaN,single-source-core_only-normalized,dispatch,9,0.0,2
32.27744260971695,32.27744260971695,NaN,single-source-core_only-normalized,dispatch,19,0.0,3
32.26675526628817,32.26675526628817,NaN,single-source-core_only-normalized,dispatch,35,0.0,4
32.26141101743488,32.26141101743488,NaN,single-source-core_only-normalized,dispatch,53,0.0,5
NaN,NaN,0.0021278183145210477,single-source-schpd-step001,diagnostic,2,NaN,0
80.22287842089806,80.22287842089806,NaN,single-source-schpd-step001,dispatch,3,0.0,1
79.97738154166638,79.97738154166638,NaN,single-source-schpd-step001,dispatch,7,0.0,2
79.85375234758737,79.85375234758737,NaN,single-source-schpd-step001,dispatch,13,0.0,3
79.83827523571867,79.83827523571867,NaN,single-source-schpd-step001,dispatch,25,0.0,4
79.83053372930797,79.83053372930797,NaN,single-source-schpd-step001,dispatch,39,0.0,5
79.82859992265956,79.82859992265956,NaN,single-source-schpd-step001,dispatch,57,0.0,6
79.82763381118545,79.82763381118545,NaN,single-source-schpd-step001,dispatch,77,0.0,7
79.82708900503249,79.82708900503249,NaN,single-source-schpd-step001,dispatch,99,0.0,8
NaN,NaN,0.0021278183145210477,single-source-schpd-step100,diagnostic,2,NaN,0
80.94076673520452,80.94076673520452,NaN,single-source-schpd-step100,dispatch,11,0.0,1
79.35297501471379,79.35297501471379,NaN,single-source-schpd-step100,dispatch,23,0.0,2
78.5645279613569,78.5645279613569,NaN,single-source-schpd-step100,dispatch,37,0.0,3
78.15877251389446,78.15877251389446,NaN,single-source-schpd-step100,dispatch,53,0.0,4
78.05585340037975,78.05585340037975,NaN,single-source-schpd-step100,dispatch,73,0.0,5
78.00408212057928,78.00408212057928,NaN,single-source-schpd-step100,dispatch,95,0.0,6
77.99109722424805,77.99109722424805,NaN,single-source-schpd-step100,dispatch,121,0.0,7
NaN,NaN,0.007753055026080744,two-source-schpd-physical,diagnostic,2,NaN,0
182.9863617551801,182.9863617551801,NaN,two-source-schpd-physical,dispatch,3,0.0,1
179.4094280900252,179.4094280900252,NaN,two-source-schpd-physical,dispatch,7,0.0,2
NaN,NaN,0.007753055026080744,two-source-schpd-normalized,diagnostic,2,NaN,0
182.9893076421676,182.9893076421676,NaN,two-source-schpd-normalized,dispatch,3,0.0,1
180.0356520558546,180.0356520558546,NaN,two-source-schpd-normalized,dispatch,7,0.0,2
181.63539796104027,181.63539796104027,NaN,two-source-case_fixed-physical,dispatch,1,0.0,0
180.47807832547113,180.47807832547113,NaN,two-source-case_fixed-physical,dispatch,5,0.0,1
180.21205509840513,180.21205509840513,NaN,two-source-case_fixed-physical,dispatch,15,0.0,2
180.14643252573833,180.14643252573833,NaN,two-source-case_fixed-physical,dispatch,29,0.0,3
180.13007542758095,180.13007542758095,NaN,two-source-case_fixed-physical,dispatch,47,0.0,4
180.12598911828283,180.12598911828283,NaN,two-source-case_fixed-physical,dispatch,69,0.0,5
180.1239462457528,180.1239462457528,NaN,two-source-case_fixed-physical,dispatch,93,0.0,6
180.122924828581,180.122924828581,NaN,two-source-case_fixed-physical,dispatch,119,0.0,7
181.63539796104027,181.63539796104027,NaN,two-source-case_fixed-normalized,dispatch,1,0.0,0
180.55824902559647,180.55824902559647,NaN,two-source-case_fixed-normalized,dispatch,5,0.0,1
180.30923811881325,180.30923811881325,NaN,two-source-case_fixed-normalized,dispatch,15,0.0,2
180.2477043509212,180.2477043509212,NaN,two-source-case_fixed-normalized,dispatch,29,0.0,3
180.23235957606983,180.23235957606983,NaN,two-source-case_fixed-normalized,dispatch,47,0.0,4
180.22852574747532,180.22852574747532,NaN,two-source-case_fixed-normalized,dispatch,69,0.0,5
180.22756725963177,180.22756725963177,NaN,two-source-case_fixed-normalized,dispatch,95,0.0,6
NaN,NaN,0.05451826995477988,two-source-box25-physical,diagnostic,2,NaN,0
184.14377267645108,184.14377267645108,NaN,two-source-box25-physical,dispatch,3,0.0,1
183.3353170958893,183.3353170958893,NaN,two-source-box25-physical,dispatch,13,0.0,2
183.23464172508005,183.23464172508005,NaN,two-source-box25-physical,dispatch,29,0.0,3
183.20948607713925,183.20948607713925,NaN,two-source-box25-physical,dispatch,49,0.0,4
183.19691039315524,183.19691039315524,NaN,two-source-box25-physical,dispatch,71,0.0,5
183.19062309913284,183.19062309913284,NaN,two-source-box25-physical,dispatch,95,0.0,6
NaN,NaN,0.05451826995477988,two-source-box25-normalized,diagnostic,2,NaN,0
184.14215977379746,184.14215977379746,NaN,two-source-box25-normalized,dispatch,3,0.0,1
183.33811413414696,183.33811413414696,NaN,two-source-box25-normalized,dispatch,13,0.0,2
183.23798402995692,183.23798402995692,NaN,two-source-box25-normalized,dispatch,29,0.0,3
183.21296498359123,183.21296498359123,NaN,two-source-box25-normalized,dispatch,49,0.0,4
183.20045778320628,183.20045778320628,NaN,two-source-box25-normalized,dispatch,71,0.0,5
183.1942052448302,183.1942052448302,NaN,two-source-box25-normalized,dispatch,95,0.0,6
181.6353979901378,181.6353979901378,NaN,two-source-box50-physical,dispatch,1,0.0,0
180.47807837490717,180.47807837490717,NaN,two-source-box50-physical,dispatch,5,0.0,1
180.21205515240945,180.21205515240945,NaN,two-source-box50-physical,dispatch,15,0.0,2
180.14643258103615,180.14643258103615,NaN,two-source-box50-physical,dispatch,29,0.0,3
180.1300754832723,180.1300754832723,NaN,two-source-box50-physical,dispatch,47,0.0,4
180.12598917413482,180.12598917413482,NaN,two-source-box50-physical,dispatch,69,0.0,5
180.12394630153673,180.12394630153673,NaN,two-source-box50-physical,dispatch,93,0.0,6
180.12292488465545,180.12292488465545,NaN,two-source-box50-physical,dispatch,119,0.0,7
181.6353979901378,181.6353979901378,NaN,two-source-box50-normalized,dispatch,1,0.0,0
180.55824907689498,180.55824907689498,NaN,two-source-box50-normalized,dispatch,5,0.0,1
180.30923817556499,180.30923817556499,NaN,two-source-box50-normalized,dispatch,15,0.0,2
180.24770440902586,180.24770440902586,NaN,two-source-box50-normalized,dispatch,29,0.0,3
180.2323596364994,180.2323596364994,NaN,two-source-box50-normalized,dispatch,47,0.0,4
180.2285258061942,180.2285258061942,NaN,two-source-box50-normalized,dispatch,69,0.0,5
180.22756731487175,180.22756731487175,NaN,two-source-box50-normalized,dispatch,95,0.0,6
NaN,NaN,0.0332634166534314,two-source-box75-physical,diagnostic,2,NaN,0
NaN,NaN,0.015955869986159013,two-source-box75-physical,diagnostic,4,NaN,1
187.48422019241065,187.48422019241065,NaN,two-source-box75-physical,dispatch,7,0.0,2
186.45053515856995,186.45053515856995,NaN,two-source-box75-physical,dispatch,15,0.0,3
186.32087095134239,186.32087095134239,NaN,two-source-box75-physical,dispatch,29,0.0,4
186.2559936756025,186.2559936756025,NaN,two-source-box75-physical,dispatch,45,0.0,5
186.23976932453826,186.23976932453826,NaN,two-source-box75-physical,dispatch,65,0.0,6
186.23165613519947,186.23165613519947,NaN,two-source-box75-physical,dispatch,87,0.0,7
186.22759401005044,186.22759401005044,NaN,two-source-box75-physical,dispatch,111,0.0,8
NaN,NaN,0.0332634166534314,two-source-box75-normalized,diagnostic,2,NaN,0
NaN,NaN,0.0159562220571309,two-source-box75-normalized,diagnostic,4,NaN,1
187.48535249434866,187.48535249434866,NaN,two-source-box75-normalized,dispatch,7,0.0,2
186.45745333979582,186.45745333979582,NaN,two-source-box75-normalized,dispatch,15,0.0,3
186.32854956465556,186.32854956465556,NaN,two-source-box75-normalized,dispatch,29,0.0,4
186.26405600338472,186.26405600338472,NaN,two-source-box75-normalized,dispatch,45,0.0,5
186.24792860406336,186.24792860406336,NaN,two-source-box75-normalized,dispatch,65,0.0,6
186.23986437999076,186.23986437999076,NaN,two-source-box75-normalized,dispatch,87,0.0,7
186.23784827883344,186.23784827883344,NaN,two-source-box75-normalized,dispatch,113,0.0,8
NaN,NaN,0.0012767299145820547,two-source-legacy_tail-physical,diagnostic,2,NaN,0
NaN,NaN,0.00014598328729013713,two-source-legacy_tail-physical,diagnostic,4,NaN,1
NaN,NaN,0.0012767299145820547,two-source-legacy_tail-normalized,diagnostic,2,NaN,0
NaN,NaN,0.0001462911724594071,two-source-legacy_tail-normalized,diagnostic,4,NaN,1
NaN,NaN,0.0011302592108561795,two-source-bounded_return_tail-physical,diagnostic,2,NaN,0
68.52258003835007,457.45322223583787,NaN,two-source-bounded_return_tail-physical,dispatch,3,388.9306421974878,1
67.23872157954702,456.1556674830411,NaN,two-source-bounded_return_tail-physical,dispatch,7,388.91694590349414,2
NaN,NaN,0.0011302592108561795,two-source-bounded_return_tail-normalized,diagnostic,2,NaN,0
68.52271513631254,457.45335774777936,NaN,two-source-bounded_return_tail-normalized,dispatch,3,388.93064261146685,1
67.39205666692146,456.32475614697097,NaN,two-source-bounded_return_tail-normalized,dispatch,7,388.93269948004956,2
NaN,NaN,0.0011302592022971781,two-source-core_only-physical,diagnostic,2,NaN,0
68.52258003882194,68.52258003882194,NaN,two-source-core_only-physical,dispatch,3,0.0,1
67.1191028829449,67.1191028829449,NaN,two-source-core_only-physical,dispatch,7,0.0,2
NaN,NaN,0.0011302592022971781,two-source-core_only-normalized,diagnostic,2,NaN,0
68.52271438850178,68.52271438850178,NaN,two-source-core_only-normalized,dispatch,3,0.0,1
67.27249885549818,67.27249885549818,NaN,two-source-core_only-normalized,dispatch,7,0.0,2
NaN,NaN,0.007753055026080744,two-source-schpd-step001,diagnostic,2,NaN,0
NaN,NaN,0.00496956593623506,two-source-schpd-step001,diagnostic,4,NaN,1
NaN,NaN,0.0021844853563945887,two-source-schpd-step001,diagnostic,8,NaN,2
186.26051502318919,186.26051502318919,NaN,two-source-schpd-step001,dispatch,11,0.0,3
185.63088404977458,185.63088404977458,NaN,two-source-schpd-step001,dispatch,15,0.0,4
185.29232838065533,185.29232838065533,NaN,two-source-schpd-step001,dispatch,19,0.0,5
184.64684729157494,184.64684729157494,NaN,two-source-schpd-step001,dispatch,23,0.0,6
184.00595959464212,184.00595959464212,NaN,two-source-schpd-step001,dispatch,27,0.0,7
183.38663489960175,183.38663489960175,NaN,two-source-schpd-step001,dispatch,31,0.0,8
183.13900261545515,183.13900261545515,NaN,two-source-schpd-step001,dispatch,35,0.0,9
182.2608318590363,182.2608318590363,NaN,two-source-schpd-step001,dispatch,39,0.0,10
182.00487304326208,182.00487304326208,NaN,two-source-schpd-step001,dispatch,43,0.0,11
181.2399792522778,181.2399792522778,NaN,two-source-schpd-step001,dispatch,47,0.0,12
NaN,NaN,0.007753055026080744,two-source-schpd-step100,diagnostic,2,NaN,0
NaN,NaN,0.0017072069422640597,two-source-schpd-step100,diagnostic,8,NaN,1
179.98667355613685,179.98667355613685,NaN,two-source-schpd-step100,dispatch,17,0.0,2
