run_id,iteration,trial,status,radius,accepted,direction,prediction,ratio,reason,switches
r3-v3-20260917T115348-b8a7a604/two-source-VF_VT-pg,2,13,local_checked,0.1,true,0.00511172927659409,3.949467005756602e-6,1.0007542922951616,"",""
r3-v3-20260917T115348-b8a7a604/two-source-VF_VT-pg,3,13,local_checked,0.2,true,0.00512064033812365,3.949530173061322e-6,1.0007504129312623,"",""
r3-v3-20260917T115348-b8a7a604/two-source-VF_VT-pg,4,13,local_checked,0.2,true,0.005129122317359958,3.9491396782442845e-6,1.0007512869205673,"",""
r3-v3-20260917T115348-b8a7a604/two-source-VF_VT-pg,5,13,local_checked,0.2,true,0.005137768462505576,3.948898733147077e-6,1.0007468804563198,"",""
r3-v3-20260917T115348-b8a7a604/two-source-VF_VT-pg,6,13,local_checked,0.2,true,0.00514633084621785,3.948554126428916e-6,1.0007455708770996,"",""
r3-v3-20260917T115348-b8a7a604/two-source-VF_VT-pg,7,13,local_checked,0.2,true,0.005154853676916815,3.948145298443562e-6,1.000745742093076,"",""
r3-v3-20260917T115348-b8a7a604/two-source-VF_VT-pg,8,13,local_checked,0.2,true,0.005163461258298696,3.947811053187089e-6,1.000735062262632,"",""
r3-v3-20260917T115348-b8a7a604/two-source-VF_VT-pg,9,13,local_checked,0.2,true,0.005171908726866903,3.9473042216797705e-6,1.0007322370768936,"",""
r3-v3-20260917T115348-b8a7a604/two-source-VF_VT-pg,10,13,local_checked,0.2,true,0.0051803078533527724,3.946738366858438e-6,1.000729567074195,"",""
r3-v3-20260917T115348-b8a7a604/two-source-VF_VT-pg,11,13,local_checked,0.2,true,0.005188715400606725,3.946179617755896e-6,1.0007269286593616,"",""
r3-v3-20260917T115348-b8a7a604/two-source-VF_VT-pg,12,13,local_checked,0.2,true,0.005197307845488552,3.945746062730682e-6,1.0007247566525779,"",""
r3-v3-20260917T115348-b8a7a604/two-source-VF_VT-pg,13,13,local_checked,0.2,true,0.0049291278278129624,3.1664269800057987e-6,1.0012295807634763,"",""
r3-v3-20260917T115348-b8a7a604/two-source-VF_VT-pg,14,13,local_checked,0.2,true,0.004626557839380041,2.297701996029078e-6,1.0018103263119669,"",""
r3-v3-20260917T115348-b8a7a604/two-source-VF_VT-pg,15,13,local_checked,0.2,true,0.004631168565163435,2.297034915124674e-6,1.0018077289467922,"",""
r3-v3-20260917T115348-b8a7a604/two-source-VF_VT-pg,16,13,local_checked,0.2,true,0.004636055062000821,2.2970418533246884e-6,1.001802573078408,"",""
r3-v3-20260917T115348-b8a7a604/two-source-VF_VT-pg,17,13,local_checked,0.2,true,0.004640876289649043,2.2970067617561485e-6,1.0018023926798505,"",""
r3-v3-20260917T115348-b8a7a604/two-source-VF_VT-pg,18,13,local_checked,0.2,true,0.004646023014736045,2.297123204111906e-6,1.001801728152058,"",""
r3-v3-20260917T115348-b8a7a604/two-source-VF_VT-pg,19,13,local_checked,0.2,true,0.00041130992697269164,2.099592895654645e-7,0.9999058863226927,"",""
r3-v3-20260917T115348-b8a7a604/two-source-VF_VT-pg,20,13,local_checked,0.2,true,0.00016007030337306105,7.500254736725331e-9,1.003224007766368,"",""
r3-v3-20260917T115348-b8a7a604/two-source-VF_VT-pg,21,13,local_checked,0.2,true,0.00016008576184134427,7.458594353249026e-9,1.003377544935647,"",""
r3-v3-20260917T115348-b8a7a604/two-source-VF_VT-pg,22,13,local_checked,0.2,true,0.0001600851400738179,7.457804346300279e-9,1.0032639187675334,"",""
r3-v3-20260917T115348-b8a7a604/two-source-VF_VT-pg,23,13,local_checked,0.2,true,0.0001600829788017677,7.459187364999842e-9,1.0033433335300188,"",""
r3-v3-20260917T115348-b8a7a604/two-source-VF_VT-pg,24,13,local_checked,0.2,true,0.00016008433766501184,7.45893206921533e-9,1.00334857380356,"",""
r3-v3-20260917T115348-b8a7a604/two-source-VF_VT-pg,25,13,local_checked,0.2,true,0.0001600854187024936,7.459548367894087e-9,1.0034453917325363,"",""
r3-v3-20260917T115348-b8a7a604/two-source-VF_VT-pg,26,13,local_checked,0.2,true,0.00016007619589331057,7.456962131113798e-9,1.0035860538411396,"",""
r3-v3-20260917T115348-b8a7a604/two-source-VF_VT-pg,27,13,local_checked,0.2,true,0.00016005015202580353,7.455292841407335e-9,1.00393344906265,"",""
r3-v3-20260917T115348-b8a7a604/two-source-VF_VT-pg,28,13,local_checked,0.2,true,0.00016001169653279135,7.452454320322488e-9,1.0038228144103467,"",""
r3-v3-20260917T115348-b8a7a604/two-source-VF_VT-pg,29,13,local_checked,0.2,true,0.00015996111244831468,7.452489958481578e-9,1.0032466413715735,"",""
r3-v3-20260917T115348-b8a7a604/two-source-VF_VT-pg,30,13,local_checked,0.2,true,0.00015989160831608729,7.455709369330599e-9,1.003243441378884,"",""
r3-v3-20260917T115348-b8a7a604/two-source-VF_VT-pg,31,13,local_checked,0.2,true,0.0001597918142337562,7.4505080716047445e-9,1.002764982077845,"",""
r3-v3-20260917T115348-b8a7a604/two-source-VF_VT-pg,32,13,local_checked,0.2,true,0.0001596204514093813,7.439669325037812e-9,1.0033173658805898,"",""
r3-v3-20260917T115348-b8a7a604/two-source-VF_VT-pg,33,13,local_checked,0.2,true,0.00015956517416171323,7.435426621626995e-9,1.0034964923304854,"",""
r3-v3-20260917T115348-b8a7a604/two-source-VF_VT-pg,34,13,local_checked,0.2,true,0.00015951803248270835,7.432338536284e-9,1.0034796725147357,"",""
r3-v3-20260917T115348-b8a7a604/two-source-VF_VT-pg,35,13,local_checked,0.2,true,0.00015946936031951964,7.430616816295199e-9,1.0042186635074006,"",""
r3-v3-20260917T115348-b8a7a604/two-source-VF_VT-pg,36,13,local_checked,0.2,true,0.00015942285985204308,7.422954570457385e-9,1.004455780547828,"",""
r3-v3-20260917T115348-b8a7a604/two-source-VF_VT-pg,37,13,local_checked,0.2,true,0.00015937478611149913,7.4191949805957336e-9,1.0045484390527109,"",""
r3-v3-20260917T115348-b8a7a604/two-source-VF_VT-pg,38,13,local_checked,0.2,true,0.00015932668445728382,7.41647190882766e-9,1.0054132128888855,"",""
r3-v3-20260917T115348-b8a7a604/two-source-VF_VT-pg,39,13,local_checked,0.2,true,0.00015927845464247525,7.408012647758255e-9,1.0057086111496354,"",""
r3-v3-20260917T115348-b8a7a604/two-source-VF_VT-pg,40,13,local_checked,0.2,true,0.00015924283559343166,7.4048482345823174e-9,1.0053274442778626,"",""
r3-v3-20260917T115348-b8a7a604/two-source-VF_VT-pg,41,13,local_checked,0.2,true,0.0001592106813994576,7.406567512080464e-9,1.0062914887665189,"",""
r3-v3-20260917T115348-b8a7a604/two-source-VF_VT-pg,42,13,local_checked,0.2,true,0.0001591790017876349,7.398195570051946e-9,1.0067559742170575,"",""
r3-v3-20260917T115348-b8a7a604/two-source-VF_VT-pg,43,13,local_checked,0.2,true,0.00015914739232414377,7.393548634437863e-9,1.0070644955185806,"",""
r3-v3-20260917T115348-b8a7a604/two-source-VF_VT-pg,44,13,local_checked,0.2,true,0.00016056410400722143,7.496051807054371e-9,1.000892641431259,"",""
r3-v3-20260917T115348-b8a7a604/two-source-VF_VT-pg,45,13,local_checked,0.2,true,0.00016055444425333576,7.505125965145965e-9,1.0009267543947562,"",""
r3-v3-20260917T115348-b8a7a604/two-source-VF_VT-pg,46,13,local_checked,0.2,true,0.0001605429885138676,7.50454136333456e-9,1.0009705466034655,"",""
r3-v3-20260917T115348-b8a7a604/two-source-VF_VT-pg,47,13,local_checked,0.2,true,0.0001605290762611844,7.503749205328702e-9,1.0010357976887807,"",""
r3-v3-20260917T115348-b8a7a604/two-source-VF_VT-pg,48,13,local_checked,0.2,true,0.00016051137895445322,7.502562321404227e-9,1.001124399456554,"",""
r3-v3-20260917T115348-b8a7a604/two-source-VF_VT-pg,49,13,local_checked,0.2,true,0.0001605324597626634,7.503222237970064e-9,1.0012114711317401,"",""
r3-v3-20260917T115348-b8a7a604/two-source-VF_VT-pg,50,13,local_checked,0.2,true,0.00015947917809810974,7.418326286590116e-9,1.0074322199968353,"",""
r3-v3-20260917T115348-b8a7a604/two-source-VF_VT-pg,51,13,local_checked,0.2,true,0.000160679624197968,7.500239346258653e-9,1.001279141494597,"",""
r3-v3-20260917T115348-b8a7a604/two-source-VF_VT-pg,52,13,local_checked,0.2,true,0.00016066231060918312,7.507652638460982e-9,1.0015881097686796,"",""
r3-v3-20260917T115348-b8a7a604/two-source-VF_VT-pg,53,13,local_checked,0.2,true,0.00016065645158391817,7.507191368549826e-9,1.0015728085169135,"",""
r3-v3-20260917T115348-b8a7a604/two-source-VF_VT-pg,54,13,local_checked,0.2,true,0.00016065234121143135,7.507418811614208e-9,1.001550777992022,"",""
r3-v3-20260917T115348-b8a7a604/two-source-VF_VT-pg,55,13,local_checked,0.2,true,0.00016064972900409202,7.507772764592247e-9,1.0015259947206396,"",""
r3-v3-20260917T115348-b8a7a604/two-source-VF_VT-pg,56,13,local_checked,0.2,true,0.00016064835942941613,7.508203989092799e-9,1.0014826205715812,"",""
r3-v3-20260917T115348-b8a7a604/two-source-VF_VT-pg,57,13,local_checked,0.2,true,0.0001606479920646109,7.508817442825055e-9,1.0014419961668393,"",""
r3-v3-20260917T115348-b8a7a604/two-source-VF_VT-pg,58,13,local_checked,0.2,true,0.00016066072301867962,7.512320848723775e-9,1.0009872057766316,"",""
r3-v3-20260917T115348-b8a7a604/two-source-VF_VT-pg,59,13,local_checked,0.2,true,0.00016062833333307935,7.501015003574807e-9,1.0028355995475595,"",""
r3-v3-20260917T115348-b8a7a604/two-source-VF_VT-pg,60,13,local_checked,0.2,true,0.00016062720399290242,7.503928464713816e-9,1.001792596736598,"",""
r3-v3-20260917T115348-b8a7a604/two-source-VF_VT-pg,61,13,local_checked,0.2,true,0.000160610290834029,7.505687502074032e-9,1.0017057835193182,"",""
r3-v3-20260917T115348-b8a7a604/two-source-VF_VT-pg,62,13,local_checked,0.2,true,0.00016058522456319224,7.505054439027603e-9,1.0016570198835322,"",""
r3-v3-20260917T115348-b8a7a604/two-source-VF_VT-pg,63,13,local_checked,0.2,true,0.00016055604280751368,7.503028184863147e-9,1.0018260680840751,"",""
r3-v3-20260917T115348-b8a7a604/two-source-VF_VT-pg,64,13,local_checked,0.2,true,0.00016053949947192336,7.50120775216967e-9,1.0020075465138658,"",""
r3-v3-20260917T115348-b8a7a604/two-source-VF_VT-pg,65,13,local_checked,0.2,true,0.00016053380281988439,7.500311816066585e-9,1.0021151015686756,"",""
r3-v3-20260917T115348-b8a7a604/two-source-VF_VT-pg,66,13,local_checked,0.2,true,0.0001605327579774496,7.499977444647143e-9,1.002185669335028,"",""
r3-v3-20260917T115348-b8a7a604/two-source-VF_VT-pg,67,13,local_checked,0.2,true,0.00016053268078053406,7.499825316337194e-9,1.0022518863535623,"",""
r3-v3-20260917T115348-b8a7a604/two-source-VF_VT-pg,68,13,local_checked,0.2,true,0.00016053315321684636,7.499713475245251e-9,1.0022910715956168,"",""
r3-v3-20260917T115348-b8a7a604/two-source-VF_VT-pg,69,13,local_checked,0.2,true,0.00016053386203651598,7.499803902910607e-9,1.002330974186501,"",""
r3-v3-20260917T115348-b8a7a604/two-source-VF_VT-pg,70,13,local_checked,0.2,true,0.00016053463262011292,7.499879731143189e-9,1.0023644502855613,"",""
r3-v3-20260917T115348-b8a7a604/two-source-VF_VT-pg,71,13,local_checked,0.2,true,0.00016053532087312306,7.499991641624071e-9,1.002392968122262,"",""
r3-v3-20260917T115348-b8a7a604/two-source-VF_VT-pg,72,13,local_checked,0.2,true,0.00016053583047792586,7.500125451254114e-9,1.0024169539544274,"",""
r3-v3-20260917T115348-b8a7a604/two-source-VF_VT-pg,73,13,local_checked,0.2,true,0.00016053609674671065,7.500276247296433e-9,1.0024383022709213,"",""
r3-v3-20260917T115348-b8a7a604/two-source-VF_VT-pg,74,13,local_checked,0.2,true,0.00016053607458843544,7.500428736428866e-9,1.0024664396497678,"",""
r3-v3-20260917T115348-b8a7a604/two-source-VF_VT-pg,75,13,local_checked,0.2,true,0.00016053574403329662,7.500511087221717e-9,1.0024836772117511,"",""
r3-v3-20260917T115348-b8a7a604/two-source-VF_VT-pg,76,13,local_checked,0.2,true,0.00016053507021140945,7.500657678294331e-9,1.0024885391272658,"",""
r3-v3-20260917T115348-b8a7a604/two-source-VF_VT-pg,77,13,local_checked,0.2,true,0.00016053404638682878,7.500879292687834e-9,1.002512001422251,"",""
r3-v3-20260917T115348-b8a7a604/two-source-VF_VT-pg,78,13,local_checked,0.2,true,0.00016053269065352538,7.500941048843579e-9,1.0025151167272015,"",""
r3-v3-20260917T115348-b8a7a604/two-source-VF_VT-pg,79,13,local_checked,0.2,true,0.0001605310315433428,7.501145093957717e-9,1.0025370588230027,"",""
r3-v3-20260917T115348-b8a7a604/two-source-VF_VT-pg,80,13,local_checked,0.2,true,0.0001605289301629398,7.501176929602948e-9,1.0025495657061603,"",""
r3-v3-20260917T115348-b8a7a604/two-source-VF_VT-pg,81,13,local_checked,0.2,true,0.00016052653318610055,7.501305673840442e-9,1.0025443103583767,"",""
r3-v3-20260917T115348-b8a7a604/two-source-VF_VT-pg,82,13,local_checked,0.2,true,0.00016052383052311825,7.501524290631778e-9,1.0025577892782063,"",""
r3-v3-20260917T115348-b8a7a604/two-source-VF_VT-pg,83,13,local_checked,0.2,true,0.00016052088044560264,7.501578247470775e-9,1.0025616891434597,"",""
r3-v3-20260917T115348-b8a7a604/two-source-VF_VT-pg,84,13,local_checked,0.2,true,0.0001605176857246704,7.501694723743846e-9,1.0025548674387659,"",""
r3-v3-20260917T115348-b8a7a604/two-source-VF_VT-pg,85,13,local_checked,0.2,true,0.00016051426866070528,7.501882559601825e-9,1.002567484583723,"",""
r3-v3-20260917T115348-b8a7a604/two-source-VF_VT-pg,86,13,local_checked,0.2,true,0.00016051068372391342,7.501914006668997e-9,1.002571236516965,"",""
r3-v3-20260917T115348-b8a7a604/two-source-VF_VT-pg,87,13,local_checked,0.2,true,0.00016050692126512445,7.502006085791102e-9,1.0025741758600908,"",""
r3-v3-20260917T115348-b8a7a604/two-source-VF_VT-pg,88,13,local_checked,0.2,true,0.0001605030188471801,7.502097817968512e-9,1.0025766620359449,"",""
r3-v3-20260917T115348-b8a7a604/two-source-VF_VT-pg,89,13,local_checked,0.2,true,0.00016049899384285027,7.502187177044206e-9,1.0025791526665042,"",""
r3-v3-20260917T115348-b8a7a604/two-source-VF_VT-pg,90,13,local_checked,0.2,true,0.00016049486642444322,7.502272136861166e-9,1.0025808437832873,"",""
r3-v3-20260917T115348-b8a7a604/two-source-VF_VT-pg,91,13,local_checked,0.2,true,0.00016049065875023416,7.502359289368599e-9,1.002571775729411,"",""
r3-v3-20260917T115348-b8a7a604/two-source-VF_VT-pg,92,13,local_checked,0.2,true,0.00016048638038412832,7.502525545266536e-9,1.0025725918203292,"",""
r3-v3-20260917T115348-b8a7a604/two-source-VF_VT-pg,93,13,local_checked,0.2,true,0.00016048206943608534,7.502614834953292e-9,1.0025822186272246,"",""
r3-v3-20260917T115348-b8a7a604/two-source-VF_VT-pg,94,13,local_checked,0.2,true,0.00016047774272109905,7.502636151235365e-9,1.0025710741172145,"",""
r3-v3-20260917T115348-b8a7a604/two-source-VF_VT-pg,95,13,local_checked,0.2,true,0.00016047339501312763,7.502815105309146e-9,1.0025691723639583,"",""
r3-v3-20260917T115348-b8a7a604/two-source-VF_VT-pg,96,13,local_checked,0.2,true,0.0001604690725720559,7.50292460105495e-9,1.0025761117515886,"",""
r3-v3-20260917T115348-b8a7a604/two-source-VF_VT-pg,97,13,local_checked,0.2,true,0.00016046478929965247,7.502968302208757e-9,1.0025624852486612,"",""
r3-v3-20260917T115348-b8a7a604/two-source-VF_VT-pg,98,13,local_checked,0.2,true,0.0001604605445066909,7.503171195466507e-9,1.0025677039333136,"",""
r3-v3-20260917T115348-b8a7a604/two-source-VF_VT-pg,99,13,local_checked,0.2,true,0.00016045638867723255,7.503233631633854e-9,1.0025619729310997,"",""
r3-v3-20260917T115348-b8a7a604/two-source-VF_VT-pg,100,13,local_checked,0.2,true,0.00016045232150219135,7.503384594209628e-9,1.0025542606036284,"",""
r3-v3-20260917T115348-b8a7a604/two-source-VF_VT-pg,101,13,local_checked,0.2,true,0.0001604483650332611,7.503554930177181e-9,1.0025358389836254,"",""
r3-v3-20260917T115348-b8a7a604/two-source-VF_VT-pg,102,13,local_checked,0.2,true,0.0001604445334315585,7.503813209686072e-9,1.0025257814159316,"",""
r3-v3-20260917T115348-b8a7a604/two-source-VF_VT-pg,103,13,local_checked,0.2,true,0.0001604408665407675,7.504014645776103e-9,1.00252334825515,"",""
r3-v3-20260917T115348-b8a7a604/two-source-VF_VT-pg,104,13,local_checked,0.2,true,0.00016043738152760056,7.504166288363479e-9,1.0025004929982269,"",""
r3-v3-20260917T115348-b8a7a604/two-source-VF_VT-pg,105,13,local_checked,0.2,true,0.00016043408237109702,7.504483201525858e-9,1.0024945955007751,"",""
r3-v3-20260917T115348-b8a7a604/two-source-VF_VT-pg,106,13,local_checked,0.2,true,0.00016043101584273245,7.504680668568575e-9,1.002477988609977,"",""
r3-v3-20260917T115348-b8a7a604/two-source-VF_VT-pg,107,13,local_checked,0.2,true,0.000160428181047223,7.50497126944527e-9,1.0024498226227938,"",""
r3-v3-20260917T115348-b8a7a604/two-source-VF_VT-pg,108,13,local_checked,0.2,true,0.0001604255983522762,7.505361665494092e-9,1.0024383179900656,"",""
r3-v3-20260917T115348-b8a7a604/two-source-VF_VT-pg,109,13,local_checked,0.2,true,0.00016042331392540632,7.50563863838316e-9,1.0024065715971848,"",""
r3-v3-20260917T115348-b8a7a604/two-source-VF_VT-pg,110,13,local_checked,0.2,true,0.00016042131260363135,7.506084309660821e-9,1.0023901235071524,"",""
r3-v3-20260917T115348-b8a7a604/two-source-VF_VT-pg,111,13,local_checked,0.2,true,0.00016041964524760033,7.506428423287304e-9,1.0023542491519966,"",""
r3-v3-20260917T115348-b8a7a604/two-source-VF_VT-pg,112,13,local_checked,0.2,true,0.0001604182912728902,7.506936391954433e-9,1.002332950398412,"",""
r3-v3-20260917T115348-b8a7a604/two-source-VF_VT-pg,113,13,local_checked,0.2,true,0.00016041730056670644,7.507350463509255e-9,1.0023007307217209,"",""
r3-v3-20260917T115348-b8a7a604/two-source-VF_VT-pg,114,13,local_checked,0.2,true,0.00016041665057997534,7.507865010247805e-9,1.0022657614979913,"",""
r3-v3-20260917T115348-b8a7a604/two-source-VF_VT-pg,115,13,local_checked,0.2,true,0.00016041635199570692,7.508418053969734e-9,1.0022282571589078,"",""
r3-v3-20260917T115348-b8a7a604/two-source-VF_VT-pg,116,13,local_checked,0.2,true,0.0001604163980388762,7.509007929340505e-9,1.0021879088372057,"",""
r3-v3-20260917T115348-b8a7a604/two-source-VF_VT-pg,117,13,local_checked,0.2,true,0.00016041676934719362,7.50963703721741e-9,1.0021444417594894,"",""
r3-v3-20260917T115348-b8a7a604/two-source-VF_VT-pg,118,13,local_checked,0.2,true,0.00016041742949468585,7.510305738422929e-9,1.002097796311424,"",""
r3-v3-20260917T115348-b8a7a604/two-source-VF_VT-pg,119,13,local_checked,0.2,true,0.0001604183178933738,7.511012381500315e-9,1.0020405857424883,"",""
r3-v3-20260917T115348-b8a7a604/two-source-VF_VT-pg,120,13,local_checked,0.2,true,0.00016041933708166312,7.511810243276962e-9,1.0019953093924496,"",""
r3-v3-20260917T115348-b8a7a604/two-source-VF_VT-pg,121,13,local_checked,0.2,true,0.00016042035138852384,7.51252136887981e-9,1.0019323958674957,"",""
r3-v3-20260917T115348-b8a7a604/two-source-VF_VT-pg,122,13,local_checked,0.2,true,0.00016042110584635338,7.513362279554237e-9,1.0018731394966145,"",""
r3-v3-20260917T115348-b8a7a604/two-source-VF_VT-pg,123,13,local_checked,0.2,true,0.0001604212220271961,7.514153216314767e-9,1.0018114834900855,"",""
r3-v3-20260917T115348-b8a7a604/two-source-VF_VT-pg,124,13,local_checked,0.2,true,0.00016041980477510265,7.514459429702747e-9,1.0018280383603444,"",""
r3-v3-20260917T115348-b8a7a604/two-source-VF_VT-pg,125,13,local_checked,0.2,true,0.00016041804486732758,7.514561681243315e-9,1.0018356351721034,"",""
r3-v3-20260917T115348-b8a7a604/two-source-VF_VT-pg,126,13,local_checked,0.2,true,0.0001604159473167499,7.514722358270554e-9,1.001857154842792,"",""
r3-v3-20260917T115348-b8a7a604/two-source-VF_VT-pg,127,13,local_checked,0.2,true,0.00016041353971374406,7.514758093574159e-9,1.0018673363105357,"",""
r3-v3-20260917T115348-b8a7a604/two-source-VF_VT-pg,128,13,local_checked,0.2,true,0.00016041080152007225,7.514862329638383e-9,1.00189235921339,"",""
r3-v3-20260917T115348-b8a7a604/two-source-VF_VT-pg,129,13,local_checked,0.2,true,0.00016040774995218499,7.514836655730939e-9,1.0019051357368653,"",""
r3-v3-20260917T115348-b8a7a604/two-source-VF_VT-pg,130,13,local_checked,0.2,true,0.00016040436121400603,7.51488742067874e-9,1.0019268216628816,"",""
r3-v3-20260917T115348-b8a7a604/two-source-VF_VT-pg,131,13,local_checked,0.2,true,0.00016040067810152436,7.514857292001409e-9,1.0019559262045634,"",""
r3-v3-20260917T115348-b8a7a604/two-source-VF_VT-pg,132,13,local_checked,0.2,true,0.00016039663731604037,7.514749961190503e-9,1.001980813104832,"",""
r3-v3-20260917T115348-b8a7a604/two-source-VF_VT-pg,133,13,local_checked,0.2,true,0.0001603923189463785,7.51466806836465e-9,1.002006135302116,"",""
r3-v3-20260917T115348-b8a7a604/two-source-VF_VT-pg,134,13,local_checked,0.2,true,0.00016038773723536792,7.514571159772387e-9,1.002031648635772,"",""
r3-v3-20260917T115348-b8a7a604/two-source-VF_VT-pg,135,13,local_checked,0.2,true,0.0001603829399208223,7.514465452662655e-9,1.0020574198959076,"",""
r3-v3-20260917T115348-b8a7a604/two-source-VF_VT-pg,136,13,local_checked,0.2,true,0.00016037798852863716,7.514355554461005e-9,1.0020753975451795,"",""
r3-v3-20260917T115348-b8a7a604/two-source-VF_VT-pg,137,13,local_checked,0.2,true,0.00016037295896609294,7.514306468725529e-9,1.0021049883856759,"",""
r3-v3-20260917T115348-b8a7a604/two-source-VF_VT-pg,138,13,local_checked,0.2,true,0.00016036795888396682,7.514175837108894e-9,1.0021186937457625,"",""
r3-v3-20260917T115348-b8a7a604/two-source-VF_VT-pg,139,13,local_checked,0.2,true,0.00016036305793321048,7.514179514722663e-9,1.0021411877071364,"",""
r3-v3-20260917T115348-b8a7a604/two-source-VF_VT-pg,140,13,local_checked,0.2,true,0.00016035836964789496,7.514131858399331e-9,1.0021503434009782,"",""
r3-v3-20260917T115348-b8a7a604/two-source-VF_VT-pg,141,13,local_checked,0.2,true,0.0001603539366357154,7.51420498046329e-9,1.0021523909741863,"",""
r3-v3-20260917T115348-b8a7a604/two-source-VF_VT-pg,142,13,local_checked,0.2,true,0.00016034871237025072,7.514097150052024e-9,1.0021752827930241,"",""
r3-v3-20260917T115348-b8a7a604/two-source-VF_VT-pg,143,13,local_checked,0.2,true,0.00016030978121506223,7.502625576361055e-9,1.0035873679880536,"",""
r3-v3-20260917T115348-b8a7a604/two-source-VF_VT-pg,144,13,local_checked,0.2,true,0.00016032955450384634,7.519680253476047e-9,1.00110818293947,"",""
r3-v3-20260917T115348-b8a7a604/two-source-VF_VT-pg,145,13,local_checked,0.2,true,0.0001603242568002372,7.522014344729655e-9,1.0011013522024248,"",""
r3-v3-20260917T115348-b8a7a604/two-source-VF_VT-pg,146,13,local_checked,0.2,true,0.00016031930947946194,7.522130501813606e-9,1.00109270831282,"",""
r3-v3-20260917T115348-b8a7a604/two-source-VF_VT-pg,147,13,local_checked,0.2,true,0.0001603143445834121,7.522277481464279e-9,1.0010868091369454,"",""
r3-v3-20260917T115348-b8a7a604/two-source-VF_VT-pg,148,13,local_checked,0.2,true,0.00016030925904786386,7.522382702851438e-9,1.00108177405462,"",""
r3-v3-20260917T115348-b8a7a604/two-source-VF_VT-pg,149,13,local_checked,0.2,true,0.00016030410261791417,7.522478889798734e-9,1.001075679621943,"",""
r3-v3-20260917T115348-b8a7a604/two-source-VF_VT-pg,150,13,local_checked,0.2,true,0.00016029887272495102,7.522580891539121e-9,1.0010752517972765,"",""
r3-v3-20260917T115348-b8a7a604/two-source-VF_VT-pg,151,13,local_checked,0.2,true,0.0001602935722928578,7.522636680246109e-9,1.0010717866609995,"",""
r3-v3-20260917T115348-b8a7a604/two-source-VF_VT-pg,152,13,local_checked,0.2,true,0.00016028818387070487,7.522709885576795e-9,1.0010683227923045,"",""
r3-v3-20260917T115348-b8a7a604/two-source-VF_VT-pg,153,13,local_checked,0.2,true,0.00016028271511814296,7.522781425572944e-9,1.0010627285195055,"",""
r3-v3-20260917T115348-b8a7a604/two-source-VF_VT-pg,154,13,local_checked,0.2,true,0.00016027716216626686,7.522864414744035e-9,1.001062388430804,"",""
r3-v3-20260917T115348-b8a7a604/two-source-VF_VT-pg,155,13,local_checked,0.2,true,0.0001602715263473442,7.52290375827247e-9,1.001057411305288,"",""
r3-v3-20260917T115348-b8a7a604/two-source-VF_VT-pg,156,13,local_checked,0.2,true,0.00016026579464423207,7.522974035389929e-9,1.001057609880771,"",""
r3-v3-20260917T115348-b8a7a604/two-source-VF_VT-pg,157,13,local_checked,0.2,true,0.0001602599674548344,7.523000153386583e-9,1.0010534002598477,"",""
r3-v3-20260917T115348-b8a7a604/two-source-VF_VT-pg,158,13,local_checked,0.2,true,0.00016025404327280057,7.523055622904451e-9,1.001054093479202,"",""
r3-v3-20260917T115348-b8a7a604/two-source-VF_VT-pg,159,13,local_checked,0.2,true,0.00016024801906411312,7.523070208459437e-9,1.001052656260998,"",""
r3-v3-20260917T115348-b8a7a604/two-source-VF_VT-pg,160,13,local_checked,0.2,true,0.00016024188309060605,7.523094133765618e-9,1.0010515608559216,"",""
r3-v3-20260917T115348-b8a7a604/two-source-VF_VT-pg,161,13,local_checked,0.2,true,0.00016023563361144966,7.523112105500829e-9,1.0010484555801875,"",""
r3-v3-20260917T115348-b8a7a604/two-source-VF_VT-pg,162,13,local_checked,0.2,true,0.00016022925901992835,7.523137210418973e-9,1.001048005668675,"",""
r3-v3-20260917T115348-b8a7a604/two-source-VF_VT-pg,163,13,local_checked,0.2,true,0.00016022275930183127,7.52313818186412e-9,1.0010477786376224,"",""
r3-v3-20260917T115348-b8a7a604/two-source-VF_VT-pg,164,13,local_checked,0.2,true,0.00016021612677974417,7.523130715614279e-9,1.0010502201924671,"",""
r3-v3-20260917T115348-b8a7a604/two-source-VF_VT-pg,165,13,local_checked,0.2,true,0.00016020934998906,7.523096576256272e-9,1.0010482474496563,"",""
r3-v3-20260917T115348-b8a7a604/two-source-VF_VT-pg,166,13,local_checked,0.2,true,0.00016020241853453854,7.523088138561285e-9,1.0010489643662153,"",""
r3-v3-20260917T115348-b8a7a604/two-source-VF_VT-pg,167,13,local_checked,0.2,true,0.00016019532897360023,7.523051612223774e-9,1.0010501574472463,"",""
r3-v3-20260917T115348-b8a7a604/two-source-VF_VT-pg,168,13,local_checked,0.2,true,0.00016018807086837228,7.523004483256379e-9,1.0010540951105458,"",""
r3-v3-20260917T115348-b8a7a604/two-source-VF_VT-pg,169,13,local_checked,0.2,true,0.00016018063222489332,7.522927281122804e-9,1.0010560336733028,"",""
r3-v3-20260917T115348-b8a7a604/two-source-VF_VT-pg,170,13,local_checked,0.2,true,0.00016017300118065236,7.522856518282772e-9,1.0010561801182385,"",""
r3-v3-20260917T115348-b8a7a604/two-source-VF_VT-pg,171,13,local_checked,0.2,true,0.00016016518273076485,7.522792125347344e-9,1.0010611737153723,"",""
r3-v3-20260917T115348-b8a7a604/two-source-VF_VT-pg,172,13,local_checked,0.2,true,0.00016010288635470715,7.500379747837904e-9,1.0038086270837343,"",""
r3-v3-20260917T115348-b8a7a604/two-source-VF_VT-pg,173,13,local_checked,0.2,true,0.00016019095528108096,7.51164470902399e-9,1.0032927163136909,"",""
r3-v3-20260917T115348-b8a7a604/two-source-VF_VT-pg,174,13,local_checked,0.2,true,0.00016022106747115572,7.508855884297283e-9,1.003458551928935,"",""
r3-v3-20260917T115348-b8a7a604/two-source-VF_VT-pg,175,13,local_checked,0.2,true,0.00016011866713228073,7.500952525774096e-9,1.003742347427438,"",""
r3-v3-20260917T115348-b8a7a604/two-source-VF_VT-pg,176,13,local_checked,0.2,true,0.00016020020558471515,7.524825512694733e-9,1.0007781940177871,"",""
r3-v3-20260917T115348-b8a7a604/two-source-VF_VT-pg,177,13,local_checked,0.2,true,0.00016017304044524394,7.526396936241575e-9,1.0009054843513376,"",""
r3-v3-20260917T115348-b8a7a604/two-source-VF_VT-pg,178,13,local_checked,0.2,true,0.00016015531542734607,7.525140843789302e-9,1.0009940607056818,"",""
r3-v3-20260917T115348-b8a7a604/two-source-VF_VT-pg,179,13,local_checked,0.2,true,0.00016014092167537797,7.524204856390604e-9,1.0010699088378663,"",""
r3-v3-20260917T115348-b8a7a604/two-source-VF_VT-pg,180,13,local_checked,0.2,true,0.00016012844772106405,7.523420136879011e-9,1.0011392357929962,"",""
r3-v3-20260917T115348-b8a7a604/two-source-VF_VT-pg,181,13,local_checked,0.2,true,0.00016011744364519132,7.52273877913101e-9,1.0011930663101973,"",""
r3-v3-20260917T115348-b8a7a604/two-source-VF_VT-pg,182,13,local_checked,0.2,true,0.0001601075165211796,7.522199016452014e-9,1.0012488663875097,"",""
r3-v3-20260917T115348-b8a7a604/two-source-VF_VT-pg,183,13,local_checked,0.2,true,0.00016009892182111685,7.521705480684204e-9,1.0013024653318474,"",""
r3-v3-20260917T115348-b8a7a604/two-source-VF_VT-pg,184,13,local_checked,0.2,true,0.0001600912338233229,7.521259795528756e-9,1.0013557139513087,"",""
r3-v3-20260917T115348-b8a7a604/two-source-VF_VT-pg,185,13,local_checked,0.2,true,0.0001600841113535978,7.52084043653678e-9,1.001413630572614,"",""
r3-v3-20260917T115348-b8a7a604/two-source-VF_VT-pg,186,13,local_checked,0.2,true,0.0001600774642085412,7.520404354810495e-9,1.0014681873138729,"",""
r3-v3-20260917T115348-b8a7a604/two-source-VF_VT-pg,187,13,local_checked,0.2,true,0.00016007120871819325,7.520009490113999e-9,1.0015237994782442,"",""
r3-v3-20260917T115348-b8a7a604/two-source-VF_VT-pg,188,13,local_checked,0.2,true,0.00016006528801781883,7.519620426332807e-9,1.0015768601867576,"",""
r3-v3-20260917T115348-b8a7a604/two-source-VF_VT-pg,189,13,local_checked,0.2,true,0.00016005965186138837,7.519261421840007e-9,1.0016422985227191,"",""
r3-v3-20260917T115348-b8a7a604/two-source-VF_VT-pg,190,13,local_checked,0.2,true,0.00016005428243204278,7.518820746565957e-9,1.0017050945632284,"",""
r3-v3-20260917T115348-b8a7a604/two-source-VF_VT-pg,191,13,local_checked,0.2,true,0.0001600491264177606,7.518408076667704e-9,1.001764629778318,"",""
r3-v3-20260917T115348-b8a7a604/two-source-VF_VT-pg,192,13,local_checked,0.2,true,0.00016004416629300522,7.518028227737616e-9,1.0018376185823257,"",""
r3-v3-20260917T115348-b8a7a604/two-source-VF_VT-pg,193,13,local_checked,0.2,true,0.00016003939954245539,7.51755543926258e-9,1.001907400410397,"",""
r3-v3-20260917T115348-b8a7a604/two-source-VF_VT-pg,194,13,local_checked,0.2,true,0.00016003480031656636,7.517113417843113e-9,1.0019735681442001,"",""
r3-v3-20260917T115348-b8a7a604/two-source-VF_VT-pg,195,13,local_checked,0.2,true,0.00016003035780443042,7.516706118648742e-9,1.0020566164318863,"",""
r3-v3-20260917T115348-b8a7a604/two-source-VF_VT-pg,196,13,local_checked,0.2,true,0.0001600260799889952,7.516176847577327e-9,1.0021367228312414,"",""
r3-v3-20260917T115348-b8a7a604/two-source-VF_VT-pg,197,13,local_checked,0.2,true,0.000160021959310086,7.515677608038729e-9,1.002220899520643,"",""
r3-v3-20260917T115348-b8a7a604/two-source-VF_VT-pg,198,13,local_checked,0.2,true,0.00016001801163767482,7.515175343142388e-9,1.0023056090729947,"",""
r3-v3-20260917T115348-b8a7a604/two-source-VF_VT-pg,199,13,local_checked,0.2,true,0.00016001423159295314,7.514618524662176e-9,1.0024014371683876,"",""
r3-v3-20260917T115348-b8a7a604/two-source-VF_VT-pg,200,13,local_checked,0.2,true,0.00016001065116455493,7.514047065115825e-9,1.0025092283155563,"",""
