id,version,branch,iteration,value
two-no-halfspace,v1,dispatch,3,180.60844536002574
two-no-halfspace,v1,dispatch,4,180.49199043617568
two-no-halfspace,v2,dispatch,3,180.60844536002574
two-no-halfspace,v2,dispatch,4,180.49199043617568
two-no-halfspace,v2,dispatch,5,180.31124220937022
two-no-halfspace,v2,dispatch,6,180.13168430773794
two-no-halfspace,v2,dispatch,7,179.95368641703774
two-no-halfspace,v2,dispatch,8,179.77773693847394
two-no-halfspace,v2,dispatch,9,179.6402759613003
two-no-halfspace,v2,dispatch,10,179.5045593563384
two-no-halfspace,v2,dispatch,11,179.37066760889434
two-no-halfspace,v2,dispatch,12,179.23867453655055
two-no-halfspace,v2,dispatch,13,179.10864001930275
two-no-halfspace,v2,dispatch,14,178.9938839601758
two-no-halfspace,v2,dispatch,15,178.8940652219501
two-no-halfspace,v2,dispatch,16,178.79620940996455
two-no-halfspace,v2,dispatch,17,178.70033744149774
two-no-halfspace,v2,dispatch,18,178.6064485107272
two-no-halfspace,v2,dispatch,19,178.5888951017678
two-no-halfspace,v2,dispatch,20,178.5799820808689
two-no-halfspace,v2,dispatch,21,178.57116740017716
two-no-halfspace,v2,dispatch,22,178.5580594457834
two-no-halfspace,v2,dispatch,23,178.53290848520177
two-no-halfspace,v2,dispatch,24,178.4915897428142
two-no-halfspace,v2,dispatch,25,178.43863708991898
two-no-halfspace,v2,dispatch,26,178.4015614856155
two-no-halfspace,v2,dispatch,27,178.38637113102504
two-no-halfspace,v2,dispatch,28,178.3726414328292
two-no-halfspace,v2,dispatch,29,178.3588213780116
two-no-halfspace,v2,dispatch,30,178.3449105588481
two-no-halfspace,v2,dispatch,31,178.33090839641102
two-no-halfspace,v2,dispatch,32,178.3168142699232
two-no-halfspace,v2,dispatch,33,178.3026282556018
two-no-halfspace,v2,dispatch,34,178.28834967862406
two-no-halfspace,v2,dispatch,35,178.27397807463703
two-no-halfspace,v2,dispatch,36,178.25950924613437
two-no-halfspace,v2,dispatch,37,178.2449445199045
two-no-halfspace,v2,dispatch,38,178.23028299973916
two-no-halfspace,v2,dispatch,39,178.21552383490967
two-no-halfspace,v2,dispatch,40,178.20066618251485
two-no-halfspace,v2,dispatch,41,178.18570920043697
two-no-halfspace,v2,dispatch,42,178.17065205699188
two-no-halfspace,v2,dispatch,43,178.15549390157395
two-no-halfspace,v2,dispatch,44,178.14023389340804
two-no-halfspace,v2,dispatch,45,178.12487119790038
two-no-halfspace,v2,dispatch,46,178.1094049438201
two-no-halfspace,v2,dispatch,47,178.09383425958407
two-no-halfspace,v2,dispatch,48,178.0781582906365
two-no-halfspace,v2,dispatch,49,178.06237614808393
two-no-halfspace,v2,dispatch,50,178.04648695308174
two-no-halfspace,v2,dispatch,51,178.03048982401148
two-no-halfspace,v2,dispatch,52,178.01438384056843
two-no-halfspace,v2,dispatch,53,177.9981681012042
two-no-halfspace,v2,dispatch,54,177.98184170650887
two-no-halfspace,v2,dispatch,55,177.96540373199082
two-no-halfspace,v2,dispatch,56,177.94885324416128
two-no-halfspace,v2,dispatch,57,177.93218931639075
two-no-halfspace,v2,dispatch,58,177.9154110002292
two-no-halfspace,v2,dispatch,59,177.89851735120965
two-no-halfspace,v2,dispatch,60,177.88150752786152
two-no-halfspace,v2,dispatch,61,177.86438154639814
two-no-halfspace,v2,dispatch,62,177.84713745978203
two-no-halfspace,v2,dispatch,63,177.82977455028004
two-no-halfspace,v2,dispatch,64,177.81229144273175
two-no-halfspace,v2,dispatch,65,177.79468715377192
two-no-halfspace,v2,dispatch,66,177.7769603253676
two-no-halfspace,v2,dispatch,67,177.759110527191
two-no-halfspace,v2,dispatch,68,177.74113649404657
two-no-halfspace,v2,dispatch,69,177.72303727928465
two-no-halfspace,v2,dispatch,70,177.70481178399615
two-no-halfspace,v2,dispatch,71,177.68645892294853
two-no-halfspace,v2,dispatch,72,177.66797776479063
two-no-halfspace,v2,dispatch,73,177.64936727327375
two-no-halfspace,v2,dispatch,74,177.63062635806722
two-no-halfspace,v2,dispatch,75,177.6117539467375
two-no-halfspace,v2,dispatch,76,177.5927490098232
two-no-halfspace,v2,dispatch,77,177.57360863569937
two-no-halfspace,v2,dispatch,78,177.55432016500976
two-no-halfspace,v2,dispatch,79,177.54360252981826
two-no-halfspace,v2,dispatch,80,177.54247892566406
two-no-halfspace,v2,dispatch,81,177.5413901460604
two-no-halfspace,v2,dispatch,82,177.5402996128824
two-no-halfspace,v2,dispatch,83,177.53920827575604
two-no-halfspace,v2,dispatch,84,177.53811890613025
two-no-halfspace,v2,dispatch,85,177.53702722953915
two-no-halfspace,v2,dispatch,86,177.53593651756603
two-no-halfspace,v2,dispatch,87,177.53484646356617
two-no-halfspace,v2,dispatch,88,177.5337562267949
two-no-halfspace,v2,dispatch,89,177.5326637298569
two-no-halfspace,v2,dispatch,90,177.53157299568082
two-no-halfspace,v2,dispatch,91,177.53048192495524
two-no-halfspace,v2,dispatch,92,177.52939032545697
two-no-halfspace,v2,dispatch,93,177.52829880264164
two-no-halfspace,v2,dispatch,94,177.52720707127324
two-no-halfspace,v2,dispatch,95,177.52611545429107
two-no-halfspace,v2,dispatch,96,177.52502353079757
two-no-halfspace,v2,dispatch,97,177.52393151426037
two-no-halfspace,v2,dispatch,98,177.52283936443553
two-no-halfspace,v2,dispatch,99,177.52174716113802
two-no-halfspace,v2,dispatch,100,177.5206545903094
two-no-halfspace,v2,dispatch,101,177.51956237764745
two-no-halfspace,v2,dispatch,102,177.51846979235376
two-no-halfspace,v2,dispatch,103,177.5173771709819
two-no-halfspace,v2,dispatch,104,177.5162844258085
two-no-halfspace,v2,dispatch,105,177.51519142785924
two-no-halfspace,v2,dispatch,106,177.51409822562707
two-no-halfspace,v2,dispatch,107,177.51300508419558
two-no-halfspace,v2,dispatch,108,177.5119117351416
two-no-halfspace,v2,dispatch,109,177.51081885725458
two-no-halfspace,v2,dispatch,110,177.5097254635773
two-no-halfspace,v2,dispatch,111,177.50863193792617
two-no-halfspace,v2,dispatch,112,177.50753833428948
two-no-halfspace,v2,dispatch,113,177.50644465963822
two-no-halfspace,v2,dispatch,114,177.5053508155674
two-no-halfspace,v2,dispatch,115,177.50425689435227
two-no-halfspace,v2,dispatch,116,177.50316297211955
two-no-halfspace,v2,dispatch,117,177.50206880408228
two-no-halfspace,v2,dispatch,118,177.50097443904303
two-no-halfspace,v2,dispatch,119,177.49988037086783
two-no-halfspace,v2,dispatch,120,177.49878596236601
two-no-halfspace,v2,dispatch,121,177.4976915358081
two-no-halfspace,v2,dispatch,122,177.496596981889
two-no-halfspace,v2,dispatch,123,177.49550232847605
two-no-halfspace,v2,dispatch,124,177.49440758185176
two-no-halfspace,v2,dispatch,125,177.49331296024212
two-no-halfspace,v2,dispatch,126,177.4922179311984
two-no-halfspace,v2,dispatch,127,177.4911229451518
two-no-halfspace,v2,dispatch,128,177.4900278796539
two-no-halfspace,v2,dispatch,129,177.48893273129463
two-no-halfspace,v2,dispatch,130,177.48783749929913
two-no-halfspace,v2,dispatch,131,177.48674220864493
two-no-halfspace,v2,dispatch,132,177.48564678797902
two-no-halfspace,v2,dispatch,133,177.48455130247936
two-no-halfspace,v2,dispatch,134,177.48345574330546
two-no-halfspace,v2,dispatch,135,177.48236007965562
two-no-halfspace,v2,dispatch,136,177.48126435727283
two-no-halfspace,v2,dispatch,137,177.48016852828016
two-no-halfspace,v2,dispatch,138,177.47907267463256
two-no-halfspace,v2,dispatch,139,177.47797669656367
two-no-halfspace,v2,dispatch,140,177.47688064155568
two-no-halfspace,v2,dispatch,141,177.4757845415096
two-no-halfspace,v2,dispatch,142,177.47468833985755
two-no-halfspace,v2,dispatch,143,177.4735920771339
two-no-halfspace,v2,dispatch,144,177.47249572056512
two-no-halfspace,v2,dispatch,145,177.47139931558496
two-no-halfspace,v2,dispatch,146,177.47030282460585
two-no-halfspace,v2,dispatch,147,177.46920626036524
two-no-halfspace,v2,dispatch,148,177.4681096259328
two-no-halfspace,v2,dispatch,149,177.46701293674838
two-no-halfspace,v2,dispatch,150,177.46591617081225
two-no-halfspace,v2,dispatch,151,177.4648193303894
two-no-halfspace,v2,dispatch,152,177.4637224154933
two-no-halfspace,v2,dispatch,153,177.46262543857654
two-no-halfspace,v2,dispatch,154,177.46152837880862
two-no-halfspace,v2,dispatch,155,177.46043127870556
two-no-halfspace,v2,dispatch,156,177.45933410493092
two-no-halfspace,v2,dispatch,157,177.4582368860464
two-no-halfspace,v2,dispatch,158,177.45713960822448
two-no-halfspace,v2,dispatch,159,177.45604224802238
two-no-halfspace,v2,dispatch,160,177.45494481827188
two-no-halfspace,v2,dispatch,161,177.45384731960925
two-no-halfspace,v2,dispatch,162,177.4527497651574
two-no-halfspace,v2,dispatch,163,177.4516521484696
two-no-halfspace,v2,dispatch,164,177.45055448235868
two-no-halfspace,v2,dispatch,165,177.44945672937075
two-no-halfspace,v2,dispatch,166,177.44835895208723
two-no-halfspace,v2,dispatch,167,177.44726109916684
two-no-halfspace,v2,dispatch,168,177.44616318527238
two-no-halfspace,v2,dispatch,169,177.44506520961028
two-no-halfspace,v2,dispatch,170,177.44396719312317
two-no-halfspace,v2,dispatch,171,177.44286910085387
two-no-halfspace,v2,dispatch,172,177.4417709700322
two-no-halfspace,v2,dispatch,173,177.44067277398563
two-no-halfspace,v2,dispatch,174,177.4395745162371
two-no-halfspace,v2,dispatch,175,177.43847620757595
two-no-halfspace,v2,dispatch,176,177.43737785359917
two-no-halfspace,v2,dispatch,177,177.43627947165024
two-no-halfspace,v2,dispatch,178,177.4351809679261
two-no-halfspace,v2,dispatch,179,177.43408241985117
two-no-halfspace,v2,dispatch,180,177.4329837573871
two-no-halfspace,v2,dispatch,181,177.43188526102153
two-no-halfspace,v2,dispatch,182,177.43078653988147
two-no-halfspace,v2,dispatch,183,177.42968780374633
two-no-halfspace,v2,dispatch,184,177.42858900462528
two-no-halfspace,v2,dispatch,185,177.4274901551559
two-no-halfspace,v2,dispatch,186,177.42639130625844
two-no-halfspace,v2,dispatch,187,177.42529166460488
two-no-halfspace,v2,dispatch,188,177.4241930279227
two-no-halfspace,v2,dispatch,189,177.42309399035872
two-no-halfspace,v2,dispatch,190,177.4219942226916
two-no-halfspace,v2,dispatch,191,177.42089241388305
two-no-halfspace,v2,dispatch,192,177.41979619832202
two-no-halfspace,v2,dispatch,193,177.41869677928378
two-no-halfspace,v2,dispatch,194,177.41759749374134
two-no-halfspace,v2,dispatch,195,177.41649691253994
two-no-halfspace,v2,dispatch,196,177.41539843395108
two-no-halfspace,v2,dispatch,197,177.41429910768488
two-no-halfspace,v2,dispatch,198,177.4132005050659
two-no-halfspace,v2,dispatch,199,177.41210155115004
two-no-halfspace,v2,dispatch,200,177.4110024740197
two-no-halfspace,v1,diagnostic,1,0.007753055026080744
two-no-halfspace,v1,diagnostic,2,0.004013422196790815
two-no-halfspace,v2,diagnostic,1,0.007753055026080744
two-no-halfspace,v2,diagnostic,2,0.004013422196790815
