record_id,run_id,scenario,building,t,dt_h,room_K,comfort_lower_K,comfort_upper_K,heat_MW,import_MW,request_MW,delivered_MW,mismatch_MW
future_e030_r005--highs,r5-risk-3946ad7a-6184-4d39-9a7f-653eeba8b5c5,none,building,1,1.0,293.31600450135824,292.15,294.15,0.033818103531240366,0.12,0.0,0.0,0.0
future_e030_r005--highs,r5-risk-3946ad7a-6184-4d39-9a7f-653eeba8b5c5,none,building,2,1.0,292.2405893053759,292.15,294.15,0.008763463996480871,0.09000000000000002,0.0,0.0,0.0
future_e030_r005--highs,r5-risk-3946ad7a-6184-4d39-9a7f-653eeba8b5c5,none,building,3,1.0,292.15,292.15,294.15,0.02518821389247948,0.0,-0.0,0.0,0.0
future_e030_r005--highs,r5-risk-3946ad7a-6184-4d39-9a7f-653eeba8b5c5,none,building,4,1.0,293.15,292.15,294.15,0.04699999999999932,0.08218919711714823,0.0,0.0,0.0
future_e030_r005--highs,r5-risk-3946ad7a-6184-4d39-9a7f-653eeba8b5c5,up,building,1,1.0,293.9038378484343,292.15,294.15,0.05033827051398854,0.12,0.0,0.0,0.0
future_e030_r005--highs,r5-risk-3946ad7a-6184-4d39-9a7f-653eeba8b5c5,up,building,2,1.0,295.15,292.15,294.15,0.06692324303131247,0.010000000000000023,0.08,0.08,0.0
future_e030_r005--highs,r5-risk-3946ad7a-6184-4d39-9a7f-653eeba8b5c5,up,building,3,1.0,293.4543478260869,292.15,294.15,0.0,0.0,-0.0,0.0,0.0
future_e030_r005--highs,r5-risk-3946ad7a-6184-4d39-9a7f-653eeba8b5c5,up,building,4,1.0,293.15,292.15,294.15,0.023913043478260874,0.08218919711714823,0.0,0.0,0.0
future_e030_r005--highs,r5-risk-3946ad7a-6184-4d39-9a7f-653eeba8b5c5,down,building,1,1.0,292.15,292.15,294.15,0.0,0.12,0.0,0.0,0.0
future_e030_r005--highs,r5-risk-3946ad7a-6184-4d39-9a7f-653eeba8b5c5,down,building,2,1.0,292.15,292.15,294.15,0.026999999999999698,0.09000000000000002,0.0,0.0,0.0
future_e030_r005--highs,r5-risk-3946ad7a-6184-4d39-9a7f-653eeba8b5c5,down,building,3,1.0,292.1500000000001,292.15,294.15,0.024000000000002242,0.0,-0.0,0.0,0.0
future_e030_r005--highs,r5-risk-3946ad7a-6184-4d39-9a7f-653eeba8b5c5,down,building,4,1.0,293.15,292.15,294.15,0.043999999999997395,0.08218919711714937,0.0,-1.1379786002407855e-15,1.1379786002407855e-15
future_e030_r005--clarabel,r5-risk-enum-10512082-8c43-456e-bf66-2b7bf1a5e7d5,none,building,1,1.0,292.37535246673474,292.15,294.15,0.012183106734861848,0.11999999999874478,0.0,5.551115123125783e-16,5.551115123125783e-16
future_e030_r005--clarabel,r5-risk-enum-10512082-8c43-456e-bf66-2b7bf1a5e7d5,none,building,2,1.0,292.25685113337977,292.15,294.15,0.027950526733005694,0.08999999999866534,0.0,-1.0547118733938987e-15,1.0547118733938987e-15
future_e030_r005--clarabel,r5-risk-enum-10512082-8c43-456e-bf66-2b7bf1a5e7d5,none,building,3,1.0,292.3422019865018,292.15,294.15,0.029283623021908373,2.6264519480460944e-13,0.0,3.1239251833773032e-15,3.1239251833773032e-15
future_e030_r005--clarabel,r5-risk-enum-10512082-8c43-456e-bf66-2b7bf1a5e7d5,none,building,4,1.0,293.15000000000003,292.15,294.15,0.04315596026992961,0.08218919703545692,0.0,-9.43689570931383e-16,9.43689570931383e-16
future_e030_r005--clarabel,r5-risk-enum-10512082-8c43-456e-bf66-2b7bf1a5e7d5,up,building,1,1.0,293.90383784839463,292.15,294.15,0.0503382705130419,0.11999999999855401,2.1212606010253233e-13,1.913191827185301e-13,2.080687738400223e-14
future_e030_r005--clarabel,r5-risk-enum-10512082-8c43-456e-bf66-2b7bf1a5e7d5,up,building,2,1.0,295.1499999998676,292.15,294.15,0.06692324302903173,0.009999999999689212,0.07999999999897996,0.07999999999897507,4.884981308350689e-15
future_e030_r005--clarabel,r5-risk-enum-10512082-8c43-456e-bf66-2b7bf1a5e7d5,up,building,3,1.0,293.45434782632793,292.15,294.15,8.15958927386106e-12,1.3684466437268164e-13,1.3755557078228102e-13,1.289244556153051e-13,8.63111516697592e-15
future_e030_r005--clarabel,r5-risk-enum-10512082-8c43-456e-bf66-2b7bf1a5e7d5,up,building,4,1.0,293.15000000000003,292.15,294.15,0.02391304347341056,0.08218919703452691,9.417532096944135e-13,9.290623825819466e-13,1.2690827112466905e-14
future_e030_r005--clarabel,r5-risk-enum-10512082-8c43-456e-bf66-2b7bf1a5e7d5,down,building,1,1.0,292.1500000075259,292.15,294.15,5.669850092872801e-9,0.11999999999880977,-8.866553809183528e-14,-6.443456879168252e-14,2.4230969300152762e-14
future_e030_r005--clarabel,r5-risk-enum-10512082-8c43-456e-bf66-2b7bf1a5e7d5,down,building,2,1.0,292.1500000070022,292.15,294.15,0.027000000010413444,0.0899999999989382,-2.9140783675506674e-13,-2.7390589796283393e-13,1.7501938792232805e-14
future_e030_r005--clarabel,r5-risk-enum-10512082-8c43-456e-bf66-2b7bf1a5e7d5,down,building,3,1.0,292.15000000289734,292.15,294.15,0.023999999926489615,5.158012186491386e-13,-2.6791133732698534e-13,-2.5003209866115183e-13,1.787923866583351e-14
future_e030_r005--clarabel,r5-risk-enum-10512082-8c43-456e-bf66-2b7bf1a5e7d5,down,building,4,1.0,293.15000000000003,292.15,294.15,0.043999999941946734,0.08218919705028263,-1.4833213653985057e-11,-1.4826653793598155e-11,6.559860386901942e-15
future_hard--highs,r5-risk-193959f6-b66b-41cd-8922-f8cf039e20e4,none,building,1,1.0,294.03518581497156,292.15,294.15,0.05035927374434676,0.108,0.0,0.0,0.0
future_hard--highs,r5-risk-193959f6-b66b-41cd-8922-f8cf039e20e4,none,building,2,1.0,292.6075321475038,292.15,294.15,0.0028195230931545865,0.09000000000000002,0.0,0.0,0.0
future_hard--highs,r5-risk-193959f6-b66b-41cd-8922-f8cf039e20e4,none,building,3,1.0,293.7585396227337,292.15,294.15,0.05484576837279728,0.0,0.0,-0.0,0.0
future_hard--highs,r5-risk-193959f6-b66b-41cd-8922-f8cf039e20e4,none,building,4,1.0,293.15,292.15,294.15,0.014829207545325854,0.047668142967202363,0.0,0.0,0.0
future_hard--highs,r5-risk-193959f6-b66b-41cd-8922-f8cf039e20e4,up,building,1,1.0,294.15,292.15,294.15,0.05599999999999943,0.108,0.0,0.0,0.0
future_hard--highs,r5-risk-193959f6-b66b-41cd-8922-f8cf039e20e4,up,building,2,1.0,294.15,292.15,294.15,0.03899999999999857,0.010000000000000023,0.08,0.08,0.0
future_hard--highs,r5-risk-193959f6-b66b-41cd-8922-f8cf039e20e4,up,building,3,1.0,294.15,292.15,294.15,0.035999999999999976,0.0,0.0,-0.0,0.0
future_hard--highs,r5-risk-193959f6-b66b-41cd-8922-f8cf039e20e4,up,building,4,1.0,293.15,292.15,294.15,0.010000000000000012,0.0476681429672023,0.0,6.245004513516506e-17,6.245004513516506e-17
future_hard--highs,r5-risk-193959f6-b66b-41cd-8922-f8cf039e20e4,down,building,1,1.0,292.6636289895901,292.15,294.15,0.015813466760572412,0.108,0.0,0.0,0.0
future_hard--highs,r5-risk-193959f6-b66b-41cd-8922-f8cf039e20e4,down,building,2,1.0,292.15,292.15,294.15,0.01672742020819746,0.09000000000000002,0.0,0.0,0.0
future_hard--highs,r5-risk-193959f6-b66b-41cd-8922-f8cf039e20e4,down,building,3,1.0,293.2801325031888,292.15,294.15,0.04999304757334177,0.0,0.0,-0.0,0.0
future_hard--highs,r5-risk-193959f6-b66b-41cd-8922-f8cf039e20e4,down,building,4,1.0,293.15,292.15,294.15,0.02139734993622395,0.047668142967202363,0.0,0.0,0.0
future_hard--clarabel,r5-risk-enum-d0a6d0e2-901e-492f-9e68-dae3c57b732c,none,building,1,1.0,292.8329254024952,292.15,294.15,0.022707284257318328,0.10800000000233788,0.0,-2.0539125955565396e-15,2.0539125955565396e-15
future_hard--clarabel,r5-risk-enum-d0a6d0e2-901e-492f-9e68-dae3c57b732c,none,building,2,1.0,292.5524489009993,292.15,294.15,0.025597816673009758,0.08154935451769499,0.0,1.4432899320127035e-15,1.4432899320127035e-15
future_hard--clarabel,r5-risk-enum-d0a6d0e2-901e-492f-9e68-dae3c57b732c,none,building,3,1.0,293.08223662089495,292.15,294.15,0.040392464260531266,5.067933117629035e-13,0.0,3.589055823157283e-15,3.589055823157283e-15
future_hard--clarabel,r5-risk-enum-d0a6d0e2-901e-492f-9e68-dae3c57b732c,none,building,4,1.0,293.15000000000003,292.15,294.15,0.02835526758203402,0.045175460966913564,0.0,1.915134717478395e-15,1.915134717478395e-15
future_hard--clarabel,r5-risk-enum-d0a6d0e2-901e-492f-9e68-dae3c57b732c,up,building,1,1.0,294.1499999998012,292.15,294.15,0.05599999999534757,0.10800000000192359,4.3295084669542014e-13,4.1223968683112844e-13,2.0711159864291703e-14
future_hard--clarabel,r5-risk-enum-d0a6d0e2-901e-492f-9e68-dae3c57b732c,up,building,2,1.0,294.1499999998652,292.15,294.15,0.03900000000079647,0.001549354522427993,0.07999999999526934,0.07999999999526844,9.020562075079397e-16
future_hard--clarabel,r5-risk-enum-d0a6d0e2-901e-492f-9e68-dae3c57b732c,up,building,3,1.0,294.14999999988515,292.15,294.15,0.035999999999979056,2.775470372836292e-13,2.420210713065009e-13,2.328353303024316e-13,9.185741004069298e-15
future_hard--clarabel,r5-risk-enum-d0a6d0e2-901e-492f-9e68-dae3c57b732c,up,building,4,1.0,293.15000000000003,292.15,294.15,0.010000000002221397,0.04517546096544934,1.4800937601788829e-12,1.46613970963827e-12,1.3954050540612888e-14
future_hard--clarabel,r5-risk-enum-d0a6d0e2-901e-492f-9e68-dae3c57b732c,down,building,1,1.0,292.54610609731475,292.15,294.15,0.013110440236891854,0.10800000000248404,-1.7756011933350713e-13,-1.482147737874584e-13,2.934534554604873e-14
future_hard--clarabel,r5-risk-enum-d0a6d0e2-901e-492f-9e68-dae3c57b732c,down,building,2,1.0,292.2834342723407,292.15,294.15,0.022146866317386164,0.08154935451830496,-6.150457608730776e-13,-6.085271175848561e-13,6.518643288221456e-15
future_hard--clarabel,r5-risk-enum-d0a6d0e2-901e-492f-9e68-dae3c57b732c,down,building,3,1.0,292.58424867654196,292.15,294.15,0.03131903411349749,8.621983085061317e-13,-3.6806529378806023e-13,-3.518159409200709e-13,1.6249352867989306e-14
future_hard--clarabel,r5-risk-enum-d0a6d0e2-901e-492f-9e68-dae3c57b732c,down,building,4,1.0,293.15000000000003,292.15,294.15,0.03531502646900718,0.04517546097402914,-7.117673570827881e-12,-7.11366382466494e-12,4.009746162941336e-15
hard_r020--highs,r5-risk-03af27be-8fde-4133-ab7f-b22d9fd05b2b,none,building,1,1.0,293.15,293.15,293.15,0.041999999999999885,0.08,0.0,0.0,0.0
hard_r020--highs,r5-risk-03af27be-8fde-4133-ab7f-b22d9fd05b2b,up,building,1,1.0,293.15,293.15,293.15,0.041999999999999885,0.0,0.08,0.08,0.0
hard_r020--highs,r5-risk-03af27be-8fde-4133-ab7f-b22d9fd05b2b,down,building,1,1.0,293.15,293.15,293.15,0.041999999999999885,0.14200000000000004,-0.062000000000000034,-0.06200000000000004,6.938893903907228e-18
hard_r020--clarabel,r5-risk-enum-4d231a10-791d-4fa4-be38-ce2e8b9db297,none,building,1,1.0,293.15,293.15,293.15,0.04199999999999941,0.07999999999998424,0.0,-2.7755575615628914e-17,2.7755575615628914e-17
hard_r020--clarabel,r5-risk-enum-4d231a10-791d-4fa4-be38-ce2e8b9db297,up,building,1,1.0,293.15,293.15,293.15,0.041999999999999496,7.976509290785547e-16,0.07999999999998389,0.07999999999998342,4.718447854656915e-16
hard_r020--clarabel,r5-risk-enum-4d231a10-791d-4fa4-be38-ce2e8b9db297,down,building,1,1.0,293.15,293.15,293.15,0.04199999999999929,0.141999999999998,-0.06200000000001556,-0.06200000000001378,1.7763568394002505e-15
hard_r100--highs,r5-risk-e7fb4feb-bca3-4521-8709-fae2c82d2087,none,building,1,1.0,293.15,293.15,293.15,0.041999999999999885,0.06200000000000003,0.0,0.0,0.0
hard_r100--highs,r5-risk-e7fb4feb-bca3-4521-8709-fae2c82d2087,up,building,1,1.0,293.15,293.15,293.15,0.041999999999999885,0.0,0.06200000000000003,0.06200000000000003,0.0
hard_r100--highs,r5-risk-e7fb4feb-bca3-4521-8709-fae2c82d2087,down,building,1,1.0,293.15,293.15,293.15,0.041999999999999885,0.14200000000000004,-0.08,-0.08000000000000002,1.3877787807814457e-17
hard_r100--clarabel,r5-risk-enum-fe72dfa0-9cb7-47ab-9aeb-63330fb78432,none,building,1,1.0,293.1499999999999,293.15,293.15,0.04199999999999987,0.06200000000001291,0.0,1.0408340855860843e-16,1.0408340855860843e-16
hard_r100--clarabel,r5-risk-enum-fe72dfa0-9cb7-47ab-9aeb-63330fb78432,up,building,1,1.0,293.1499999999999,293.15,293.15,0.04199999999999988,9.25364554493576e-15,0.06200000000001002,0.06200000000000376,6.25888230132432e-15
hard_r100--clarabel,r5-risk-enum-fe72dfa0-9cb7-47ab-9aeb-63330fb78432,down,building,1,1.0,293.1499999999999,293.15,293.15,0.041999999999999905,0.14199999999999793,-0.07999999999998887,-0.07999999999998492,3.95516952522712e-15
hard_zero--highs,r5-risk-2bd6d73b-e36e-4fd0-a816-4ecc435c6119,none,building,1,1.0,293.15,293.15,293.15,0.041999999999999885,0.08,0.0,0.0,0.0
hard_zero--highs,r5-risk-2bd6d73b-e36e-4fd0-a816-4ecc435c6119,up,building,1,1.0,293.15,293.15,293.15,0.041999999999999885,0.0,0.08,0.08,0.0
hard_zero--highs,r5-risk-2bd6d73b-e36e-4fd0-a816-4ecc435c6119,down,building,1,1.0,293.15,293.15,293.15,0.041999999999999885,0.14200000000000004,-0.06200000000000004,-0.06200000000000004,0.0
hard_zero--clarabel,r5-risk-enum-e19a12e5-6fb1-490a-9f0c-97013cac8a15,none,building,1,1.0,293.15,293.15,293.15,0.04199999999999958,0.07999999999973,0.0,-5.551115123125783e-17,5.551115123125783e-17
hard_zero--clarabel,r5-risk-enum-e19a12e5-6fb1-490a-9f0c-97013cac8a15,up,building,1,1.0,293.15,293.15,293.15,0.041999999999999475,6.749499512304739e-15,0.07999999999972937,0.0799999999997232,6.175615574477433e-15
hard_zero--clarabel,r5-risk-enum-e19a12e5-6fb1-490a-9f0c-97013cac8a15,down,building,1,1.0,293.15,293.15,293.15,0.04199999999999951,0.14199999999999954,-0.06200000000028409,-0.0620000000002696,1.4488410471358293e-14
quarter--highs,r5-risk-10f35733-3ccf-46e1-883a-89d7a8d5a506,none,building,1,0.25,293.15,293.15,293.15,0.042000000000000454,0.08,0.0,0.0,0.0
quarter--highs,r5-risk-10f35733-3ccf-46e1-883a-89d7a8d5a506,up,building,1,0.25,293.15,293.15,293.15,0.042000000000000454,0.0,0.08,0.08,0.0
quarter--highs,r5-risk-10f35733-3ccf-46e1-883a-89d7a8d5a506,down,building,1,0.25,293.15,293.15,293.15,0.042000000000000454,0.14200000000000004,-0.06200000000000004,-0.06200000000000004,0.0
quarter--clarabel,r5-risk-enum-4b5b8253-28c7-48a8-a848-f0d222af4860,none,building,1,0.25,293.15000000000003,293.15,293.15,0.04200000000000023,0.07999999999998997,0.0,-5.551115123125783e-17,5.551115123125783e-17
quarter--clarabel,r5-risk-enum-4b5b8253-28c7-48a8-a848-f0d222af4860,up,building,1,0.25,293.15000000000003,293.15,293.15,0.04200000000000019,2.547322594740834e-15,0.07999999999998872,0.07999999999998736,1.3600232051658168e-15
quarter--clarabel,r5-risk-enum-4b5b8253-28c7-48a8-a848-f0d222af4860,down,building,1,0.25,293.15000000000003,293.15,293.15,0.042000000000000176,0.14200000000000032,-0.062000000000015806,-0.06200000000001041,5.398459457239824e-15
thermal_e000_r005--highs,r5-risk-31608050-7aca-4270-b3cc-4b3371c7d46d,none,building,1,1.0,293.15,293.15,293.15,0.04199999999999903,0.08,0.0,0.0,0.0
thermal_e000_r005--highs,r5-risk-31608050-7aca-4270-b3cc-4b3371c7d46d,up,building,1,1.0,293.15,293.15,293.15,0.04199999999999903,0.0,0.08,0.08,0.0
thermal_e000_r005--highs,r5-risk-31608050-7aca-4270-b3cc-4b3371c7d46d,down,building,1,1.0,293.15,293.15,293.15,0.04199999999999903,0.14199999999999913,-0.06199999999999913,-0.061999999999999125,6.938893903907228e-18
thermal_e000_r005--clarabel,r5-risk-enum-230f3a21-1bea-421f-aa8a-15894bf1881a,none,building,1,1.0,293.15,293.15,293.15,0.04199999999999846,0.07999999999994596,0.0,-8.326672684688674e-17,8.326672684688674e-17
thermal_e000_r005--clarabel,r5-risk-enum-230f3a21-1bea-421f-aa8a-15894bf1881a,up,building,1,1.0,293.15,293.15,293.15,0.0419999999999985,3.7333792996083724e-15,0.07999999999994367,0.07999999999994215,1.5265566588595902e-15
thermal_e000_r005--clarabel,r5-risk-enum-230f3a21-1bea-421f-aa8a-15894bf1881a,down,building,1,1.0,293.15,293.15,293.15,0.041999999999998774,0.14199999999999738,-0.06200000000005474,-0.0620000000000515,3.2404634531246757e-15
thermal_e025_r000--highs,r5-risk-be93d55a-a696-48b7-a024-f5a9da4d7731,none,building,1,1.0,293.15,293.15,293.15,0.04199999999999903,0.08,0.0,0.0,0.0
thermal_e025_r000--highs,r5-risk-be93d55a-a696-48b7-a024-f5a9da4d7731,up,building,1,1.0,293.15,293.15,293.15,0.04199999999999903,0.0,0.08,0.08,0.0
thermal_e025_r000--highs,r5-risk-be93d55a-a696-48b7-a024-f5a9da4d7731,down,building,1,1.0,294.15,293.15,293.15,0.056199999999999146,0.15477999999999914,-0.07477999999999914,-0.07477999999999914,0.0
thermal_e025_r000--clarabel,r5-risk-enum-08cd812b-46ec-41ef-91d9-84e3b8b14f4e,none,building,1,1.0,293.1499999999999,293.15,293.15,0.04199999999999803,0.0799999999999411,0.0,-1.3877787807814457e-17,1.3877787807814457e-17
thermal_e025_r000--clarabel,r5-risk-enum-08cd812b-46ec-41ef-91d9-84e3b8b14f4e,up,building,1,1.0,293.1499999999999,293.15,293.15,0.0420000000000001,-2.4424930787713216e-16,0.07999999999994176,0.07999999999994134,4.163336342344337e-16
thermal_e025_r000--clarabel,r5-risk-enum-08cd812b-46ec-41ef-91d9-84e3b8b14f4e,down,building,1,1.0,294.1499999999999,293.15,293.15,0.056199999999998376,0.15477999999999872,-0.07478000000005801,-0.07478000000005763,3.7470027081099033e-16
thermal_e025_r005--highs,r5-risk-d9fb7e90-e5a7-4161-9268-e559fdbe5e98,none,building,1,1.0,293.15,293.15,293.15,0.04199999999999903,0.08,0.0,0.0,0.0
thermal_e025_r005--highs,r5-risk-d9fb7e90-e5a7-4161-9268-e559fdbe5e98,up,building,1,1.0,293.15,293.15,293.15,0.04199999999999903,0.0,0.08,0.08,0.0
thermal_e025_r005--highs,r5-risk-d9fb7e90-e5a7-4161-9268-e559fdbe5e98,down,building,1,1.0,293.15,293.15,293.15,0.04199999999999903,0.14199999999999913,-0.06199999999999913,-0.061999999999999125,6.938893903907228e-18
thermal_e025_r005--clarabel,r5-risk-enum-915983bd-1baf-467f-8c23-651014ee31da,none,building,1,1.0,293.1499999999999,293.15,293.15,0.041999999999998705,0.07999999999994603,0.0,-2.7755575615628914e-17,2.7755575615628914e-17
thermal_e025_r005--clarabel,r5-risk-enum-915983bd-1baf-467f-8c23-651014ee31da,up,building,1,1.0,293.1499999999999,293.15,293.15,0.04199999999999862,2.5632925755135108e-15,0.079999999999944,0.07999999999994344,5.689893001203927e-16
thermal_e025_r005--clarabel,r5-risk-enum-915983bd-1baf-467f-8c23-651014ee31da,down,building,1,1.0,293.1499999999999,293.15,293.15,0.04199999999999881,0.14199999999999763,-0.062000000000049786,-0.062000000000051625,1.8388068845354155e-15
thermal_e030_r005--highs,r5-risk-df39ecaf-bd33-497b-bb65-8d2f95f9a7b8,none,building,1,1.0,293.15,293.15,293.15,0.04199999999999903,0.08,0.0,0.0,0.0
thermal_e030_r005--highs,r5-risk-df39ecaf-bd33-497b-bb65-8d2f95f9a7b8,up,building,1,1.0,293.15,293.15,293.15,0.04199999999999903,0.0,0.08,0.08,0.0
thermal_e030_r005--highs,r5-risk-df39ecaf-bd33-497b-bb65-8d2f95f9a7b8,down,building,1,1.0,294.15,293.15,293.15,0.056199999999999146,0.15477999999999914,-0.07477999999999914,-0.07477999999999914,0.0
thermal_e030_r005--clarabel,r5-risk-enum-fa91afde-59fb-4835-9dc8-1db610f17136,none,building,1,1.0,293.15,293.15,293.15,0.0419999999999992,0.0799999999999247,0.0,-6.938893903907228e-17,6.938893903907228e-17
thermal_e030_r005--clarabel,r5-risk-enum-fa91afde-59fb-4835-9dc8-1db610f17136,up,building,1,1.0,293.15,293.15,293.15,0.04199999999999932,3.589827779434011e-15,0.07999999999992273,0.07999999999992104,1.6930901125533637e-15
thermal_e030_r005--clarabel,r5-risk-enum-fa91afde-59fb-4835-9dc8-1db610f17136,down,building,1,1.0,294.14999999999924,293.15,293.15,0.056199999999988884,0.15477999999998904,-0.07478000000006718,-0.0747800000000644,2.7755575615628914e-15
thermal_e100_r000--highs,r5-risk-a39572d1-f325-44e8-97dd-f6a19919eb90,none,building,1,1.0,292.1499999999999,293.15,293.15,0.02779999999999892,0.08,0.0,0.0,0.0
thermal_e100_r000--highs,r5-risk-a39572d1-f325-44e8-97dd-f6a19919eb90,up,building,1,1.0,292.1499999999999,293.15,293.15,0.02779999999999892,0.0,0.08,0.08,0.0
thermal_e100_r000--highs,r5-risk-a39572d1-f325-44e8-97dd-f6a19919eb90,down,building,1,1.0,294.15,293.15,293.15,0.056199999999999146,0.15477999999999914,-0.07477999999999914,-0.07477999999999914,0.0
thermal_e100_r000--clarabel,r5-risk-enum-f86afcc5-1af2-4b7b-9189-8354b2b5818b,none,building,1,1.0,292.1500000000005,293.15,293.15,0.02780000000000881,0.07999999999990533,0.0,-4.163336342344337e-17,4.163336342344337e-17
thermal_e100_r000--clarabel,r5-risk-enum-f86afcc5-1af2-4b7b-9189-8354b2b5818b,up,building,1,1.0,292.1500000000001,293.15,293.15,0.027800000000002427,1.29066259134e-15,0.07999999999990501,0.079999999999904,1.0130785099704553e-15
thermal_e100_r000--clarabel,r5-risk-enum-f86afcc5-1af2-4b7b-9189-8354b2b5818b,down,building,1,1.0,294.1499999999997,293.15,293.15,0.05619999999999713,0.15477999999999706,-0.07478000000009312,-0.07478000000009177,1.3461454173580023e-15
thermal_hard--highs,r5-risk-823c8b42-28ad-42b0-b7eb-bfbfc65b6f59,none,building,1,1.0,293.15,293.15,293.15,0.04199999999999903,0.08,0.0,0.0,0.0
thermal_hard--highs,r5-risk-823c8b42-28ad-42b0-b7eb-bfbfc65b6f59,up,building,1,1.0,293.15,293.15,293.15,0.04199999999999903,0.0,0.08,0.08,0.0
thermal_hard--highs,r5-risk-823c8b42-28ad-42b0-b7eb-bfbfc65b6f59,down,building,1,1.0,293.15,293.15,293.15,0.04199999999999903,0.14199999999999913,-0.061999999999999125,-0.061999999999999125,0.0
thermal_hard--clarabel,r5-risk-enum-124e3514-accd-4a57-8dbd-9ffa4f994a37,none,building,1,1.0,293.1499999999999,293.15,293.15,0.04199999999999882,0.07999999999971005,0.0,-6.938893903907228e-17,6.938893903907228e-17
thermal_hard--clarabel,r5-risk-enum-124e3514-accd-4a57-8dbd-9ffa4f994a37,up,building,1,1.0,293.1499999999999,293.15,293.15,0.0419999999999984,1.6065032060146366e-15,0.07999999999971426,0.07999999999970837,5.88418203051333e-15
thermal_hard--clarabel,r5-risk-enum-124e3514-accd-4a57-8dbd-9ffa4f994a37,down,building,1,1.0,293.1499999999999,293.15,293.15,0.041999999999998844,0.1419999999999986,-0.06200000000029932,-0.062000000000288616,1.0706713293728853e-14
hard_zero--gurobi,r5-risk-b1767fa5-00cd-4141-a1f2-f4bce05eba28,none,building,1,1.0,293.15,293.15,293.15,0.041999999999999885,0.08000000000000007,0.0,0.0,0.0
hard_zero--gurobi,r5-risk-b1767fa5-00cd-4141-a1f2-f4bce05eba28,up,building,1,1.0,293.15,293.15,293.15,0.041999999999999885,0.0,0.08000000000000007,0.08000000000000007,0.0
hard_zero--gurobi,r5-risk-b1767fa5-00cd-4141-a1f2-f4bce05eba28,down,building,1,1.0,293.15,293.15,293.15,0.041999999999999885,0.14200000000000004,-0.06199999999999997,-0.06199999999999997,0.0
thermal_e030_r005--gurobi,r5-risk-2999aa21-f3b5-47fd-b9d0-c6a935abc002,none,building,1,1.0,293.15,293.15,293.15,0.041999999999999815,0.08000000000000007,0.0,0.0,0.0
thermal_e030_r005--gurobi,r5-risk-2999aa21-f3b5-47fd-b9d0-c6a935abc002,up,building,1,1.0,293.15,293.15,293.15,0.041999999999999815,0.0,0.08000000000000007,0.08000000000000007,0.0
thermal_e030_r005--gurobi,r5-risk-2999aa21-f3b5-47fd-b9d0-c6a935abc002,down,building,1,1.0,294.15,293.15,293.15,0.05620000000000047,0.1547799999999994,-0.0747799999999993,-0.07477999999999932,1.3877787807814457e-17
future_e030_r005--gurobi,r5-risk-dee19458-e00f-49b8-80ab-b85668162b01,none,building,1,1.0,293.33804135952664,292.15,294.15,0.03432495126911417,0.12,0.0,0.0,0.0
future_e030_r005--gurobi,r5-risk-dee19458-e00f-49b8-80ab-b85668162b01,none,building,2,1.0,292.15,292.15,294.15,0.006239172809466708,0.09000000000000002,0.0,0.0,0.0
future_e030_r005--gurobi,r5-risk-dee19458-e00f-49b8-80ab-b85668162b01,none,building,3,1.0,292.15,292.15,294.15,0.027000000000000454,0.0,0.0,0.0,0.0
future_e030_r005--gurobi,r5-risk-dee19458-e00f-49b8-80ab-b85668162b01,none,building,4,1.0,293.15,292.15,294.15,0.04699999999999932,0.0821891971171482,0.0,0.0,0.0
future_e030_r005--gurobi,r5-risk-dee19458-e00f-49b8-80ab-b85668162b01,up,building,1,1.0,293.9038378484343,292.15,294.15,0.05033827051398854,0.12,0.0,0.0,0.0
future_e030_r005--gurobi,r5-risk-dee19458-e00f-49b8-80ab-b85668162b01,up,building,2,1.0,295.15,292.15,294.15,0.06692324303131314,0.010000000000000023,0.08,0.08,0.0
future_e030_r005--gurobi,r5-risk-dee19458-e00f-49b8-80ab-b85668162b01,up,building,3,1.0,293.4543478260869,292.15,294.15,0.0,0.0,0.0,0.0,0.0
future_e030_r005--gurobi,r5-risk-dee19458-e00f-49b8-80ab-b85668162b01,up,building,4,1.0,293.15,292.15,294.15,0.023913043478260874,0.0821891971171482,0.0,0.0,0.0
future_e030_r005--gurobi,r5-risk-dee19458-e00f-49b8-80ab-b85668162b01,down,building,1,1.0,292.15,292.15,294.15,0.0,0.12,0.0,0.0,0.0
future_e030_r005--gurobi,r5-risk-dee19458-e00f-49b8-80ab-b85668162b01,down,building,2,1.0,292.15,292.15,294.15,0.027000000000000454,0.09000000000000002,0.0,0.0,0.0
future_e030_r005--gurobi,r5-risk-dee19458-e00f-49b8-80ab-b85668162b01,down,building,3,1.0,292.15,292.15,294.15,0.02399999999999977,0.0,0.0,0.0,0.0
future_e030_r005--gurobi,r5-risk-dee19458-e00f-49b8-80ab-b85668162b01,down,building,4,1.0,293.15,292.15,294.15,0.043999999999999775,0.0821891971171482,0.0,0.0,0.0
