id,run_id,stage,event,fault,pipe,time,flow_kg_s
ua0_healthy_zero_loss_prescribed_highs,r7-flow-planning-c327f4a4-e3cc-4100-ac5a-c2387a6a7f33,normal,0,none,1,1,5.0
ua0_healthy_zero_loss_prescribed_highs,r7-flow-planning-c327f4a4-e3cc-4100-ac5a-c2387a6a7f33,normal,0,none,1,2,5.0
ua0_healthy_zero_loss_prescribed_highs,r7-flow-planning-c327f4a4-e3cc-4100-ac5a-c2387a6a7f33,normal,0,none,1,3,5.0
ua0_healthy_zero_loss_prescribed_highs,r7-flow-planning-c327f4a4-e3cc-4100-ac5a-c2387a6a7f33,normal,0,none,1,4,5.0
ua0_healthy_zero_loss_prescribed_highs,r7-flow-planning-c327f4a4-e3cc-4100-ac5a-c2387a6a7f33,recovery,1,0,1,2,5.0
ua0_healthy_zero_loss_prescribed_highs,r7-flow-planning-c327f4a4-e3cc-4100-ac5a-c2387a6a7f33,recovery,2,0,1,3,5.0
ua0_healthy_zero_loss_prescribed_gurobi,r7-flow-planning-74e6d73e-9dc9-406d-988e-6c0a516b3571,normal,0,none,1,1,5.0
ua0_healthy_zero_loss_prescribed_gurobi,r7-flow-planning-74e6d73e-9dc9-406d-988e-6c0a516b3571,normal,0,none,1,2,5.0
ua0_healthy_zero_loss_prescribed_gurobi,r7-flow-planning-74e6d73e-9dc9-406d-988e-6c0a516b3571,normal,0,none,1,3,5.0
ua0_healthy_zero_loss_prescribed_gurobi,r7-flow-planning-74e6d73e-9dc9-406d-988e-6c0a516b3571,normal,0,none,1,4,5.0
ua0_healthy_zero_loss_prescribed_gurobi,r7-flow-planning-74e6d73e-9dc9-406d-988e-6c0a516b3571,recovery,1,0,1,2,5.0
ua0_healthy_zero_loss_prescribed_gurobi,r7-flow-planning-74e6d73e-9dc9-406d-988e-6c0a516b3571,recovery,2,0,1,3,5.0
ua0_healthy_zero_loss_recovery_continuous_gurobi,r7-flow-planning-52a29a9e-739d-4396-a265-7c6962184f73,normal,0,none,1,1,5.0
ua0_healthy_zero_loss_recovery_continuous_gurobi,r7-flow-planning-52a29a9e-739d-4396-a265-7c6962184f73,normal,0,none,1,2,5.0
ua0_healthy_zero_loss_recovery_continuous_gurobi,r7-flow-planning-52a29a9e-739d-4396-a265-7c6962184f73,normal,0,none,1,3,5.0
ua0_healthy_zero_loss_recovery_continuous_gurobi,r7-flow-planning-52a29a9e-739d-4396-a265-7c6962184f73,normal,0,none,1,4,5.0
ua0_healthy_zero_loss_recovery_continuous_gurobi,r7-flow-planning-52a29a9e-739d-4396-a265-7c6962184f73,recovery,1,0,1,2,6.106156868789927
ua0_healthy_zero_loss_recovery_continuous_gurobi,r7-flow-planning-52a29a9e-739d-4396-a265-7c6962184f73,recovery,2,0,1,3,4.767631858025888
ua0_healthy_zero_loss_joint_continuous_gurobi,r7-flow-planning-382ddd3a-4a9b-44fd-af74-eaaf5514e0f1,normal,0,none,1,1,2.5131523010664303
ua0_healthy_zero_loss_joint_continuous_gurobi,r7-flow-planning-382ddd3a-4a9b-44fd-af74-eaaf5514e0f1,normal,0,none,1,2,2.486847698933644
ua0_healthy_zero_loss_joint_continuous_gurobi,r7-flow-planning-382ddd3a-4a9b-44fd-af74-eaaf5514e0f1,normal,0,none,1,3,3.66689702225162
ua0_healthy_zero_loss_joint_continuous_gurobi,r7-flow-planning-382ddd3a-4a9b-44fd-af74-eaaf5514e0f1,normal,0,none,1,4,4.995642492615962
ua0_healthy_zero_loss_joint_continuous_gurobi,r7-flow-planning-382ddd3a-4a9b-44fd-af74-eaaf5514e0f1,recovery,1,0,1,2,4.531054411865437
ua0_healthy_zero_loss_joint_continuous_gurobi,r7-flow-planning-382ddd3a-4a9b-44fd-af74-eaaf5514e0f1,recovery,2,0,1,3,3.9267853356254894
ua0_all_faults_heat_limit_prescribed_highs,r7-flow-planning-069ce620-6e39-44c7-869f-9decd9fb2613,normal,0,none,1,1,5.0
ua0_all_faults_heat_limit_prescribed_highs,r7-flow-planning-069ce620-6e39-44c7-869f-9decd9fb2613,normal,0,none,1,2,5.0
ua0_all_faults_heat_limit_prescribed_highs,r7-flow-planning-069ce620-6e39-44c7-869f-9decd9fb2613,normal,0,none,1,3,5.0
ua0_all_faults_heat_limit_prescribed_highs,r7-flow-planning-069ce620-6e39-44c7-869f-9decd9fb2613,normal,0,none,1,4,5.0
ua0_all_faults_heat_limit_prescribed_highs,r7-flow-planning-069ce620-6e39-44c7-869f-9decd9fb2613,recovery,1,0,1,2,5.0
ua0_all_faults_heat_limit_prescribed_highs,r7-flow-planning-069ce620-6e39-44c7-869f-9decd9fb2613,recovery,1,1,1,2,0.0
ua0_all_faults_heat_limit_prescribed_highs,r7-flow-planning-069ce620-6e39-44c7-869f-9decd9fb2613,recovery,2,0,1,3,5.0
ua0_all_faults_heat_limit_prescribed_highs,r7-flow-planning-069ce620-6e39-44c7-869f-9decd9fb2613,recovery,2,1,1,3,0.0
ua0_all_faults_heat_limit_prescribed_gurobi,r7-flow-planning-6e803d90-8c31-4cde-8a4d-ad3194fe286d,normal,0,none,1,1,5.0
ua0_all_faults_heat_limit_prescribed_gurobi,r7-flow-planning-6e803d90-8c31-4cde-8a4d-ad3194fe286d,normal,0,none,1,2,5.0
ua0_all_faults_heat_limit_prescribed_gurobi,r7-flow-planning-6e803d90-8c31-4cde-8a4d-ad3194fe286d,normal,0,none,1,3,5.0
ua0_all_faults_heat_limit_prescribed_gurobi,r7-flow-planning-6e803d90-8c31-4cde-8a4d-ad3194fe286d,normal,0,none,1,4,5.0
ua0_all_faults_heat_limit_prescribed_gurobi,r7-flow-planning-6e803d90-8c31-4cde-8a4d-ad3194fe286d,recovery,1,0,1,2,5.0
ua0_all_faults_heat_limit_prescribed_gurobi,r7-flow-planning-6e803d90-8c31-4cde-8a4d-ad3194fe286d,recovery,1,1,1,2,0.0
ua0_all_faults_heat_limit_prescribed_gurobi,r7-flow-planning-6e803d90-8c31-4cde-8a4d-ad3194fe286d,recovery,2,0,1,3,5.0
ua0_all_faults_heat_limit_prescribed_gurobi,r7-flow-planning-6e803d90-8c31-4cde-8a4d-ad3194fe286d,recovery,2,1,1,3,0.0
ua0_all_faults_heat_limit_recovery_continuous_gurobi,r7-flow-planning-06d5e4d9-3198-4c07-bfa6-1d0cc211d070,normal,0,none,1,1,5.0
ua0_all_faults_heat_limit_recovery_continuous_gurobi,r7-flow-planning-06d5e4d9-3198-4c07-bfa6-1d0cc211d070,normal,0,none,1,2,5.0
ua0_all_faults_heat_limit_recovery_continuous_gurobi,r7-flow-planning-06d5e4d9-3198-4c07-bfa6-1d0cc211d070,normal,0,none,1,3,5.0
ua0_all_faults_heat_limit_recovery_continuous_gurobi,r7-flow-planning-06d5e4d9-3198-4c07-bfa6-1d0cc211d070,normal,0,none,1,4,5.0
ua0_all_faults_heat_limit_recovery_continuous_gurobi,r7-flow-planning-06d5e4d9-3198-4c07-bfa6-1d0cc211d070,recovery,1,0,1,2,0.0
ua0_all_faults_heat_limit_recovery_continuous_gurobi,r7-flow-planning-06d5e4d9-3198-4c07-bfa6-1d0cc211d070,recovery,1,1,1,2,0.0
ua0_all_faults_heat_limit_recovery_continuous_gurobi,r7-flow-planning-06d5e4d9-3198-4c07-bfa6-1d0cc211d070,recovery,2,0,1,3,0.0
ua0_all_faults_heat_limit_recovery_continuous_gurobi,r7-flow-planning-06d5e4d9-3198-4c07-bfa6-1d0cc211d070,recovery,2,1,1,3,0.0
ua0_all_faults_heat_limit_joint_continuous_gurobi,r7-flow-planning-6487d229-fb73-4427-b3c1-2dfffb232bbc,normal,0,none,1,1,3.447897992356971
ua0_all_faults_heat_limit_joint_continuous_gurobi,r7-flow-planning-6487d229-fb73-4427-b3c1-2dfffb232bbc,normal,0,none,1,2,3.1695896563960235
ua0_all_faults_heat_limit_joint_continuous_gurobi,r7-flow-planning-6487d229-fb73-4427-b3c1-2dfffb232bbc,normal,0,none,1,3,3.6971006488451565
ua0_all_faults_heat_limit_joint_continuous_gurobi,r7-flow-planning-6487d229-fb73-4427-b3c1-2dfffb232bbc,normal,0,none,1,4,3.575059116252236
ua0_all_faults_heat_limit_joint_continuous_gurobi,r7-flow-planning-6487d229-fb73-4427-b3c1-2dfffb232bbc,recovery,1,0,1,2,1.4230815234400342
ua0_all_faults_heat_limit_joint_continuous_gurobi,r7-flow-planning-6487d229-fb73-4427-b3c1-2dfffb232bbc,recovery,1,1,1,2,0.0
ua0_all_faults_heat_limit_joint_continuous_gurobi,r7-flow-planning-6487d229-fb73-4427-b3c1-2dfffb232bbc,recovery,2,0,1,3,1.6378275097839479
ua0_all_faults_heat_limit_joint_continuous_gurobi,r7-flow-planning-6487d229-fb73-4427-b3c1-2dfffb232bbc,recovery,2,1,1,3,0.0
ua10_healthy_zero_loss_prescribed_highs,r7-flow-planning-d7792b9a-dfe6-46be-a79e-074fcb9372d8,normal,0,none,1,1,5.0
ua10_healthy_zero_loss_prescribed_highs,r7-flow-planning-d7792b9a-dfe6-46be-a79e-074fcb9372d8,normal,0,none,1,2,5.0
ua10_healthy_zero_loss_prescribed_highs,r7-flow-planning-d7792b9a-dfe6-46be-a79e-074fcb9372d8,normal,0,none,1,3,5.0
ua10_healthy_zero_loss_prescribed_highs,r7-flow-planning-d7792b9a-dfe6-46be-a79e-074fcb9372d8,normal,0,none,1,4,5.0
ua10_healthy_zero_loss_prescribed_highs,r7-flow-planning-d7792b9a-dfe6-46be-a79e-074fcb9372d8,recovery,1,0,1,2,5.0
ua10_healthy_zero_loss_prescribed_highs,r7-flow-planning-d7792b9a-dfe6-46be-a79e-074fcb9372d8,recovery,2,0,1,3,5.0
ua10_healthy_zero_loss_prescribed_gurobi,r7-flow-planning-e1027475-654e-40f3-ada7-b65e7652d3e9,normal,0,none,1,1,5.0
ua10_healthy_zero_loss_prescribed_gurobi,r7-flow-planning-e1027475-654e-40f3-ada7-b65e7652d3e9,normal,0,none,1,2,5.0
ua10_healthy_zero_loss_prescribed_gurobi,r7-flow-planning-e1027475-654e-40f3-ada7-b65e7652d3e9,normal,0,none,1,3,5.0
ua10_healthy_zero_loss_prescribed_gurobi,r7-flow-planning-e1027475-654e-40f3-ada7-b65e7652d3e9,normal,0,none,1,4,5.0
ua10_healthy_zero_loss_prescribed_gurobi,r7-flow-planning-e1027475-654e-40f3-ada7-b65e7652d3e9,recovery,1,0,1,2,5.0
ua10_healthy_zero_loss_prescribed_gurobi,r7-flow-planning-e1027475-654e-40f3-ada7-b65e7652d3e9,recovery,2,0,1,3,5.0
ua10_healthy_zero_loss_recovery_continuous_gurobi,r7-flow-planning-08ab1fad-13b9-4b09-8c2b-9c6a994e78d7,normal,0,none,1,1,5.0
ua10_healthy_zero_loss_recovery_continuous_gurobi,r7-flow-planning-08ab1fad-13b9-4b09-8c2b-9c6a994e78d7,normal,0,none,1,2,5.0
ua10_healthy_zero_loss_recovery_continuous_gurobi,r7-flow-planning-08ab1fad-13b9-4b09-8c2b-9c6a994e78d7,normal,0,none,1,3,5.0
ua10_healthy_zero_loss_recovery_continuous_gurobi,r7-flow-planning-08ab1fad-13b9-4b09-8c2b-9c6a994e78d7,normal,0,none,1,4,5.0
ua10_healthy_zero_loss_recovery_continuous_gurobi,r7-flow-planning-08ab1fad-13b9-4b09-8c2b-9c6a994e78d7,recovery,1,0,1,2,5.0
ua10_healthy_zero_loss_recovery_continuous_gurobi,r7-flow-planning-08ab1fad-13b9-4b09-8c2b-9c6a994e78d7,recovery,2,0,1,3,5.0
ua10_healthy_zero_loss_joint_continuous_gurobi,r7-flow-planning-c656828b-a748-4c9f-81b4-020fb12e34dc,normal,0,none,1,1,5.0
ua10_healthy_zero_loss_joint_continuous_gurobi,r7-flow-planning-c656828b-a748-4c9f-81b4-020fb12e34dc,normal,0,none,1,2,5.0
ua10_healthy_zero_loss_joint_continuous_gurobi,r7-flow-planning-c656828b-a748-4c9f-81b4-020fb12e34dc,normal,0,none,1,3,5.0
ua10_healthy_zero_loss_joint_continuous_gurobi,r7-flow-planning-c656828b-a748-4c9f-81b4-020fb12e34dc,normal,0,none,1,4,3.1720233543845193
ua10_healthy_zero_loss_joint_continuous_gurobi,r7-flow-planning-c656828b-a748-4c9f-81b4-020fb12e34dc,recovery,1,0,1,2,5.146148153376625
ua10_healthy_zero_loss_joint_continuous_gurobi,r7-flow-planning-c656828b-a748-4c9f-81b4-020fb12e34dc,recovery,2,0,1,3,4.999983197344366
ua10_all_faults_heat_limit_prescribed_highs,r7-flow-planning-c452c23b-85c8-4c02-945f-70634d0bfa3f,normal,0,none,1,1,5.0
ua10_all_faults_heat_limit_prescribed_highs,r7-flow-planning-c452c23b-85c8-4c02-945f-70634d0bfa3f,normal,0,none,1,2,5.0
ua10_all_faults_heat_limit_prescribed_highs,r7-flow-planning-c452c23b-85c8-4c02-945f-70634d0bfa3f,normal,0,none,1,3,5.0
ua10_all_faults_heat_limit_prescribed_highs,r7-flow-planning-c452c23b-85c8-4c02-945f-70634d0bfa3f,normal,0,none,1,4,5.0
ua10_all_faults_heat_limit_prescribed_highs,r7-flow-planning-c452c23b-85c8-4c02-945f-70634d0bfa3f,recovery,1,0,1,2,5.0
ua10_all_faults_heat_limit_prescribed_highs,r7-flow-planning-c452c23b-85c8-4c02-945f-70634d0bfa3f,recovery,1,1,1,2,0.0
ua10_all_faults_heat_limit_prescribed_highs,r7-flow-planning-c452c23b-85c8-4c02-945f-70634d0bfa3f,recovery,2,0,1,3,5.0
ua10_all_faults_heat_limit_prescribed_highs,r7-flow-planning-c452c23b-85c8-4c02-945f-70634d0bfa3f,recovery,2,1,1,3,0.0
ua10_all_faults_heat_limit_prescribed_gurobi,r7-flow-planning-312ad926-1a9c-43d9-bdb6-28ea24589b2e,normal,0,none,1,1,5.0
ua10_all_faults_heat_limit_prescribed_gurobi,r7-flow-planning-312ad926-1a9c-43d9-bdb6-28ea24589b2e,normal,0,none,1,2,5.0
ua10_all_faults_heat_limit_prescribed_gurobi,r7-flow-planning-312ad926-1a9c-43d9-bdb6-28ea24589b2e,normal,0,none,1,3,5.0
ua10_all_faults_heat_limit_prescribed_gurobi,r7-flow-planning-312ad926-1a9c-43d9-bdb6-28ea24589b2e,normal,0,none,1,4,5.0
ua10_all_faults_heat_limit_prescribed_gurobi,r7-flow-planning-312ad926-1a9c-43d9-bdb6-28ea24589b2e,recovery,1,0,1,2,5.0
ua10_all_faults_heat_limit_prescribed_gurobi,r7-flow-planning-312ad926-1a9c-43d9-bdb6-28ea24589b2e,recovery,1,1,1,2,0.0
ua10_all_faults_heat_limit_prescribed_gurobi,r7-flow-planning-312ad926-1a9c-43d9-bdb6-28ea24589b2e,recovery,2,0,1,3,5.0
ua10_all_faults_heat_limit_prescribed_gurobi,r7-flow-planning-312ad926-1a9c-43d9-bdb6-28ea24589b2e,recovery,2,1,1,3,0.0
ua10_all_faults_heat_limit_recovery_continuous_gurobi,r7-flow-planning-d0adbbcf-9589-4976-b3e9-617ec1d8b442,normal,0,none,1,1,5.0
ua10_all_faults_heat_limit_recovery_continuous_gurobi,r7-flow-planning-d0adbbcf-9589-4976-b3e9-617ec1d8b442,normal,0,none,1,2,5.0
ua10_all_faults_heat_limit_recovery_continuous_gurobi,r7-flow-planning-d0adbbcf-9589-4976-b3e9-617ec1d8b442,normal,0,none,1,3,5.0
ua10_all_faults_heat_limit_recovery_continuous_gurobi,r7-flow-planning-d0adbbcf-9589-4976-b3e9-617ec1d8b442,normal,0,none,1,4,5.0
ua10_all_faults_heat_limit_recovery_continuous_gurobi,r7-flow-planning-d0adbbcf-9589-4976-b3e9-617ec1d8b442,recovery,1,0,1,2,5.0
ua10_all_faults_heat_limit_recovery_continuous_gurobi,r7-flow-planning-d0adbbcf-9589-4976-b3e9-617ec1d8b442,recovery,1,1,1,2,0.0
ua10_all_faults_heat_limit_recovery_continuous_gurobi,r7-flow-planning-d0adbbcf-9589-4976-b3e9-617ec1d8b442,recovery,2,0,1,3,5.0
ua10_all_faults_heat_limit_recovery_continuous_gurobi,r7-flow-planning-d0adbbcf-9589-4976-b3e9-617ec1d8b442,recovery,2,1,1,3,0.0
ua10_all_faults_heat_limit_joint_continuous_gurobi,r7-flow-planning-92a0c734-b060-4806-bf2d-f19b78b0fd5e,normal,0,none,1,1,5.0
ua10_all_faults_heat_limit_joint_continuous_gurobi,r7-flow-planning-92a0c734-b060-4806-bf2d-f19b78b0fd5e,normal,0,none,1,2,3.178176593096543
ua10_all_faults_heat_limit_joint_continuous_gurobi,r7-flow-planning-92a0c734-b060-4806-bf2d-f19b78b0fd5e,normal,0,none,1,3,3.1791871961214944
ua10_all_faults_heat_limit_joint_continuous_gurobi,r7-flow-planning-92a0c734-b060-4806-bf2d-f19b78b0fd5e,normal,0,none,1,4,5.000061282189206
ua10_all_faults_heat_limit_joint_continuous_gurobi,r7-flow-planning-92a0c734-b060-4806-bf2d-f19b78b0fd5e,recovery,1,0,1,2,0.0
ua10_all_faults_heat_limit_joint_continuous_gurobi,r7-flow-planning-92a0c734-b060-4806-bf2d-f19b78b0fd5e,recovery,1,1,1,2,0.0
ua10_all_faults_heat_limit_joint_continuous_gurobi,r7-flow-planning-92a0c734-b060-4806-bf2d-f19b78b0fd5e,recovery,2,0,1,3,0.0
ua10_all_faults_heat_limit_joint_continuous_gurobi,r7-flow-planning-92a0c734-b060-4806-bf2d-f19b78b0fd5e,recovery,2,1,1,3,0.0
