record_id,run_id,iteration,scenario,source_id,kind,branch,status,model_pass,kkt_pass,kkt_status,objective,objective_unit,numerical_scale
hard_zero--critical--gurobi--dr0,r5-benders-088f6ff8-ff71-4a86-a062-c822f9e6f766,1,down,r5-benders-sub-9427e160-d483-4430-b38d-1b59b2da21e6,cost,0,solver_infeasible,false,false,missing_candidate,NaN,synthetic_USD,1.0
hard_zero--critical--gurobi--dr0,r5-benders-088f6ff8-ff71-4a86-a062-c822f9e6f766,1,none,r5-benders-sub-ef4b3acf-e3b1-4813-9a69-9b3077683608,cost,0,solver_optimal,true,true,evaluated,8.060000000000006,synthetic_USD,1.0
hard_zero--critical--gurobi--dr0,r5-benders-088f6ff8-ff71-4a86-a062-c822f9e6f766,1,up,r5-benders-sub-1ea7b280-253e-4607-ab2c-4749a96d48cd,cost,0,solver_optimal,true,true,evaluated,12.060000000000004,synthetic_USD,1.0
hard_zero--critical--gurobi--dr0,r5-benders-088f6ff8-ff71-4a86-a062-c822f9e6f766,1,down,r5-benders-sub-543aa531-642a-4bc1-bc09-518b422c1937,diagnostic,0,solver_optimal,true,true,evaluated,0.00899999999999998,normalized_violation,1024.0
hard_zero--critical--gurobi--dr0,r5-benders-088f6ff8-ff71-4a86-a062-c822f9e6f766,2,down,r5-benders-sub-66268400-abae-4979-b3fa-f75e24cc44d5,cost,0,solver_optimal,true,true,evaluated,6.4000000000000234,synthetic_USD,1.0
hard_zero--critical--gurobi--dr0,r5-benders-088f6ff8-ff71-4a86-a062-c822f9e6f766,2,none,r5-benders-sub-39dd7028-e582-492f-9d1c-b28bb4210991,cost,0,solver_optimal,true,true,evaluated,10.400000000000043,synthetic_USD,1.0
hard_zero--critical--gurobi--dr0,r5-benders-088f6ff8-ff71-4a86-a062-c822f9e6f766,2,up,r5-benders-sub-72a0b958-37e8-492d-8bf7-0de90bb413aa,cost,0,solver_optimal,true,true,evaluated,13.500000000000028,synthetic_USD,1.0
hard_zero--critical--gurobi--dr0,r5-benders-088f6ff8-ff71-4a86-a062-c822f9e6f766,3,down,r5-benders-sub-0efcfcbf-fdfd-4557-8698-5e162b8fc3c3,cost,0,solver_optimal,true,true,evaluated,4.96,synthetic_USD,1.0
hard_zero--critical--gurobi--dr0,r5-benders-088f6ff8-ff71-4a86-a062-c822f9e6f766,3,none,r5-benders-sub-07ba62da-1548-443b-8e41-60140af0e290,cost,0,solver_optimal,true,true,evaluated,8.060000000000006,synthetic_USD,1.0
hard_zero--critical--gurobi--dr0,r5-benders-088f6ff8-ff71-4a86-a062-c822f9e6f766,3,up,r5-benders-sub-526c2675-d178-4eb5-920e-15b7651a6d79,cost,0,solver_optimal,true,true,evaluated,12.060000000000004,synthetic_USD,1.0
thermal_e030_r005--critical--gurobi--dr0,r5-benders-983b8ab0-2e1e-4c7a-b9ba-9fc6c098a7ef,1,down,r5-benders-sub-416358bb-c047-4ffc-a0bb-f13bed9ef4b2,cost,0,solver_infeasible,false,false,missing_candidate,NaN,synthetic_USD,1.0
thermal_e030_r005--critical--gurobi--dr0,r5-benders-983b8ab0-2e1e-4c7a-b9ba-9fc6c098a7ef,1,none,r5-benders-sub-1f561cc1-35f5-428a-841b-f2f66335051e,cost,0,solver_optimal,true,true,evaluated,8.059999999999976,synthetic_USD,1.0
thermal_e030_r005--critical--gurobi--dr0,r5-benders-983b8ab0-2e1e-4c7a-b9ba-9fc6c098a7ef,1,up,r5-benders-sub-3d8e879b-1977-46f7-9ad9-9c574e323d50,cost,0,solver_optimal,true,true,evaluated,12.059999999999976,synthetic_USD,1.0
thermal_e030_r005--critical--gurobi--dr0,r5-benders-983b8ab0-2e1e-4c7a-b9ba-9fc6c098a7ef,1,down,r5-benders-sub-ddc1f795-ce47-4e16-bcb2-c0e2cae26a17,diagnostic,0,solver_optimal,true,true,evaluated,0.009000000000000091,normalized_violation,1024.0
thermal_e030_r005--critical--gurobi--dr0,r5-benders-983b8ab0-2e1e-4c7a-b9ba-9fc6c098a7ef,2,down,r5-benders-sub-75a088a4-64ec-449d-aba5-554a55678917,cost,0,solver_optimal,true,true,evaluated,6.4000000000000234,synthetic_USD,1.0
thermal_e030_r005--critical--gurobi--dr0,r5-benders-983b8ab0-2e1e-4c7a-b9ba-9fc6c098a7ef,2,none,r5-benders-sub-fc8fc217-920d-4835-9386-818d167c9c0b,cost,0,solver_optimal,true,true,evaluated,10.400000000000132,synthetic_USD,1.0
thermal_e030_r005--critical--gurobi--dr0,r5-benders-983b8ab0-2e1e-4c7a-b9ba-9fc6c098a7ef,2,up,r5-benders-sub-7871e4e8-50fc-4a9a-b444-95e017484c52,cost,1,solver_optimal,true,true,evaluated,11.838600000000099,synthetic_USD,1.0
thermal_e030_r005--critical--gurobi--dr0,r5-benders-983b8ab0-2e1e-4c7a-b9ba-9fc6c098a7ef,3,down,r5-benders-sub-672672e9-d3d9-490c-a2a6-89e51381ee87,cost,1,solver_optimal,true,true,evaluated,6.4000000000000234,synthetic_USD,1.0
thermal_e030_r005--critical--gurobi--dr0,r5-benders-983b8ab0-2e1e-4c7a-b9ba-9fc6c098a7ef,3,none,r5-benders-sub-4e678932-47f7-45c8-8fe3-9d510eabe4ee,cost,0,solver_optimal,true,true,evaluated,8.73860000000014,synthetic_USD,1.0
thermal_e030_r005--critical--gurobi--dr0,r5-benders-983b8ab0-2e1e-4c7a-b9ba-9fc6c098a7ef,3,up,r5-benders-sub-b8965cc1-b16a-4dae-8e7b-ec31343b63a8,cost,0,solver_optimal,true,true,evaluated,12.477600000000077,synthetic_USD,1.0
thermal_e030_r005--critical--gurobi--dr0,r5-benders-983b8ab0-2e1e-4c7a-b9ba-9fc6c098a7ef,4,down,r5-benders-sub-929cdaa6-7253-46ef-afac-f441fd121480,cost,1,solver_optimal,true,true,evaluated,5.982399999999922,synthetic_USD,1.0
thermal_e030_r005--critical--gurobi--dr0,r5-benders-983b8ab0-2e1e-4c7a-b9ba-9fc6c098a7ef,4,none,r5-benders-sub-dde7a69f-c882-4dc4-ba07-4290cfdb8dc3,cost,0,solver_optimal,true,true,evaluated,8.059999999999976,synthetic_USD,1.0
thermal_e030_r005--critical--gurobi--dr0,r5-benders-983b8ab0-2e1e-4c7a-b9ba-9fc6c098a7ef,4,up,r5-benders-sub-7d0c80e8-b5b5-43df-84a6-8402756e7c74,cost,0,solver_optimal,true,true,evaluated,12.059999999999976,synthetic_USD,1.0
future_e030_r005--critical--gurobi--dr0,r5-benders-034f5f1c-880d-4f03-bbce-f450f827bea6,1,down,r5-benders-sub-f66cae03-5a00-436c-9a79-c46c94463871,cost,0,solver_optimal,true,true,evaluated,40.85383846759771,synthetic_USD,1.0
future_e030_r005--critical--gurobi--dr0,r5-benders-034f5f1c-880d-4f03-bbce-f450f827bea6,1,none,r5-benders-sub-f4068d38-fb15-4e0c-82fb-b60d91f56ea2,cost,0,solver_optimal,true,true,evaluated,41.81316350409468,synthetic_USD,1.0
future_e030_r005--critical--gurobi--dr0,r5-benders-034f5f1c-880d-4f03-bbce-f450f827bea6,1,up,r5-benders-sub-8dfe7566-be29-411b-a9c4-e42e569922ad,cost,0,solver_optimal,true,true,evaluated,51.45617598976861,synthetic_USD,1.0
future_e030_r005--critical--gurobi--dr0,r5-benders-034f5f1c-880d-4f03-bbce-f450f827bea6,2,down,r5-benders-sub-902a4453-b0cd-4a10-bff1-ae8ea6be4f7e,cost,1,solver_infeasible,false,false,missing_candidate,NaN,synthetic_USD,1.0
future_e030_r005--critical--gurobi--dr0,r5-benders-034f5f1c-880d-4f03-bbce-f450f827bea6,2,none,r5-benders-sub-e0a5238b-3152-4139-bcd8-3cdf95c152c3,cost,0,solver_infeasible,false,false,missing_candidate,NaN,synthetic_USD,1.0
future_e030_r005--critical--gurobi--dr0,r5-benders-034f5f1c-880d-4f03-bbce-f450f827bea6,2,up,r5-benders-sub-31605194-58c0-4fd8-85dd-ba8869d777d0,cost,0,solver_infeasible,false,false,missing_candidate,NaN,synthetic_USD,1.0
future_e030_r005--critical--gurobi--dr0,r5-benders-034f5f1c-880d-4f03-bbce-f450f827bea6,2,down,r5-benders-sub-e1c5640c-7c65-455e-8d23-2d13f427b5e7,diagnostic,1,solver_optimal,true,true,evaluated,1.2321648811894692,normalized_violation,1024.0
future_e030_r005--critical--gurobi--dr0,r5-benders-034f5f1c-880d-4f03-bbce-f450f827bea6,2,none,r5-benders-sub-2eafe205-8a1e-452d-8238-6f1903b2fa2a,diagnostic,0,solver_optimal,true,true,evaluated,1.2099976301427944,normalized_violation,1024.0
future_e030_r005--critical--gurobi--dr0,r5-benders-034f5f1c-880d-4f03-bbce-f450f827bea6,2,up,r5-benders-sub-499f34fb-1662-46e1-a3b0-fd7a0b7f206e,diagnostic,0,solver_optimal,true,true,evaluated,1.1445768696506864,normalized_violation,1024.0
future_e030_r005--critical--gurobi--dr0,r5-benders-034f5f1c-880d-4f03-bbce-f450f827bea6,3,down,r5-benders-sub-4ae7895d-4be9-4eee-b302-2985ffc6dd47,cost,0,solver_optimal,true,true,evaluated,34.47563869817793,synthetic_USD,1.0
future_e030_r005--critical--gurobi--dr0,r5-benders-034f5f1c-880d-4f03-bbce-f450f827bea6,3,none,r5-benders-sub-84cacf85-9672-4c73-8d5c-37f6bde9d5ab,cost,0,solver_optimal,true,true,evaluated,29.780402775608568,synthetic_USD,1.0
future_e030_r005--critical--gurobi--dr0,r5-benders-034f5f1c-880d-4f03-bbce-f450f827bea6,3,up,r5-benders-sub-969b4ecc-cd07-4461-a41b-ddc4b2158509,cost,1,solver_optimal,true,true,evaluated,27.956660812102626,synthetic_USD,1.0
future_e030_r005--critical--gurobi--dr0,r5-benders-034f5f1c-880d-4f03-bbce-f450f827bea6,4,down,r5-benders-sub-300a3004-1ba5-4a99-87f3-58cecbac9365,cost,1,solver_optimal,true,true,evaluated,26.265000000002296,synthetic_USD,1.0
future_e030_r005--critical--gurobi--dr0,r5-benders-034f5f1c-880d-4f03-bbce-f450f827bea6,4,none,r5-benders-sub-067f1d97-144d-477d-8687-8a7b88989fc0,cost,0,solver_optimal,true,true,evaluated,5.884896850263447,synthetic_USD,1.0
future_e030_r005--critical--gurobi--dr0,r5-benders-034f5f1c-880d-4f03-bbce-f450f827bea6,4,up,r5-benders-sub-470e8b0f-84aa-4a8e-b8b5-f2ab8c944138,cost,0,solver_optimal,true,true,evaluated,-1.0431799984373704,synthetic_USD,1.0
future_e030_r005--critical--gurobi--dr0,r5-benders-034f5f1c-880d-4f03-bbce-f450f827bea6,5,down,r5-benders-sub-9637e4e8-2b12-491f-972f-fc7a25acdbfd,cost,1,solver_optimal,true,true,evaluated,37.17320544904382,synthetic_USD,1.0
future_e030_r005--critical--gurobi--dr0,r5-benders-034f5f1c-880d-4f03-bbce-f450f827bea6,5,none,r5-benders-sub-0fe6bae0-c629-49cd-bf9a-5922be80b551,cost,0,solver_optimal,true,true,evaluated,41.81316350409468,synthetic_USD,1.0
future_e030_r005--critical--gurobi--dr0,r5-benders-034f5f1c-880d-4f03-bbce-f450f827bea6,5,up,r5-benders-sub-cccd0c29-016d-45bb-bd4e-fc1815643dc5,cost,0,solver_optimal,true,true,evaluated,51.45617598976861,synthetic_USD,1.0
future_e030_r005--critical--gurobi--dr0,r5-benders-034f5f1c-880d-4f03-bbce-f450f827bea6,6,down,r5-benders-sub-4814c946-b5f6-4176-b758-72c0a48277e5,cost,0,solver_optimal,true,true,evaluated,12.153457613940578,synthetic_USD,1.0
future_e030_r005--critical--gurobi--dr0,r5-benders-034f5f1c-880d-4f03-bbce-f450f827bea6,6,none,r5-benders-sub-53062538-3d74-4ebf-9709-e7ee7c890919,cost,0,solver_optimal,true,true,evaluated,7.202821994232595,synthetic_USD,1.0
future_e030_r005--critical--gurobi--dr0,r5-benders-034f5f1c-880d-4f03-bbce-f450f827bea6,6,up,r5-benders-sub-e5c27f47-67b3-4811-a3b0-ac4e11c62d71,cost,1,solver_optimal,true,true,evaluated,15.670025871318012,synthetic_USD,1.0
future_e030_r005--critical--gurobi--dr0,r5-benders-034f5f1c-880d-4f03-bbce-f450f827bea6,7,down,r5-benders-sub-303fcfda-d13c-4701-bbd4-d72e209e4f2a,cost,0,solver_optimal,true,true,evaluated,30.578910734855423,synthetic_USD,1.0
future_e030_r005--critical--gurobi--dr0,r5-benders-034f5f1c-880d-4f03-bbce-f450f827bea6,7,none,r5-benders-sub-e1cae881-ee93-4e88-9ec4-d30304d14eb5,cost,0,solver_optimal,true,true,evaluated,11.978019588845434,synthetic_USD,1.0
future_e030_r005--critical--gurobi--dr0,r5-benders-034f5f1c-880d-4f03-bbce-f450f827bea6,7,up,r5-benders-sub-0d47fb65-41e6-4780-8d16-1aac2b5b6c84,cost,1,solver_optimal,true,true,evaluated,13.600232544478127,synthetic_USD,1.0
future_e030_r005--critical--gurobi--dr0,r5-benders-034f5f1c-880d-4f03-bbce-f450f827bea6,8,down,r5-benders-sub-1a44cb99-366f-4685-97e6-0016a42826c0,cost,1,solver_optimal,true,true,evaluated,19.965694214528007,synthetic_USD,1.0
future_e030_r005--critical--gurobi--dr0,r5-benders-034f5f1c-880d-4f03-bbce-f450f827bea6,8,none,r5-benders-sub-3ea608ee-82bb-477a-b1a3-c51779418658,cost,0,solver_optimal,true,true,evaluated,2.357750635253152,synthetic_USD,1.0
future_e030_r005--critical--gurobi--dr0,r5-benders-034f5f1c-880d-4f03-bbce-f450f827bea6,8,up,r5-benders-sub-ea9cacb0-86bb-4c74-a8e1-bbf79a9748ec,cost,0,solver_optimal,true,true,evaluated,0.11261615944564163,synthetic_USD,1.0
future_e030_r005--critical--gurobi--dr0,r5-benders-034f5f1c-880d-4f03-bbce-f450f827bea6,9,down,r5-benders-sub-b23d94ee-2a3f-40d5-a164-e9a4883e60aa,cost,1,solver_optimal,true,true,evaluated,29.10744526258128,synthetic_USD,1.0
future_e030_r005--critical--gurobi--dr0,r5-benders-034f5f1c-880d-4f03-bbce-f450f827bea6,9,none,r5-benders-sub-f0c7cfec-311c-4a88-93d2-806e2d19a99a,cost,0,solver_optimal,true,true,evaluated,10.942661331090122,synthetic_USD,1.0
future_e030_r005--critical--gurobi--dr0,r5-benders-034f5f1c-880d-4f03-bbce-f450f827bea6,9,up,r5-benders-sub-90665388-15b4-4c8c-95c0-0d41ad38083e,cost,0,solver_optimal,true,true,evaluated,19.037727225478886,synthetic_USD,1.0
future_e030_r005--critical--gurobi--dr0,r5-benders-034f5f1c-880d-4f03-bbce-f450f827bea6,10,down,r5-benders-sub-a1ae9d06-6229-456f-9d3a-f24c475b657a,cost,1,solver_optimal,true,true,evaluated,16.67307797954461,synthetic_USD,1.0
future_e030_r005--critical--gurobi--dr0,r5-benders-034f5f1c-880d-4f03-bbce-f450f827bea6,10,none,r5-benders-sub-71a45226-2c47-4fd5-b8b7-0ad7c7f8faeb,cost,0,solver_optimal,true,true,evaluated,12.404939690988497,synthetic_USD,1.0
future_e030_r005--critical--gurobi--dr0,r5-benders-034f5f1c-880d-4f03-bbce-f450f827bea6,10,up,r5-benders-sub-5c514abb-16ae-4b78-a2db-e4a9b3cc2cfb,cost,0,solver_optimal,true,true,evaluated,18.21444866058956,synthetic_USD,1.0
future_e030_r005--critical--gurobi--dr0,r5-benders-034f5f1c-880d-4f03-bbce-f450f827bea6,11,down,r5-benders-sub-0116e801-e833-465a-b9a7-57eca90dcb16,cost,1,solver_optimal,true,true,evaluated,13.99526774512884,synthetic_USD,1.0
future_e030_r005--critical--gurobi--dr0,r5-benders-034f5f1c-880d-4f03-bbce-f450f827bea6,11,none,r5-benders-sub-1d16e2fd-96a9-475c-af66-481d9c0322b5,cost,0,solver_optimal,true,true,evaluated,11.821528956836298,synthetic_USD,1.0
future_e030_r005--critical--gurobi--dr0,r5-benders-034f5f1c-880d-4f03-bbce-f450f827bea6,11,up,r5-benders-sub-ac4a07ee-0cb6-4c40-8946-e624fa7706e6,cost,0,solver_optimal,true,true,evaluated,18.655807491488638,synthetic_USD,1.0
future_e030_r005--critical--gurobi--dr0,r5-benders-034f5f1c-880d-4f03-bbce-f450f827bea6,12,down,r5-benders-sub-2b8adc19-aef4-4bf1-b029-3109c23e6bc7,cost,0,solver_optimal,true,true,evaluated,18.39573056564945,synthetic_USD,1.0
future_e030_r005--critical--gurobi--dr0,r5-benders-034f5f1c-880d-4f03-bbce-f450f827bea6,12,none,r5-benders-sub-8876fccb-886e-4f72-b79b-edbb0811954d,cost,0,solver_optimal,true,true,evaluated,12.77161064472594,synthetic_USD,1.0
future_e030_r005--critical--gurobi--dr0,r5-benders-034f5f1c-880d-4f03-bbce-f450f827bea6,12,up,r5-benders-sub-2ceca8d7-51f5-4d99-9288-a3fa014ace14,cost,1,solver_optimal,true,true,evaluated,21.030706727286265,synthetic_USD,1.0
future_e030_r005--critical--gurobi--dr0,r5-benders-034f5f1c-880d-4f03-bbce-f450f827bea6,13,down,r5-benders-sub-cd992954-712c-4c46-9498-de04d3275cfb,cost,0,solver_optimal,true,true,evaluated,6.343447942301723,synthetic_USD,1.0
future_e030_r005--critical--gurobi--dr0,r5-benders-034f5f1c-880d-4f03-bbce-f450f827bea6,13,none,r5-benders-sub-1a73490e-82d8-4584-9e0b-b9e7c45663d2,cost,0,solver_optimal,true,true,evaluated,8.66344794230172,synthetic_USD,1.0
future_e030_r005--critical--gurobi--dr0,r5-benders-034f5f1c-880d-4f03-bbce-f450f827bea6,13,up,r5-benders-sub-de684c60-e0f2-408f-8e6d-b160aebcec85,cost,1,solver_optimal,true,true,evaluated,15.782650093890618,synthetic_USD,1.0
future_e030_r005--critical--gurobi--dr0,r5-benders-034f5f1c-880d-4f03-bbce-f450f827bea6,14,down,r5-benders-sub-e8e0b679-c77f-4fbe-97be-8d4d9874da26,cost,1,solver_optimal,true,true,evaluated,6.51404349310766,synthetic_USD,1.0
future_e030_r005--critical--gurobi--dr0,r5-benders-034f5f1c-880d-4f03-bbce-f450f827bea6,14,none,r5-benders-sub-8e8ef86e-5adc-473c-b46e-e8a07c8e7c2a,cost,0,solver_optimal,true,true,evaluated,9.24361051704877,synthetic_USD,1.0
future_e030_r005--critical--gurobi--dr0,r5-benders-034f5f1c-880d-4f03-bbce-f450f827bea6,14,up,r5-benders-sub-7ab00902-70c5-47ab-819c-8add25e19a67,cost,0,solver_optimal,true,true,evaluated,15.968921626299682,synthetic_USD,1.0
future_e030_r005--critical--gurobi--dr0,r5-benders-034f5f1c-880d-4f03-bbce-f450f827bea6,15,down,r5-benders-sub-b9788a49-078f-4e98-a993-1c20f68720e4,cost,1,solver_optimal,true,true,evaluated,12.818299652535892,synthetic_USD,1.0
future_e030_r005--critical--gurobi--dr0,r5-benders-034f5f1c-880d-4f03-bbce-f450f827bea6,15,none,r5-benders-sub-13fe5cb9-b41c-4f85-ad67-df99d17d2570,cost,0,solver_optimal,true,true,evaluated,14.297325527433715,synthetic_USD,1.0
future_e030_r005--critical--gurobi--dr0,r5-benders-034f5f1c-880d-4f03-bbce-f450f827bea6,15,up,r5-benders-sub-f79e07d9-3266-4c15-998d-f8db21b0c215,cost,0,solver_optimal,true,true,evaluated,23.650857113612247,synthetic_USD,1.0
future_e030_r005--critical--gurobi--dr0,r5-benders-034f5f1c-880d-4f03-bbce-f450f827bea6,16,down,r5-benders-sub-c4feead7-bc65-452a-8fb9-b6fbc4032a99,cost,0,solver_optimal,true,true,evaluated,7.601607114015614,synthetic_USD,1.0
future_e030_r005--critical--gurobi--dr0,r5-benders-034f5f1c-880d-4f03-bbce-f450f827bea6,16,none,r5-benders-sub-06e357fa-166d-4023-80fe-59ae15bdb2a0,cost,0,solver_optimal,true,true,evaluated,6.614446913066961,synthetic_USD,1.0
future_e030_r005--critical--gurobi--dr0,r5-benders-034f5f1c-880d-4f03-bbce-f450f827bea6,16,up,r5-benders-sub-50886826-2777-44b1-8479-6886e1cd38ed,cost,1,solver_optimal,true,true,evaluated,11.799108781348858,synthetic_USD,1.0
future_e030_r005--critical--gurobi--dr0,r5-benders-034f5f1c-880d-4f03-bbce-f450f827bea6,17,down,r5-benders-sub-918df1fe-e58d-45f7-b65c-7af17784d1e4,cost,0,solver_optimal,true,true,evaluated,9.58033897219128,synthetic_USD,1.0
future_e030_r005--critical--gurobi--dr0,r5-benders-034f5f1c-880d-4f03-bbce-f450f827bea6,17,none,r5-benders-sub-18033a4b-010b-45a8-99bd-72fc0e826ae3,cost,0,solver_optimal,true,true,evaluated,10.350308248616468,synthetic_USD,1.0
future_e030_r005--critical--gurobi--dr0,r5-benders-034f5f1c-880d-4f03-bbce-f450f827bea6,17,up,r5-benders-sub-d233e85d-ded9-42ca-a399-fbe71868b823,cost,1,solver_optimal,true,true,evaluated,17.718723551008154,synthetic_USD,1.0
future_e030_r005--critical--gurobi--dr0,r5-benders-034f5f1c-880d-4f03-bbce-f450f827bea6,18,down,r5-benders-sub-fba0ba79-5812-42e9-8c8e-152a23cb0854,cost,1,solver_optimal,true,true,evaluated,9.35000000000002,synthetic_USD,1.0
future_e030_r005--critical--gurobi--dr0,r5-benders-034f5f1c-880d-4f03-bbce-f450f827bea6,18,none,r5-benders-sub-6e5d70d8-8b8e-434a-80c7-1518c4a8989c,cost,0,solver_optimal,true,true,evaluated,9.740000000000009,synthetic_USD,1.0
future_e030_r005--critical--gurobi--dr0,r5-benders-034f5f1c-880d-4f03-bbce-f450f827bea6,18,up,r5-benders-sub-8dfae991-103a-4cf6-a83c-a5e806b6d66c,cost,0,solver_optimal,true,true,evaluated,17.392909638572633,synthetic_USD,1.0
future_e030_r005--critical--gurobi--dr0,r5-benders-034f5f1c-880d-4f03-bbce-f450f827bea6,19,down,r5-benders-sub-1dd90154-3cbf-4c47-a809-4645f74d7f61,cost,0,solver_optimal,true,true,evaluated,8.797792958996347,synthetic_USD,1.0
future_e030_r005--critical--gurobi--dr0,r5-benders-034f5f1c-880d-4f03-bbce-f450f827bea6,19,none,r5-benders-sub-b8331b65-a76c-439b-b135-fa1fcf9864d1,cost,0,solver_optimal,true,true,evaluated,10.281718533133972,synthetic_USD,1.0
future_e030_r005--critical--gurobi--dr0,r5-benders-034f5f1c-880d-4f03-bbce-f450f827bea6,19,up,r5-benders-sub-8afefc28-2664-4e0b-8c17-feecb5688f7e,cost,1,solver_optimal,true,true,evaluated,18.017601416202744,synthetic_USD,1.0
future_e030_r005--critical--gurobi--dr0,r5-benders-034f5f1c-880d-4f03-bbce-f450f827bea6,20,down,r5-benders-sub-8461024b-4c7c-4bce-a603-575ef441a980,cost,0,solver_optimal,true,true,evaluated,5.38297225945627,synthetic_USD,1.0
future_e030_r005--critical--gurobi--dr0,r5-benders-034f5f1c-880d-4f03-bbce-f450f827bea6,20,none,r5-benders-sub-b5ecc835-f116-443c-8181-24fdf0d6c858,cost,0,solver_optimal,true,true,evaluated,7.70297225945627,synthetic_USD,1.0
future_e030_r005--critical--gurobi--dr0,r5-benders-034f5f1c-880d-4f03-bbce-f450f827bea6,20,up,r5-benders-sub-e451c356-c411-4ced-903c-a21b5af06382,cost,1,solver_optimal,true,true,evaluated,14.408715191176212,synthetic_USD,1.0
