stage,run_id,block,formula,rows,maximum_normalized,raw_residual,tolerance,unit,all_pass
normal,74e43db5-0140-48be-8aa3-645aabf7a397,model,6-1,1,0.0,0.0,0.4974835978738366,CNY,true
normal,74e43db5-0140-48be-8aa3-645aabf7a397,model,6-11,768,1.0831444142684455e-10,8.881784197001252e-16,8.2e-6,MW,true
normal,74e43db5-0140-48be-8aa3-645aabf7a397,model,6-12-ch,768,0.0,0.0,2.7877279102384292e-5,MW,true
normal,74e43db5-0140-48be-8aa3-645aabf7a397,model,6-12-dis,768,0.0,0.0,2.7877279102384292e-5,MW,true
normal,74e43db5-0140-48be-8aa3-645aabf7a397,model,6-13-zero,776,0.0,0.0,1.8130416666666662e-5,MWh,true
normal,74e43db5-0140-48be-8aa3-645aabf7a397,model,6-18:19,4224,3.1860298002474744e-10,8.881784197001252e-15,2.7877279102384292e-5,MW,true
normal,74e43db5-0140-48be-8aa3-645aabf7a397,model,6-2,192,0.0,0.0,9.499999999999999e-6,MW,true
normal,74e43db5-0140-48be-8aa3-645aabf7a397,model,6-20,4224,7.666384206845486e-11,2.1371793224034263e-15,2.7877279102384292e-5,Mvar,true
normal,74e43db5-0140-48be-8aa3-645aabf7a397,model,6-22,4224,0.0,0.0,1.0e-6,pu,true
normal,74e43db5-0140-48be-8aa3-645aabf7a397,model,6-24:25,9024,0.0,0.0,2.7877279102384292e-5,MW,true
normal,74e43db5-0140-48be-8aa3-645aabf7a397,model,6-26,3648,9.60388857912098e-9,2.677302823883565e-13,2.7877279102384292e-5,MW,true
normal,74e43db5-0140-48be-8aa3-645aabf7a397,model,6-27:29,14592,0.0,0.0,0.0001,K,true
normal,74e43db5-0140-48be-8aa3-645aabf7a397,model,6-28,3648,9.956343125773359e-13,2.7755575615628914e-17,2.7877279102384292e-5,MW,true
normal,74e43db5-0140-48be-8aa3-645aabf7a397,model,6-3,192,0.0,0.0,9.499999999999999e-6,Mvar,true
normal,74e43db5-0140-48be-8aa3-645aabf7a397,model,6-35,7296,0.0,0.0,1.0,Pa,true
normal,74e43db5-0140-48be-8aa3-645aabf7a397,model,6-36,3648,0.0,0.0,1.0,Pa,true
normal,74e43db5-0140-48be-8aa3-645aabf7a397,model,6-4,192,0.0,0.0,9.499999999999999e-6,MW,true
normal,74e43db5-0140-48be-8aa3-645aabf7a397,model,6-5,192,0.0,0.0,9.499999999999999e-6,MW,true
normal,74e43db5-0140-48be-8aa3-645aabf7a397,model,6-8:10,576,1.194761175092803e-11,3.3306690738754696e-16,2.7877279102384292e-5,MW,true
normal,74e43db5-0140-48be-8aa3-645aabf7a397,model,6-9,576,0.0,0.0,2.7877279102384292e-5,Mvar,true
normal,74e43db5-0140-48be-8aa3-645aabf7a397,model,PCC-P,96,0.0,0.0,2.7877279102384292e-5,MW,true
normal,74e43db5-0140-48be-8aa3-645aabf7a397,model,PCC-Q,96,0.0,0.0,2.7877279102384292e-5,Mvar,true
normal,74e43db5-0140-48be-8aa3-645aabf7a397,model,R7-D-device-link,576,3.186029800247475e-11,8.881784197001252e-16,2.7877279102384292e-5,MW,true
normal,74e43db5-0140-48be-8aa3-645aabf7a397,model,R7-D-inventory,7178,4.2864768721307736e-10,7.771561172376096e-15,1.8130416666666662e-5,MWh,true
normal,74e43db5-0140-48be-8aa3-645aabf7a397,model,R7-D-mix-R,3648,3.353761712787673e-8,3.353761712787673e-12,0.0001,K,true
normal,74e43db5-0140-48be-8aa3-645aabf7a397,model,R7-D-mix-S,3648,5.9117155615240335e-8,5.9117155615240335e-12,0.0001,K,true
normal,74e43db5-0140-48be-8aa3-645aabf7a397,model,R7-D-pressure-R,3552,1.1368683772161603e-13,1.1368683772161602e-19,1.0e-6,1,true
normal,74e43db5-0140-48be-8aa3-645aabf7a397,model,R7-D-pressure-S,3552,1.1368683772161603e-13,1.1368683772161602e-19,1.0e-6,1,true
normal,74e43db5-0140-48be-8aa3-645aabf7a397,model,R7-D-transport,7104,4.320099833421409e-8,4.320099833421409e-12,0.0001,K,true
normal,74e43db5-0140-48be-8aa3-645aabf7a397,model,R7-D-voltage,4128,1.97758476261356e-10,1.97758476261356e-16,1.0e-6,pu,true
normal,74e43db5-0140-48be-8aa3-645aabf7a397,model,R7-N1,960,0.0,0.0,1.0e-6,1,true
normal,74e43db5-0140-48be-8aa3-645aabf7a397,model,idle-load,192,0.0,0.0,0.0001,K,true
normal,74e43db5-0140-48be-8aa3-645aabf7a397,model,idle-source,3456,0.0,0.0,0.0001,K,true
normal,74e43db5-0140-48be-8aa3-645aabf7a397,model,inventory-domain,7178,0.0,0.0,1.8130416666666662e-5,MWh,true
normal,74e43db5-0140-48be-8aa3-645aabf7a397,model,load-delta,3456,0.0,0.0,0.0001,K,true
normal,74e43db5-0140-48be-8aa3-645aabf7a397,model,pipe-temperature,7104,0.0,0.0,0.0001,K,true
normal,74e43db5-0140-48be-8aa3-645aabf7a397,model,reference-energy,7104,3.2914018839575583e-11,5.967448757360216e-16,1.8130416666666662e-5,MWh,true
normal,74e43db5-0140-48be-8aa3-645aabf7a397,model,reference-network-energy,96,6.4266535390017816e-9,1.1651790643441018e-13,1.8130416666666662e-5,MWh,true
normal,74e43db5-0140-48be-8aa3-645aabf7a397,model,reference-outlet,7104,4.320099833421409e-8,4.320099833421409e-12,0.0001,K,true
normal,74e43db5-0140-48be-8aa3-645aabf7a397,model,root-voltage,96,0.0,0.0,1.0e-6,pu,true
normal,74e43db5-0140-48be-8aa3-645aabf7a397,model,source-delta,192,0.0,0.0,0.0001,K,true
normal,74e43db5-0140-48be-8aa3-645aabf7a397,model,valve-head,7104,0.0,0.0,1.0,Pa,true
aggregate-external_only,r7-recovery-ac42bb26-eb32-41f9-98a1-15ba5718669c,model,6-11,128,3.186029800247475e-11,8.881784197001252e-16,2.7877279102384292e-5,MW,true
aggregate-external_only,r7-recovery-ac42bb26-eb32-41f9-98a1-15ba5718669c,model,6-19,704,7.327868540569191e-10,2.042810365310288e-14,2.7877279102384292e-5,MW,true
aggregate-external_only,r7-recovery-ac42bb26-eb32-41f9-98a1-15ba5718669c,model,6-20,704,1.9116178801484847e-10,5.329070518200751e-15,2.7877279102384292e-5,Mvar,true
aggregate-external_only,r7-recovery-ac42bb26-eb32-41f9-98a1-15ba5718669c,model,6-22,704,0.0,0.0,1.0e-6,pu,true
aggregate-external_only,r7-recovery-ac42bb26-eb32-41f9-98a1-15ba5718669c,model,6-24:25-P_line,752,0.0,0.0,2.7877279102384292e-5,MW,true
aggregate-external_only,r7-recovery-ac42bb26-eb32-41f9-98a1-15ba5718669c,model,6-24:25-Q_line,752,0.0,0.0,2.7877279102384292e-5,Mvar,true
aggregate-external_only,r7-recovery-ac42bb26-eb32-41f9-98a1-15ba5718669c,model,6-3/9,128,0.0,0.0,2.7877279102384292e-5,Mvar,true
aggregate-external_only,r7-recovery-ac42bb26-eb32-41f9-98a1-15ba5718669c,model,6-4/57,32,0.0,0.0,2.7877279102384292e-5,MW,true
aggregate-external_only,r7-recovery-ac42bb26-eb32-41f9-98a1-15ba5718669c,model,6-5/58,32,0.0,0.0,2.7877279102384292e-5,MW,true
aggregate-external_only,r7-recovery-ac42bb26-eb32-41f9-98a1-15ba5718669c,model,6-51-P,16,0.0,0.0,2.7877279102384292e-5,MW,true
aggregate-external_only,r7-recovery-ac42bb26-eb32-41f9-98a1-15ba5718669c,model,6-51-Q,16,0.0,0.0,2.7877279102384292e-5,Mvar,true
aggregate-external_only,r7-recovery-ac42bb26-eb32-41f9-98a1-15ba5718669c,model,6-54,704,3.783410387793876e-10,1.0547118733938987e-14,2.7877279102384292e-5,MW,true
aggregate-external_only,r7-recovery-ac42bb26-eb32-41f9-98a1-15ba5718669c,model,6-55,608,0.0,0.0,2.7877279102384292e-5,MW,true
aggregate-external_only,r7-recovery-ac42bb26-eb32-41f9-98a1-15ba5718669c,model,6-63,1,0.0,0.0,1.0e-6,1,true
aggregate-external_only,r7-recovery-ac42bb26-eb32-41f9-98a1-15ba5718669c,model,6-72,592,0.0,0.0,6.271428571428571e-5,kg/s,true
aggregate-external_only,r7-recovery-ac42bb26-eb32-41f9-98a1-15ba5718669c,model,6-74,592,0.0,0.0,6.271428571428571e-5,kg/s,true
aggregate-external_only,r7-recovery-ac42bb26-eb32-41f9-98a1-15ba5718669c,model,6-8/56/60,128,3.2656805452536615e-10,9.103828801926284e-15,2.7877279102384292e-5,MW,true
aggregate-external_only,r7-recovery-ac42bb26-eb32-41f9-98a1-15ba5718669c,model,6-80:82,34,0.0,0.0,1.1278250000000002e-5,MWh,true
aggregate-external_only,r7-recovery-ac42bb26-eb32-41f9-98a1-15ba5718669c,model,6-81:82-temperature,34,0.0,0.0,0.0001,K,true
aggregate-external_only,r7-recovery-ac42bb26-eb32-41f9-98a1-15ba5718669c,model,6-83,608,6.37205960049495e-11,1.7763568394002505e-15,2.7877279102384292e-5,MW,true
aggregate-external_only,r7-recovery-ac42bb26-eb32-41f9-98a1-15ba5718669c,model,6-84,608,0.0,0.0,2.7877279102384292e-5,MW,true
aggregate-external_only,r7-recovery-ac42bb26-eb32-41f9-98a1-15ba5718669c,model,6-85:86,32,3.9825372503093435e-12,1.1102230246251565e-16,2.7877279102384292e-5,MW,true
aggregate-external_only,r7-recovery-ac42bb26-eb32-41f9-98a1-15ba5718669c,model,6-88,16,34584.726006163386,0.964128059553305,2.7877279102384292e-5,MW,false
aggregate-external_only,r7-recovery-ac42bb26-eb32-41f9-98a1-15ba5718669c,model,6-89,16,2.54882384019798e-10,7.105427357601002e-15,2.7877279102384292e-5,MW,true
aggregate-external_only,r7-recovery-ac42bb26-eb32-41f9-98a1-15ba5718669c,model,R7-A3/90,2,0.0,0.0,1.1278250000000002e-5,MWh,true
aggregate-external_only,r7-recovery-ac42bb26-eb32-41f9-98a1-15ba5718669c,model,R7-A4-R,16,3.3469361680451594e-10,3.774758283725532e-15,1.1278250000000002e-5,MWh,true
aggregate-external_only,r7-recovery-ac42bb26-eb32-41f9-98a1-15ba5718669c,model,R7-A4-S,16,5.906357943609105e-11,6.661338147750939e-16,1.1278250000000002e-5,MWh,true
aggregate-external_only,r7-recovery-ac42bb26-eb32-41f9-98a1-15ba5718669c,model,R7-C1-load,608,0.0,0.0,2.7877279102384292e-5,MW,true
aggregate-external_only,r7-recovery-ac42bb26-eb32-41f9-98a1-15ba5718669c,model,R7-C1-source,608,6.37205960049495e-11,1.7763568394002505e-15,2.7877279102384292e-5,MW,true
aggregate-external_only,r7-recovery-ac42bb26-eb32-41f9-98a1-15ba5718669c,model,R7-R1,47,0.0,0.0,1.0e-6,1,true
aggregate-external_only,r7-recovery-ac42bb26-eb32-41f9-98a1-15ba5718669c,model,R7-R4,608,1.1329838611208888e-10,7.105427357601002e-15,6.271428571428571e-5,kg/s,true
aggregate-external_only,r7-recovery-ac42bb26-eb32-41f9-98a1-15ba5718669c,model,R9-RE1-closed-component,47,0.0,0.0,1.0e-6,1,true
aggregate-external_only,r7-recovery-ac42bb26-eb32-41f9-98a1-15ba5718669c,model,R9-RE1-energized,44,0.0,0.0,1.0e-6,1,true
aggregate-external_only,r7-recovery-ac42bb26-eb32-41f9-98a1-15ba5718669c,model,R9-RE1-integer-energized,44,0.0,0.0,1.0e-6,1,true
aggregate-external_only,r7-recovery-ac42bb26-eb32-41f9-98a1-15ba5718669c,model,R9-RE1-integer-live,47,0.0,0.0,1.0e-6,1,true
aggregate-external_only,r7-recovery-ac42bb26-eb32-41f9-98a1-15ba5718669c,model,R9-RE1-live,47,0.0,0.0,1.0e-6,1,true
aggregate-external_only,r7-recovery-ac42bb26-eb32-41f9-98a1-15ba5718669c,model,R9-RE1-live-product,47,0.0,0.0,1.0e-6,1,true
aggregate-external_only,r7-recovery-ac42bb26-eb32-41f9-98a1-15ba5718669c,model,R9-RE2-live-root,44,0.0,0.0,1.0e-6,1,true
aggregate-external_only,r7-recovery-ac42bb26-eb32-41f9-98a1-15ba5718669c,model,R9-RE2-root-available,704,0.0,0.0,1.0e-6,1,true
aggregate-external_only,r7-recovery-ac42bb26-eb32-41f9-98a1-15ba5718669c,model,R9-RE3,752,9.403827543053023e-10,9.403827543053023e-16,1.0e-6,pu,true
aggregate-external_only,r7-recovery-ac42bb26-eb32-41f9-98a1-15ba5718669c,model,R9-RE4-commitment,32,0.0,0.0,1.0e-6,1,true
aggregate-external_only,r7-recovery-ac42bb26-eb32-41f9-98a1-15ba5718669c,model,R9-RE4-device-P,128,3.2656805452536615e-10,9.103828801926284e-15,2.7877279102384292e-5,MW,true
aggregate-external_only,r7-recovery-ac42bb26-eb32-41f9-98a1-15ba5718669c,model,R9-RE4-device-Q,128,0.0,0.0,2.7877279102384292e-5,Mvar,true
aggregate-external_only,r7-recovery-ac42bb26-eb32-41f9-98a1-15ba5718669c,model,R9-RE4-served,704,3.783410387793876e-10,1.0547118733938987e-14,2.7877279102384292e-5,MW,true
aggregate-external_only,r7-recovery-ac42bb26-eb32-41f9-98a1-15ba5718669c,model,R9-RL1-critical,704,0.0,0.0,2.7877279102384292e-5,MW,true
aggregate-external_only,r7-recovery-ac42bb26-eb32-41f9-98a1-15ba5718669c,model,R9-RL1-ordinary,704,3.783410387793876e-10,1.0547118733938987e-14,2.7877279102384292e-5,MW,true
aggregate-external_only,r7-recovery-ac42bb26-eb32-41f9-98a1-15ba5718669c,model,R9-RL1-split,704,3.9825372503093435e-12,1.1102230246251565e-16,2.7877279102384292e-5,MW,true
aggregate-external_only,r7-recovery-ac42bb26-eb32-41f9-98a1-15ba5718669c,model,R9-RL2,1,1.2241450206052423e-10,8.881784197001252e-16,7.255499999999932e-6,MWh,true
aggregate-external_only,r7-recovery-ac42bb26-eb32-41f9-98a1-15ba5718669c,model,R9-RW1-off,36,0.0,0.0,1.0e-6,1,true
aggregate-external_only,r7-recovery-ac42bb26-eb32-41f9-98a1-15ba5718669c,model,R9-RW1-on,36,0.0,0.0,1.0e-6,1,true
aggregate-external_only,r7-recovery-ac42bb26-eb32-41f9-98a1-15ba5718669c,model,R9-RW1-state,36,0.0,0.0,1.0e-6,1,true
aggregate-external_only,r7-recovery-ac42bb26-eb32-41f9-98a1-15ba5718669c,model,binary-a_off,47,0.0,0.0,1.0e-6,1,true
aggregate-external_only,r7-recovery-ac42bb26-eb32-41f9-98a1-15ba5718669c,model,binary-a_on,47,0.0,0.0,1.0e-6,1,true
aggregate-external_only,r7-recovery-ac42bb26-eb32-41f9-98a1-15ba5718669c,model,binary-beta,44,0.0,0.0,1.0e-6,1,true
aggregate-external_only,r7-recovery-ac42bb26-eb32-41f9-98a1-15ba5718669c,model,binary-z,47,0.0,0.0,1.0e-6,1,true
aggregate-external_only,r7-recovery-ac42bb26-eb32-41f9-98a1-15ba5718669c,model,forest-edges,1,0.0,0.0,1.0e-6,1,true
aggregate-external_only,r7-recovery-ac42bb26-eb32-41f9-98a1-15ba5718669c,model,forest-independent,1,0.0,0.0,1.0e-6,1,true
aggregate-external_only,r7-recovery-ac42bb26-eb32-41f9-98a1-15ba5718669c,model,inactive-charge,128,0.0,0.0,2.7877279102384292e-5,MW,true
aggregate-external_only,r7-recovery-ac42bb26-eb32-41f9-98a1-15ba5718669c,model,inactive-discharge,128,0.0,0.0,2.7877279102384292e-5,MW,true
aggregate-external_only,r7-recovery-ac42bb26-eb32-41f9-98a1-15ba5718669c,model,inactive-energy,136,0.0,0.0,1.1278250000000002e-5,MWh,true
aggregate-external_only,r7-recovery-ac42bb26-eb32-41f9-98a1-15ba5718669c,model,integer-a_off,47,0.0,0.0,1.0e-6,1,true
aggregate-external_only,r7-recovery-ac42bb26-eb32-41f9-98a1-15ba5718669c,model,integer-a_on,47,0.0,0.0,1.0e-6,1,true
aggregate-external_only,r7-recovery-ac42bb26-eb32-41f9-98a1-15ba5718669c,model,integer-beta,44,0.0,0.0,1.0e-6,1,true
aggregate-external_only,r7-recovery-ac42bb26-eb32-41f9-98a1-15ba5718669c,model,integer-z,47,0.0,0.0,1.0e-6,1,true
aggregate-external_only,r7-recovery-ac42bb26-eb32-41f9-98a1-15ba5718669c,model,load-port,608,0.0,0.0,6.271428571428571e-5,kg/s,true
aggregate-external_only,r7-recovery-ac42bb26-eb32-41f9-98a1-15ba5718669c,model,off-action,47,0.0,0.0,1.0e-6,1,true
aggregate-external_only,r7-recovery-ac42bb26-eb32-41f9-98a1-15ba5718669c,model,on-action,47,0.0,0.0,1.0e-6,1,true
aggregate-external_only,r7-recovery-ac42bb26-eb32-41f9-98a1-15ba5718669c,model,one-root-per-component,1,0.0,0.0,1.0e-6,1,true
aggregate-external_only,r7-recovery-ac42bb26-eb32-41f9-98a1-15ba5718669c,model,root-eligible,44,0.0,0.0,1.0e-6,1,true
aggregate-external_only,r7-recovery-ac42bb26-eb32-41f9-98a1-15ba5718669c,model,root-supply,44,0.0,0.0,1.0e-6,1,true
aggregate-external_only,r7-recovery-ac42bb26-eb32-41f9-98a1-15ba5718669c,model,source-port,608,0.0,0.0,6.271428571428571e-5,kg/s,true
aggregate-external_only,r7-recovery-ac42bb26-eb32-41f9-98a1-15ba5718669c,model,virtual-arc,47,0.0,0.0,1.0e-6,1,true
aggregate-external_only,r7-recovery-ac42bb26-eb32-41f9-98a1-15ba5718669c,model,virtual-node,44,0.0,0.0,1.0e-6,1,true
aggregate-single_1_2,r7-recovery-8c9e8839-fdcc-4332-9b49-d8dce511f00a,model,6-11,128,3.186029800247475e-11,8.881784197001252e-16,2.7877279102384292e-5,MW,true
aggregate-single_1_2,r7-recovery-8c9e8839-fdcc-4332-9b49-d8dce511f00a,model,6-19,704,8.920883440692929e-10,2.4868995751603507e-14,2.7877279102384292e-5,MW,true
aggregate-single_1_2,r7-recovery-8c9e8839-fdcc-4332-9b49-d8dce511f00a,model,6-20,704,1.8319671351422979e-10,5.10702591327572e-15,2.7877279102384292e-5,Mvar,true
aggregate-single_1_2,r7-recovery-8c9e8839-fdcc-4332-9b49-d8dce511f00a,model,6-22,704,0.0,0.0,1.0e-6,pu,true
aggregate-single_1_2,r7-recovery-8c9e8839-fdcc-4332-9b49-d8dce511f00a,model,6-24:25-P_line,752,3.9825372503093435e-12,1.1102230246251565e-16,2.7877279102384292e-5,MW,true
aggregate-single_1_2,r7-recovery-8c9e8839-fdcc-4332-9b49-d8dce511f00a,model,6-24:25-Q_line,752,0.0,0.0,2.7877279102384292e-5,Mvar,true
aggregate-single_1_2,r7-recovery-8c9e8839-fdcc-4332-9b49-d8dce511f00a,model,6-3/9,128,0.0,0.0,2.7877279102384292e-5,Mvar,true
aggregate-single_1_2,r7-recovery-8c9e8839-fdcc-4332-9b49-d8dce511f00a,model,6-4/57,32,0.0,0.0,2.7877279102384292e-5,MW,true
aggregate-single_1_2,r7-recovery-8c9e8839-fdcc-4332-9b49-d8dce511f00a,model,6-5/58,32,0.0,0.0,2.7877279102384292e-5,MW,true
aggregate-single_1_2,r7-recovery-8c9e8839-fdcc-4332-9b49-d8dce511f00a,model,6-51-P,16,0.0,0.0,2.7877279102384292e-5,MW,true
aggregate-single_1_2,r7-recovery-8c9e8839-fdcc-4332-9b49-d8dce511f00a,model,6-51-Q,16,0.0,0.0,2.7877279102384292e-5,Mvar,true
aggregate-single_1_2,r7-recovery-8c9e8839-fdcc-4332-9b49-d8dce511f00a,model,6-54,704,3.783410387793876e-10,1.0547118733938987e-14,2.7877279102384292e-5,MW,true
aggregate-single_1_2,r7-recovery-8c9e8839-fdcc-4332-9b49-d8dce511f00a,model,6-55,608,0.0,0.0,2.7877279102384292e-5,MW,true
aggregate-single_1_2,r7-recovery-8c9e8839-fdcc-4332-9b49-d8dce511f00a,model,6-63,1,0.0,0.0,1.0e-6,1,true
aggregate-single_1_2,r7-recovery-8c9e8839-fdcc-4332-9b49-d8dce511f00a,model,6-72,592,0.0,0.0,6.271428571428571e-5,kg/s,true
aggregate-single_1_2,r7-recovery-8c9e8839-fdcc-4332-9b49-d8dce511f00a,model,6-74,592,0.0,0.0,6.271428571428571e-5,kg/s,true
aggregate-single_1_2,r7-recovery-8c9e8839-fdcc-4332-9b49-d8dce511f00a,model,6-8/56/60,128,3.2656805452536615e-10,9.103828801926284e-15,2.7877279102384292e-5,MW,true
aggregate-single_1_2,r7-recovery-8c9e8839-fdcc-4332-9b49-d8dce511f00a,model,6-80:82,34,0.0,0.0,1.1278250000000002e-5,MWh,true
aggregate-single_1_2,r7-recovery-8c9e8839-fdcc-4332-9b49-d8dce511f00a,model,6-81:82-temperature,34,0.0,0.0,0.0001,K,true
aggregate-single_1_2,r7-recovery-8c9e8839-fdcc-4332-9b49-d8dce511f00a,model,6-83,608,6.37205960049495e-11,1.7763568394002505e-15,2.7877279102384292e-5,MW,true
aggregate-single_1_2,r7-recovery-8c9e8839-fdcc-4332-9b49-d8dce511f00a,model,6-84,608,0.0,0.0,2.7877279102384292e-5,MW,true
aggregate-single_1_2,r7-recovery-8c9e8839-fdcc-4332-9b49-d8dce511f00a,model,6-85:86,32,3.9825372503093435e-12,1.1102230246251565e-16,2.7877279102384292e-5,MW,true
aggregate-single_1_2,r7-recovery-8c9e8839-fdcc-4332-9b49-d8dce511f00a,model,6-88,16,71979.64303332429,2.0065965985299723,2.7877279102384292e-5,MW,false
aggregate-single_1_2,r7-recovery-8c9e8839-fdcc-4332-9b49-d8dce511f00a,model,6-89,16,2.54882384019798e-10,7.105427357601002e-15,2.7877279102384292e-5,MW,true
aggregate-single_1_2,r7-recovery-8c9e8839-fdcc-4332-9b49-d8dce511f00a,model,R7-A3/90,2,0.0,0.0,1.1278250000000002e-5,MWh,true
aggregate-single_1_2,r7-recovery-8c9e8839-fdcc-4332-9b49-d8dce511f00a,model,R7-A4-R,16,9.843929906015175e-11,1.1102230246251565e-15,1.1278250000000002e-5,MWh,true
aggregate-single_1_2,r7-recovery-8c9e8839-fdcc-4332-9b49-d8dce511f00a,model,R7-A4-S,16,5.906357943609105e-11,6.661338147750939e-16,1.1278250000000002e-5,MWh,true
aggregate-single_1_2,r7-recovery-8c9e8839-fdcc-4332-9b49-d8dce511f00a,model,R7-C1-load,608,0.0,0.0,2.7877279102384292e-5,MW,true
aggregate-single_1_2,r7-recovery-8c9e8839-fdcc-4332-9b49-d8dce511f00a,model,R7-C1-source,608,6.37205960049495e-11,1.7763568394002505e-15,2.7877279102384292e-5,MW,true
aggregate-single_1_2,r7-recovery-8c9e8839-fdcc-4332-9b49-d8dce511f00a,model,R7-R1,47,0.0,0.0,1.0e-6,1,true
aggregate-single_1_2,r7-recovery-8c9e8839-fdcc-4332-9b49-d8dce511f00a,model,R7-R4,608,1.1329838611208888e-10,7.105427357601002e-15,6.271428571428571e-5,kg/s,true
aggregate-single_1_2,r7-recovery-8c9e8839-fdcc-4332-9b49-d8dce511f00a,model,R9-RE1-closed-component,47,0.0,0.0,1.0e-6,1,true
aggregate-single_1_2,r7-recovery-8c9e8839-fdcc-4332-9b49-d8dce511f00a,model,R9-RE1-energized,44,0.0,0.0,1.0e-6,1,true
aggregate-single_1_2,r7-recovery-8c9e8839-fdcc-4332-9b49-d8dce511f00a,model,R9-RE1-integer-energized,44,0.0,0.0,1.0e-6,1,true
aggregate-single_1_2,r7-recovery-8c9e8839-fdcc-4332-9b49-d8dce511f00a,model,R9-RE1-integer-live,47,0.0,0.0,1.0e-6,1,true
aggregate-single_1_2,r7-recovery-8c9e8839-fdcc-4332-9b49-d8dce511f00a,model,R9-RE1-live,47,0.0,0.0,1.0e-6,1,true
aggregate-single_1_2,r7-recovery-8c9e8839-fdcc-4332-9b49-d8dce511f00a,model,R9-RE1-live-product,47,0.0,0.0,1.0e-6,1,true
aggregate-single_1_2,r7-recovery-8c9e8839-fdcc-4332-9b49-d8dce511f00a,model,R9-RE2-live-root,44,0.0,0.0,1.0e-6,1,true
aggregate-single_1_2,r7-recovery-8c9e8839-fdcc-4332-9b49-d8dce511f00a,model,R9-RE2-root-available,704,0.0,0.0,1.0e-6,1,true
aggregate-single_1_2,r7-recovery-8c9e8839-fdcc-4332-9b49-d8dce511f00a,model,R9-RE3,752,9.29107051711453e-10,9.29107051711453e-16,1.0e-6,pu,true
aggregate-single_1_2,r7-recovery-8c9e8839-fdcc-4332-9b49-d8dce511f00a,model,R9-RE4-commitment,32,0.0,0.0,1.0e-6,1,true
aggregate-single_1_2,r7-recovery-8c9e8839-fdcc-4332-9b49-d8dce511f00a,model,R9-RE4-device-P,128,3.2656805452536615e-10,9.103828801926284e-15,2.7877279102384292e-5,MW,true
aggregate-single_1_2,r7-recovery-8c9e8839-fdcc-4332-9b49-d8dce511f00a,model,R9-RE4-device-Q,128,0.0,0.0,2.7877279102384292e-5,Mvar,true
aggregate-single_1_2,r7-recovery-8c9e8839-fdcc-4332-9b49-d8dce511f00a,model,R9-RE4-served,704,3.783410387793876e-10,1.0547118733938987e-14,2.7877279102384292e-5,MW,true
aggregate-single_1_2,r7-recovery-8c9e8839-fdcc-4332-9b49-d8dce511f00a,model,R9-RL1-critical,704,1.5133641551175503e-10,4.218847493575595e-15,2.7877279102384292e-5,MW,true
aggregate-single_1_2,r7-recovery-8c9e8839-fdcc-4332-9b49-d8dce511f00a,model,R9-RL1-ordinary,704,3.783410387793876e-10,1.0547118733938987e-14,2.7877279102384292e-5,MW,true
aggregate-single_1_2,r7-recovery-8c9e8839-fdcc-4332-9b49-d8dce511f00a,model,R9-RL1-split,704,1.1151104300866161e-10,3.1086244689504383e-15,2.7877279102384292e-5,MW,true
aggregate-single_1_2,r7-recovery-8c9e8839-fdcc-4332-9b49-d8dce511f00a,model,R9-RL2,1,0.0,0.0,9.88391793381035e-6,MWh,true
aggregate-single_1_2,r7-recovery-8c9e8839-fdcc-4332-9b49-d8dce511f00a,model,R9-RW1-off,36,0.0,0.0,1.0e-6,1,true
aggregate-single_1_2,r7-recovery-8c9e8839-fdcc-4332-9b49-d8dce511f00a,model,R9-RW1-on,36,0.0,0.0,1.0e-6,1,true
aggregate-single_1_2,r7-recovery-8c9e8839-fdcc-4332-9b49-d8dce511f00a,model,R9-RW1-state,36,0.0,0.0,1.0e-6,1,true
aggregate-single_1_2,r7-recovery-8c9e8839-fdcc-4332-9b49-d8dce511f00a,model,binary-a_off,47,0.0,0.0,1.0e-6,1,true
aggregate-single_1_2,r7-recovery-8c9e8839-fdcc-4332-9b49-d8dce511f00a,model,binary-a_on,47,0.0,0.0,1.0e-6,1,true
aggregate-single_1_2,r7-recovery-8c9e8839-fdcc-4332-9b49-d8dce511f00a,model,binary-beta,44,0.0,0.0,1.0e-6,1,true
aggregate-single_1_2,r7-recovery-8c9e8839-fdcc-4332-9b49-d8dce511f00a,model,binary-z,47,0.0,0.0,1.0e-6,1,true
aggregate-single_1_2,r7-recovery-8c9e8839-fdcc-4332-9b49-d8dce511f00a,model,forest-edges,1,0.0,0.0,1.0e-6,1,true
aggregate-single_1_2,r7-recovery-8c9e8839-fdcc-4332-9b49-d8dce511f00a,model,forest-independent,1,0.0,0.0,1.0e-6,1,true
aggregate-single_1_2,r7-recovery-8c9e8839-fdcc-4332-9b49-d8dce511f00a,model,inactive-charge,128,0.0,0.0,2.7877279102384292e-5,MW,true
aggregate-single_1_2,r7-recovery-8c9e8839-fdcc-4332-9b49-d8dce511f00a,model,inactive-discharge,128,0.0,0.0,2.7877279102384292e-5,MW,true
aggregate-single_1_2,r7-recovery-8c9e8839-fdcc-4332-9b49-d8dce511f00a,model,inactive-energy,136,0.0,0.0,1.1278250000000002e-5,MWh,true
aggregate-single_1_2,r7-recovery-8c9e8839-fdcc-4332-9b49-d8dce511f00a,model,integer-a_off,47,0.0,0.0,1.0e-6,1,true
aggregate-single_1_2,r7-recovery-8c9e8839-fdcc-4332-9b49-d8dce511f00a,model,integer-a_on,47,0.0,0.0,1.0e-6,1,true
aggregate-single_1_2,r7-recovery-8c9e8839-fdcc-4332-9b49-d8dce511f00a,model,integer-beta,44,0.0,0.0,1.0e-6,1,true
aggregate-single_1_2,r7-recovery-8c9e8839-fdcc-4332-9b49-d8dce511f00a,model,integer-z,47,0.0,0.0,1.0e-6,1,true
aggregate-single_1_2,r7-recovery-8c9e8839-fdcc-4332-9b49-d8dce511f00a,model,load-port,608,0.0,0.0,6.271428571428571e-5,kg/s,true
aggregate-single_1_2,r7-recovery-8c9e8839-fdcc-4332-9b49-d8dce511f00a,model,off-action,47,0.0,0.0,1.0e-6,1,true
aggregate-single_1_2,r7-recovery-8c9e8839-fdcc-4332-9b49-d8dce511f00a,model,on-action,47,0.0,0.0,1.0e-6,1,true
aggregate-single_1_2,r7-recovery-8c9e8839-fdcc-4332-9b49-d8dce511f00a,model,one-root-per-component,1,0.0,0.0,1.0e-6,1,true
aggregate-single_1_2,r7-recovery-8c9e8839-fdcc-4332-9b49-d8dce511f00a,model,root-eligible,44,0.0,0.0,1.0e-6,1,true
aggregate-single_1_2,r7-recovery-8c9e8839-fdcc-4332-9b49-d8dce511f00a,model,root-supply,44,0.0,0.0,1.0e-6,1,true
aggregate-single_1_2,r7-recovery-8c9e8839-fdcc-4332-9b49-d8dce511f00a,model,source-port,608,0.0,0.0,6.271428571428571e-5,kg/s,true
aggregate-single_1_2,r7-recovery-8c9e8839-fdcc-4332-9b49-d8dce511f00a,model,virtual-arc,47,0.0,0.0,1.0e-6,1,true
aggregate-single_1_2,r7-recovery-8c9e8839-fdcc-4332-9b49-d8dce511f00a,model,virtual-node,44,0.0,0.0,1.0e-6,1,true
aggregate-author_event1,r7-recovery-2fa27847-1b8d-4705-a9b7-a9b358cbcc6b,model,6-11,128,3.186029800247475e-11,8.881784197001252e-16,2.7877279102384292e-5,MW,true
aggregate-author_event1,r7-recovery-2fa27847-1b8d-4705-a9b7-a9b358cbcc6b,model,6-19,704,4.779044700371212e-10,1.3322676295501878e-14,2.7877279102384292e-5,MW,true
aggregate-author_event1,r7-recovery-2fa27847-1b8d-4705-a9b7-a9b358cbcc6b,model,6-20,704,2.9072521927258207e-10,8.104628079763643e-15,2.7877279102384292e-5,Mvar,true
aggregate-author_event1,r7-recovery-2fa27847-1b8d-4705-a9b7-a9b358cbcc6b,model,6-22,704,0.0,0.0,1.0e-6,pu,true
aggregate-author_event1,r7-recovery-2fa27847-1b8d-4705-a9b7-a9b358cbcc6b,model,6-24:25-P_line,752,4.779044700371212e-11,1.3322676295501878e-15,2.7877279102384292e-5,MW,true
aggregate-author_event1,r7-recovery-2fa27847-1b8d-4705-a9b7-a9b358cbcc6b,model,6-24:25-Q_line,752,2.1903954876701387e-10,6.106226635438361e-15,2.7877279102384292e-5,Mvar,true
aggregate-author_event1,r7-recovery-2fa27847-1b8d-4705-a9b7-a9b358cbcc6b,model,6-3/9,128,0.0,0.0,2.7877279102384292e-5,Mvar,true
aggregate-author_event1,r7-recovery-2fa27847-1b8d-4705-a9b7-a9b358cbcc6b,model,6-4/57,32,0.0,0.0,2.7877279102384292e-5,MW,true
aggregate-author_event1,r7-recovery-2fa27847-1b8d-4705-a9b7-a9b358cbcc6b,model,6-5/58,32,0.0,0.0,2.7877279102384292e-5,MW,true
aggregate-author_event1,r7-recovery-2fa27847-1b8d-4705-a9b7-a9b358cbcc6b,model,6-51-P,16,0.0,0.0,2.7877279102384292e-5,MW,true
aggregate-author_event1,r7-recovery-2fa27847-1b8d-4705-a9b7-a9b358cbcc6b,model,6-51-Q,16,0.0,0.0,2.7877279102384292e-5,Mvar,true
aggregate-author_event1,r7-recovery-2fa27847-1b8d-4705-a9b7-a9b358cbcc6b,model,6-54,704,5.535726777929987e-10,1.5432100042289676e-14,2.7877279102384292e-5,MW,true
aggregate-author_event1,r7-recovery-2fa27847-1b8d-4705-a9b7-a9b358cbcc6b,model,6-55,608,0.0,0.0,2.7877279102384292e-5,MW,true
aggregate-author_event1,r7-recovery-2fa27847-1b8d-4705-a9b7-a9b358cbcc6b,model,6-63,1,0.0,0.0,1.0e-6,1,true
aggregate-author_event1,r7-recovery-2fa27847-1b8d-4705-a9b7-a9b358cbcc6b,model,6-72,592,0.0,0.0,6.271428571428571e-5,kg/s,true
aggregate-author_event1,r7-recovery-2fa27847-1b8d-4705-a9b7-a9b358cbcc6b,model,6-74,592,0.0,0.0,6.271428571428571e-5,kg/s,true
aggregate-author_event1,r7-recovery-2fa27847-1b8d-4705-a9b7-a9b358cbcc6b,model,6-8/56/60,128,0.0,0.0,2.7877279102384292e-5,MW,true
aggregate-author_event1,r7-recovery-2fa27847-1b8d-4705-a9b7-a9b358cbcc6b,model,6-80:82,34,0.0,0.0,1.1278250000000002e-5,MWh,true
aggregate-author_event1,r7-recovery-2fa27847-1b8d-4705-a9b7-a9b358cbcc6b,model,6-81:82-temperature,34,0.0,0.0,0.0001,K,true
aggregate-author_event1,r7-recovery-2fa27847-1b8d-4705-a9b7-a9b358cbcc6b,model,6-83,608,6.37205960049495e-11,1.7763568394002505e-15,2.7877279102384292e-5,MW,true
aggregate-author_event1,r7-recovery-2fa27847-1b8d-4705-a9b7-a9b358cbcc6b,model,6-84,608,0.0,0.0,2.7877279102384292e-5,MW,true
aggregate-author_event1,r7-recovery-2fa27847-1b8d-4705-a9b7-a9b358cbcc6b,model,6-85:86,32,3.9825372503093435e-12,1.1102230246251565e-16,2.7877279102384292e-5,MW,true
aggregate-author_event1,r7-recovery-2fa27847-1b8d-4705-a9b7-a9b358cbcc6b,model,6-88,16,58554.10084215855,1.632329011766009,2.7877279102384292e-5,MW,false
aggregate-author_event1,r7-recovery-2fa27847-1b8d-4705-a9b7-a9b358cbcc6b,model,6-89,16,2.8674268202227274e-10,7.993605777301127e-15,2.7877279102384292e-5,MW,true
aggregate-author_event1,r7-recovery-2fa27847-1b8d-4705-a9b7-a9b358cbcc6b,model,R7-A3/90,2,0.0,0.0,1.1278250000000002e-5,MWh,true
aggregate-author_event1,r7-recovery-2fa27847-1b8d-4705-a9b7-a9b358cbcc6b,model,R7-A4-R,16,2.9531789718045523e-10,3.3306690738754696e-15,1.1278250000000002e-5,MWh,true
aggregate-author_event1,r7-recovery-2fa27847-1b8d-4705-a9b7-a9b358cbcc6b,model,R7-A4-S,16,9.843929906015175e-11,1.1102230246251565e-15,1.1278250000000002e-5,MWh,true
aggregate-author_event1,r7-recovery-2fa27847-1b8d-4705-a9b7-a9b358cbcc6b,model,R7-C1-load,608,0.0,0.0,2.7877279102384292e-5,MW,true
aggregate-author_event1,r7-recovery-2fa27847-1b8d-4705-a9b7-a9b358cbcc6b,model,R7-C1-source,608,6.37205960049495e-11,1.7763568394002505e-15,2.7877279102384292e-5,MW,true
aggregate-author_event1,r7-recovery-2fa27847-1b8d-4705-a9b7-a9b358cbcc6b,model,R7-R1,47,0.0,0.0,1.0e-6,1,true
aggregate-author_event1,r7-recovery-2fa27847-1b8d-4705-a9b7-a9b358cbcc6b,model,R7-R4,608,9.205493871607222e-11,5.773159728050814e-15,6.271428571428571e-5,kg/s,true
aggregate-author_event1,r7-recovery-2fa27847-1b8d-4705-a9b7-a9b358cbcc6b,model,R9-RE1-closed-component,47,0.0,0.0,1.0e-6,1,true
aggregate-author_event1,r7-recovery-2fa27847-1b8d-4705-a9b7-a9b358cbcc6b,model,R9-RE1-energized,44,0.0,0.0,1.0e-6,1,true
aggregate-author_event1,r7-recovery-2fa27847-1b8d-4705-a9b7-a9b358cbcc6b,model,R9-RE1-integer-energized,44,0.0,0.0,1.0e-6,1,true
aggregate-author_event1,r7-recovery-2fa27847-1b8d-4705-a9b7-a9b358cbcc6b,model,R9-RE1-integer-live,47,0.0,0.0,1.0e-6,1,true
aggregate-author_event1,r7-recovery-2fa27847-1b8d-4705-a9b7-a9b358cbcc6b,model,R9-RE1-live,47,0.0,0.0,1.0e-6,1,true
aggregate-author_event1,r7-recovery-2fa27847-1b8d-4705-a9b7-a9b358cbcc6b,model,R9-RE1-live-product,47,0.0,0.0,1.0e-6,1,true
aggregate-author_event1,r7-recovery-2fa27847-1b8d-4705-a9b7-a9b358cbcc6b,model,R9-RE2-live-root,44,0.0,0.0,1.0e-6,1,true
aggregate-author_event1,r7-recovery-2fa27847-1b8d-4705-a9b7-a9b358cbcc6b,model,R9-RE2-root-available,704,0.0,0.0,1.0e-6,1,true
aggregate-author_event1,r7-recovery-2fa27847-1b8d-4705-a9b7-a9b358cbcc6b,model,R9-RE3,752,9.679756995950584e-10,9.679756995950584e-16,1.0e-6,pu,true
aggregate-author_event1,r7-recovery-2fa27847-1b8d-4705-a9b7-a9b358cbcc6b,model,R9-RE4-commitment,32,0.0,0.0,1.0e-6,1,true
aggregate-author_event1,r7-recovery-2fa27847-1b8d-4705-a9b7-a9b358cbcc6b,model,R9-RE4-device-P,128,0.0,0.0,2.7877279102384292e-5,MW,true
aggregate-author_event1,r7-recovery-2fa27847-1b8d-4705-a9b7-a9b358cbcc6b,model,R9-RE4-device-Q,128,0.0,0.0,2.7877279102384292e-5,Mvar,true
aggregate-author_event1,r7-recovery-2fa27847-1b8d-4705-a9b7-a9b358cbcc6b,model,R9-RE4-served,704,5.535726777929987e-10,1.5432100042289676e-14,2.7877279102384292e-5,MW,true
aggregate-author_event1,r7-recovery-2fa27847-1b8d-4705-a9b7-a9b358cbcc6b,model,R9-RL1-critical,704,0.0,0.0,2.7877279102384292e-5,MW,true
aggregate-author_event1,r7-recovery-2fa27847-1b8d-4705-a9b7-a9b358cbcc6b,model,R9-RL1-ordinary,704,5.535726777929987e-10,1.5432100042289676e-14,2.7877279102384292e-5,MW,true
aggregate-author_event1,r7-recovery-2fa27847-1b8d-4705-a9b7-a9b358cbcc6b,model,R9-RL1-split,704,3.9825372503093435e-12,1.1102230246251565e-16,2.7877279102384292e-5,MW,true
aggregate-author_event1,r7-recovery-2fa27847-1b8d-4705-a9b7-a9b358cbcc6b,model,R9-RL2,1,1.7213029605888018e-10,1.7763568394002505e-15,1.0319838401908148e-5,MWh,true
aggregate-author_event1,r7-recovery-2fa27847-1b8d-4705-a9b7-a9b358cbcc6b,model,R9-RW1-off,36,0.0,0.0,1.0e-6,1,true
aggregate-author_event1,r7-recovery-2fa27847-1b8d-4705-a9b7-a9b358cbcc6b,model,R9-RW1-on,36,0.0,0.0,1.0e-6,1,true
aggregate-author_event1,r7-recovery-2fa27847-1b8d-4705-a9b7-a9b358cbcc6b,model,R9-RW1-state,36,0.0,0.0,1.0e-6,1,true
aggregate-author_event1,r7-recovery-2fa27847-1b8d-4705-a9b7-a9b358cbcc6b,model,binary-a_off,47,0.0,0.0,1.0e-6,1,true
aggregate-author_event1,r7-recovery-2fa27847-1b8d-4705-a9b7-a9b358cbcc6b,model,binary-a_on,47,0.0,0.0,1.0e-6,1,true
aggregate-author_event1,r7-recovery-2fa27847-1b8d-4705-a9b7-a9b358cbcc6b,model,binary-beta,44,0.0,0.0,1.0e-6,1,true
aggregate-author_event1,r7-recovery-2fa27847-1b8d-4705-a9b7-a9b358cbcc6b,model,binary-z,47,0.0,0.0,1.0e-6,1,true
aggregate-author_event1,r7-recovery-2fa27847-1b8d-4705-a9b7-a9b358cbcc6b,model,forest-edges,1,0.0,0.0,1.0e-6,1,true
aggregate-author_event1,r7-recovery-2fa27847-1b8d-4705-a9b7-a9b358cbcc6b,model,forest-independent,1,0.0,0.0,1.0e-6,1,true
aggregate-author_event1,r7-recovery-2fa27847-1b8d-4705-a9b7-a9b358cbcc6b,model,inactive-charge,128,0.0,0.0,2.7877279102384292e-5,MW,true
aggregate-author_event1,r7-recovery-2fa27847-1b8d-4705-a9b7-a9b358cbcc6b,model,inactive-discharge,128,0.0,0.0,2.7877279102384292e-5,MW,true
aggregate-author_event1,r7-recovery-2fa27847-1b8d-4705-a9b7-a9b358cbcc6b,model,inactive-energy,136,0.0,0.0,1.1278250000000002e-5,MWh,true
aggregate-author_event1,r7-recovery-2fa27847-1b8d-4705-a9b7-a9b358cbcc6b,model,integer-a_off,47,0.0,0.0,1.0e-6,1,true
aggregate-author_event1,r7-recovery-2fa27847-1b8d-4705-a9b7-a9b358cbcc6b,model,integer-a_on,47,0.0,0.0,1.0e-6,1,true
aggregate-author_event1,r7-recovery-2fa27847-1b8d-4705-a9b7-a9b358cbcc6b,model,integer-beta,44,0.0,0.0,1.0e-6,1,true
aggregate-author_event1,r7-recovery-2fa27847-1b8d-4705-a9b7-a9b358cbcc6b,model,integer-z,47,0.0,0.0,1.0e-6,1,true
aggregate-author_event1,r7-recovery-2fa27847-1b8d-4705-a9b7-a9b358cbcc6b,model,load-port,608,0.0,0.0,6.271428571428571e-5,kg/s,true
aggregate-author_event1,r7-recovery-2fa27847-1b8d-4705-a9b7-a9b358cbcc6b,model,off-action,47,0.0,0.0,1.0e-6,1,true
aggregate-author_event1,r7-recovery-2fa27847-1b8d-4705-a9b7-a9b358cbcc6b,model,on-action,47,0.0,0.0,1.0e-6,1,true
aggregate-author_event1,r7-recovery-2fa27847-1b8d-4705-a9b7-a9b358cbcc6b,model,one-root-per-component,2,0.0,0.0,1.0e-6,1,true
aggregate-author_event1,r7-recovery-2fa27847-1b8d-4705-a9b7-a9b358cbcc6b,model,root-eligible,44,0.0,0.0,1.0e-6,1,true
aggregate-author_event1,r7-recovery-2fa27847-1b8d-4705-a9b7-a9b358cbcc6b,model,root-supply,44,0.0,0.0,1.0e-6,1,true
aggregate-author_event1,r7-recovery-2fa27847-1b8d-4705-a9b7-a9b358cbcc6b,model,source-port,608,0.0,0.0,6.271428571428571e-5,kg/s,true
aggregate-author_event1,r7-recovery-2fa27847-1b8d-4705-a9b7-a9b358cbcc6b,model,virtual-arc,47,0.0,0.0,1.0e-6,1,true
aggregate-author_event1,r7-recovery-2fa27847-1b8d-4705-a9b7-a9b358cbcc6b,model,virtual-node,44,0.0,0.0,1.0e-6,1,true
detailed-external_only,r7-transport-0e304a48-28bb-4bc6-9149-1d9be2691a18,shared,6-11,128,3.186029800247475e-11,8.881784197001252e-16,2.7877279102384292e-5,MW,true
detailed-external_only,r7-transport-0e304a48-28bb-4bc6-9149-1d9be2691a18,shared,6-19,704,2.947077565228914e-10,8.215650382226158e-15,2.7877279102384292e-5,MW,true
detailed-external_only,r7-transport-0e304a48-28bb-4bc6-9149-1d9be2691a18,shared,6-20,704,1.369469884802132e-10,3.81770942009391e-15,2.7877279102384292e-5,Mvar,true
detailed-external_only,r7-transport-0e304a48-28bb-4bc6-9149-1d9be2691a18,shared,6-22,704,0.0,0.0,1.0e-6,pu,true
detailed-external_only,r7-transport-0e304a48-28bb-4bc6-9149-1d9be2691a18,shared,6-24:25-P_line,752,0.0,0.0,2.7877279102384292e-5,MW,true
detailed-external_only,r7-transport-0e304a48-28bb-4bc6-9149-1d9be2691a18,shared,6-24:25-Q_line,752,0.0,0.0,2.7877279102384292e-5,Mvar,true
detailed-external_only,r7-transport-0e304a48-28bb-4bc6-9149-1d9be2691a18,shared,6-3/9,128,0.0,0.0,2.7877279102384292e-5,Mvar,true
detailed-external_only,r7-transport-0e304a48-28bb-4bc6-9149-1d9be2691a18,shared,6-4/57,32,0.0,0.0,2.7877279102384292e-5,MW,true
detailed-external_only,r7-transport-0e304a48-28bb-4bc6-9149-1d9be2691a18,shared,6-5/58,32,0.0,0.0,2.7877279102384292e-5,MW,true
detailed-external_only,r7-transport-0e304a48-28bb-4bc6-9149-1d9be2691a18,shared,6-51-P,16,0.0,0.0,2.7877279102384292e-5,MW,true
detailed-external_only,r7-transport-0e304a48-28bb-4bc6-9149-1d9be2691a18,shared,6-51-Q,16,0.0,0.0,2.7877279102384292e-5,Mvar,true
detailed-external_only,r7-transport-0e304a48-28bb-4bc6-9149-1d9be2691a18,shared,6-54,704,2.8276014477196335e-10,7.882583474838611e-15,2.7877279102384292e-5,MW,true
detailed-external_only,r7-transport-0e304a48-28bb-4bc6-9149-1d9be2691a18,shared,6-55,608,0.0,0.0,2.7877279102384292e-5,MW,true
detailed-external_only,r7-transport-0e304a48-28bb-4bc6-9149-1d9be2691a18,shared,6-63,1,0.0,0.0,1.0e-6,1,true
detailed-external_only,r7-transport-0e304a48-28bb-4bc6-9149-1d9be2691a18,shared,6-72,592,0.0,0.0,6.271428571428571e-5,kg/s,true
detailed-external_only,r7-transport-0e304a48-28bb-4bc6-9149-1d9be2691a18,shared,6-74,592,0.0,0.0,6.271428571428571e-5,kg/s,true
detailed-external_only,r7-transport-0e304a48-28bb-4bc6-9149-1d9be2691a18,shared,6-8/56/60,128,0.0,0.0,2.7877279102384292e-5,MW,true
detailed-external_only,r7-transport-0e304a48-28bb-4bc6-9149-1d9be2691a18,shared,6-83,608,0.0,0.0,2.7877279102384292e-5,MW,true
detailed-external_only,r7-transport-0e304a48-28bb-4bc6-9149-1d9be2691a18,shared,6-84,608,0.0,0.0,2.7877279102384292e-5,MW,true
detailed-external_only,r7-transport-0e304a48-28bb-4bc6-9149-1d9be2691a18,shared,R7-C1-load,608,0.0,0.0,2.7877279102384292e-5,MW,true
detailed-external_only,r7-transport-0e304a48-28bb-4bc6-9149-1d9be2691a18,shared,R7-C1-source,608,0.0,0.0,2.7877279102384292e-5,MW,true
detailed-external_only,r7-transport-0e304a48-28bb-4bc6-9149-1d9be2691a18,shared,R7-R1,47,0.0,0.0,1.0e-6,1,true
detailed-external_only,r7-transport-0e304a48-28bb-4bc6-9149-1d9be2691a18,shared,R7-R4,608,2.832459652802222e-11,1.7763568394002505e-15,6.271428571428571e-5,kg/s,true
detailed-external_only,r7-transport-0e304a48-28bb-4bc6-9149-1d9be2691a18,shared,R9-RE1-closed-component,47,0.0,0.0,1.0e-6,1,true
detailed-external_only,r7-transport-0e304a48-28bb-4bc6-9149-1d9be2691a18,shared,R9-RE1-energized,44,0.0,0.0,1.0e-6,1,true
detailed-external_only,r7-transport-0e304a48-28bb-4bc6-9149-1d9be2691a18,shared,R9-RE1-integer-energized,44,0.0,0.0,1.0e-6,1,true
detailed-external_only,r7-transport-0e304a48-28bb-4bc6-9149-1d9be2691a18,shared,R9-RE1-integer-live,47,0.0,0.0,1.0e-6,1,true
detailed-external_only,r7-transport-0e304a48-28bb-4bc6-9149-1d9be2691a18,shared,R9-RE1-live,47,0.0,0.0,1.0e-6,1,true
detailed-external_only,r7-transport-0e304a48-28bb-4bc6-9149-1d9be2691a18,shared,R9-RE1-live-product,47,0.0,0.0,1.0e-6,1,true
detailed-external_only,r7-transport-0e304a48-28bb-4bc6-9149-1d9be2691a18,shared,R9-RE2-live-root,44,0.0,0.0,1.0e-6,1,true
detailed-external_only,r7-transport-0e304a48-28bb-4bc6-9149-1d9be2691a18,shared,R9-RE2-root-available,704,0.0,0.0,1.0e-6,1,true
detailed-external_only,r7-transport-0e304a48-28bb-4bc6-9149-1d9be2691a18,shared,R9-RE3,752,1.0386656812411132e-10,1.0386656812411132e-16,1.0e-6,pu,true
detailed-external_only,r7-transport-0e304a48-28bb-4bc6-9149-1d9be2691a18,shared,R9-RE4-commitment,32,0.0,0.0,1.0e-6,1,true
detailed-external_only,r7-transport-0e304a48-28bb-4bc6-9149-1d9be2691a18,shared,R9-RE4-device-P,128,0.0,0.0,2.7877279102384292e-5,MW,true
detailed-external_only,r7-transport-0e304a48-28bb-4bc6-9149-1d9be2691a18,shared,R9-RE4-device-Q,128,0.0,0.0,2.7877279102384292e-5,Mvar,true
detailed-external_only,r7-transport-0e304a48-28bb-4bc6-9149-1d9be2691a18,shared,R9-RE4-served,704,2.8276014477196335e-10,7.882583474838611e-15,2.7877279102384292e-5,MW,true
detailed-external_only,r7-transport-0e304a48-28bb-4bc6-9149-1d9be2691a18,shared,R9-RL1-critical,704,0.0,0.0,2.7877279102384292e-5,MW,true
detailed-external_only,r7-transport-0e304a48-28bb-4bc6-9149-1d9be2691a18,shared,R9-RL1-ordinary,704,2.8276014477196335e-10,7.882583474838611e-15,2.7877279102384292e-5,MW,true
detailed-external_only,r7-transport-0e304a48-28bb-4bc6-9149-1d9be2691a18,shared,R9-RL1-split,704,0.0,0.0,2.7877279102384292e-5,MW,true
detailed-external_only,r7-transport-0e304a48-28bb-4bc6-9149-1d9be2691a18,shared,R9-RL2,1,0.0,0.0,9.521441123589585e-6,MWh,true
detailed-external_only,r7-transport-0e304a48-28bb-4bc6-9149-1d9be2691a18,shared,R9-RW1-off,36,0.0,0.0,1.0e-6,1,true
detailed-external_only,r7-transport-0e304a48-28bb-4bc6-9149-1d9be2691a18,shared,R9-RW1-on,36,0.0,0.0,1.0e-6,1,true
detailed-external_only,r7-transport-0e304a48-28bb-4bc6-9149-1d9be2691a18,shared,R9-RW1-state,36,0.0,0.0,1.0e-6,1,true
detailed-external_only,r7-transport-0e304a48-28bb-4bc6-9149-1d9be2691a18,shared,binary-a_off,47,0.0,0.0,1.0e-6,1,true
detailed-external_only,r7-transport-0e304a48-28bb-4bc6-9149-1d9be2691a18,shared,binary-a_on,47,0.0,0.0,1.0e-6,1,true
detailed-external_only,r7-transport-0e304a48-28bb-4bc6-9149-1d9be2691a18,shared,binary-beta,44,0.0,0.0,1.0e-6,1,true
detailed-external_only,r7-transport-0e304a48-28bb-4bc6-9149-1d9be2691a18,shared,binary-z,47,0.0,0.0,1.0e-6,1,true
detailed-external_only,r7-transport-0e304a48-28bb-4bc6-9149-1d9be2691a18,shared,forest-edges,1,0.0,0.0,1.0e-6,1,true
detailed-external_only,r7-transport-0e304a48-28bb-4bc6-9149-1d9be2691a18,shared,forest-independent,1,0.0,0.0,1.0e-6,1,true
detailed-external_only,r7-transport-0e304a48-28bb-4bc6-9149-1d9be2691a18,shared,inactive-charge,128,0.0,0.0,2.7877279102384292e-5,MW,true
detailed-external_only,r7-transport-0e304a48-28bb-4bc6-9149-1d9be2691a18,shared,inactive-discharge,128,0.0,0.0,2.7877279102384292e-5,MW,true
detailed-external_only,r7-transport-0e304a48-28bb-4bc6-9149-1d9be2691a18,shared,inactive-energy,136,0.0,0.0,1.1278250000000002e-5,MWh,true
detailed-external_only,r7-transport-0e304a48-28bb-4bc6-9149-1d9be2691a18,shared,integer-a_off,47,0.0,0.0,1.0e-6,1,true
detailed-external_only,r7-transport-0e304a48-28bb-4bc6-9149-1d9be2691a18,shared,integer-a_on,47,0.0,0.0,1.0e-6,1,true
detailed-external_only,r7-transport-0e304a48-28bb-4bc6-9149-1d9be2691a18,shared,integer-beta,44,0.0,0.0,1.0e-6,1,true
detailed-external_only,r7-transport-0e304a48-28bb-4bc6-9149-1d9be2691a18,shared,integer-z,47,0.0,0.0,1.0e-6,1,true
detailed-external_only,r7-transport-0e304a48-28bb-4bc6-9149-1d9be2691a18,shared,load-port,608,0.0,0.0,6.271428571428571e-5,kg/s,true
detailed-external_only,r7-transport-0e304a48-28bb-4bc6-9149-1d9be2691a18,shared,off-action,47,0.0,0.0,1.0e-6,1,true
detailed-external_only,r7-transport-0e304a48-28bb-4bc6-9149-1d9be2691a18,shared,on-action,47,0.0,0.0,1.0e-6,1,true
detailed-external_only,r7-transport-0e304a48-28bb-4bc6-9149-1d9be2691a18,shared,one-root-per-component,1,0.0,0.0,1.0e-6,1,true
detailed-external_only,r7-transport-0e304a48-28bb-4bc6-9149-1d9be2691a18,shared,root-eligible,44,0.0,0.0,1.0e-6,1,true
detailed-external_only,r7-transport-0e304a48-28bb-4bc6-9149-1d9be2691a18,shared,root-supply,44,0.0,0.0,1.0e-6,1,true
detailed-external_only,r7-transport-0e304a48-28bb-4bc6-9149-1d9be2691a18,shared,source-port,608,0.0,0.0,6.271428571428571e-5,kg/s,true
detailed-external_only,r7-transport-0e304a48-28bb-4bc6-9149-1d9be2691a18,shared,virtual-arc,47,0.0,0.0,1.0e-6,1,true
detailed-external_only,r7-transport-0e304a48-28bb-4bc6-9149-1d9be2691a18,shared,virtual-node,44,0.0,0.0,1.0e-6,1,true
detailed-external_only,r7-transport-0e304a48-28bb-4bc6-9149-1d9be2691a18,thermal,R7-T-bound,14464,0.0,0.0,0.0001,K,true
detailed-external_only,r7-transport-0e304a48-28bb-4bc6-9149-1d9be2691a18,thermal,R7-T-control,2432,1.6667223157185163e-7,1.6667223157185163e-13,1.0e-6,MW,true
detailed-external_only,r7-transport-0e304a48-28bb-4bc6-9149-1d9be2691a18,thermal,R7-T-idle-load,128,0.0,0.0,0.0001,K,true
detailed-external_only,r7-transport-0e304a48-28bb-4bc6-9149-1d9be2691a18,thermal,R7-T-idle-source,2304,0.0,0.0,0.0001,K,true
detailed-external_only,r7-transport-0e304a48-28bb-4bc6-9149-1d9be2691a18,thermal,R7-T-mass,2432,1.7763568394002505e-9,1.7763568394002505e-15,1.0e-6,kg/s,true
detailed-external_only,r7-transport-0e304a48-28bb-4bc6-9149-1d9be2691a18,thermal,R7-T-port-load,2304,0.0,0.0,0.0001,K,true
detailed-external_only,r7-transport-0e304a48-28bb-4bc6-9149-1d9be2691a18,thermal,R7-T-port-source,128,0.0,0.0,0.0001,K,true
detailed-external_only,r7-transport-0e304a48-28bb-4bc6-9149-1d9be2691a18,thermal,R7-T1-transport,4736,4.604316927725449e-8,4.604316927725449e-12,0.0001,K,true
detailed-external_only,r7-transport-0e304a48-28bb-4bc6-9149-1d9be2691a18,thermal,R7-T2-load,2432,1.91027749174566e-8,1.91027749174566e-14,1.0e-6,MW,true
detailed-external_only,r7-transport-0e304a48-28bb-4bc6-9149-1d9be2691a18,thermal,R7-T2-source,2432,9.581224702515101e-8,9.581224702515101e-14,1.0e-6,MW,true
detailed-external_only,r7-transport-0e304a48-28bb-4bc6-9149-1d9be2691a18,thermal,R7-T3-mix,4864,6.87805368215777e-8,6.87805368215777e-12,0.0001,K,true
detailed-external_only,r7-transport-0e304a48-28bb-4bc6-9149-1d9be2691a18,thermal,R7-T4-inventory,4810,1.170175067954915e-7,7.313594174718219e-15,6.25e-8,MWh,true
detailed-external_only,r7-transport-0e304a48-28bb-4bc6-9149-1d9be2691a18,thermal,R7-T4-pipe-energy,4736,9.488937413593135e-9,5.930585883495709e-16,6.25e-8,MWh,true
detailed-external_only,r7-transport-0e304a48-28bb-4bc6-9149-1d9be2691a18,thermal,R7-T4-pipe-mass,4736,1.616879469818539e-8,1.616879469818539e-14,1.0e-6,kg/s,true
detailed-external_only,r7-transport-0e304a48-28bb-4bc6-9149-1d9be2691a18,thermal,R7-T4-spatial,55796,0.0,0.0,0.0001,K,true
detailed-external_only,r7-transport-0e304a48-28bb-4bc6-9149-1d9be2691a18,thermal,R7-T4-total,64,2.0866641747829817e-7,1.3041651092393636e-14,6.25e-8,MWh,true
detailed-external_only,r7-transport-0e304a48-28bb-4bc6-9149-1d9be2691a18,thermal,objective,1,7.034373084024992e-7,4.39648317751562e-14,6.25e-8,MWh,true
detailed-single_1_2,r7-transport-a2273f35-7e1b-47d7-86b8-a7b9a9a260e0,shared,6-11,128,3.186029800247475e-11,8.881784197001252e-16,2.7877279102384292e-5,MW,true
detailed-single_1_2,r7-transport-a2273f35-7e1b-47d7-86b8-a7b9a9a260e0,shared,6-19,704,6.37205960049495e-11,1.7763568394002505e-15,2.7877279102384292e-5,MW,true
detailed-single_1_2,r7-transport-a2273f35-7e1b-47d7-86b8-a7b9a9a260e0,shared,6-20,704,3.743585015290783e-10,1.0436096431476471e-14,2.7877279102384292e-5,Mvar,true
detailed-single_1_2,r7-transport-a2273f35-7e1b-47d7-86b8-a7b9a9a260e0,shared,6-22,704,0.0,0.0,1.0e-6,pu,true
detailed-single_1_2,r7-transport-a2273f35-7e1b-47d7-86b8-a7b9a9a260e0,shared,6-24:25-P_line,752,7.726122265600126e-10,2.1538326677728037e-14,2.7877279102384292e-5,MW,true
detailed-single_1_2,r7-transport-a2273f35-7e1b-47d7-86b8-a7b9a9a260e0,shared,6-24:25-Q_line,752,3.6041962115299557e-10,1.0047518372857667e-14,2.7877279102384292e-5,Mvar,true
detailed-single_1_2,r7-transport-a2273f35-7e1b-47d7-86b8-a7b9a9a260e0,shared,6-3/9,128,0.0,0.0,2.7877279102384292e-5,Mvar,true
detailed-single_1_2,r7-transport-a2273f35-7e1b-47d7-86b8-a7b9a9a260e0,shared,6-4/57,32,0.0,0.0,2.7877279102384292e-5,MW,true
detailed-single_1_2,r7-transport-a2273f35-7e1b-47d7-86b8-a7b9a9a260e0,shared,6-5/58,32,0.0,0.0,2.7877279102384292e-5,MW,true
detailed-single_1_2,r7-transport-a2273f35-7e1b-47d7-86b8-a7b9a9a260e0,shared,6-51-P,16,0.0,0.0,2.7877279102384292e-5,MW,true
detailed-single_1_2,r7-transport-a2273f35-7e1b-47d7-86b8-a7b9a9a260e0,shared,6-51-Q,16,0.0,0.0,2.7877279102384292e-5,Mvar,true
detailed-single_1_2,r7-transport-a2273f35-7e1b-47d7-86b8-a7b9a9a260e0,shared,6-54,704,2.9869029377320073e-10,8.326672684688674e-15,2.7877279102384292e-5,MW,true
detailed-single_1_2,r7-transport-a2273f35-7e1b-47d7-86b8-a7b9a9a260e0,shared,6-55,608,0.0,0.0,2.7877279102384292e-5,MW,true
detailed-single_1_2,r7-transport-a2273f35-7e1b-47d7-86b8-a7b9a9a260e0,shared,6-63,1,0.0,0.0,1.0e-6,1,true
detailed-single_1_2,r7-transport-a2273f35-7e1b-47d7-86b8-a7b9a9a260e0,shared,6-72,592,0.0,0.0,6.271428571428571e-5,kg/s,true
detailed-single_1_2,r7-transport-a2273f35-7e1b-47d7-86b8-a7b9a9a260e0,shared,6-74,592,0.0,0.0,6.271428571428571e-5,kg/s,true
detailed-single_1_2,r7-transport-a2273f35-7e1b-47d7-86b8-a7b9a9a260e0,shared,6-8/56/60,128,0.0,0.0,2.7877279102384292e-5,MW,true
detailed-single_1_2,r7-transport-a2273f35-7e1b-47d7-86b8-a7b9a9a260e0,shared,6-83,608,0.0,0.0,2.7877279102384292e-5,MW,true
detailed-single_1_2,r7-transport-a2273f35-7e1b-47d7-86b8-a7b9a9a260e0,shared,6-84,608,0.0,0.0,2.7877279102384292e-5,MW,true
detailed-single_1_2,r7-transport-a2273f35-7e1b-47d7-86b8-a7b9a9a260e0,shared,R7-C1-load,608,0.0,0.0,2.7877279102384292e-5,MW,true
detailed-single_1_2,r7-transport-a2273f35-7e1b-47d7-86b8-a7b9a9a260e0,shared,R7-C1-source,608,0.0,0.0,2.7877279102384292e-5,MW,true
detailed-single_1_2,r7-transport-a2273f35-7e1b-47d7-86b8-a7b9a9a260e0,shared,R7-R1,47,0.0,0.0,1.0e-6,1,true
detailed-single_1_2,r7-transport-a2273f35-7e1b-47d7-86b8-a7b9a9a260e0,shared,R7-R4,608,2.832459652802222e-11,1.7763568394002505e-15,6.271428571428571e-5,kg/s,true
detailed-single_1_2,r7-transport-a2273f35-7e1b-47d7-86b8-a7b9a9a260e0,shared,R9-RE1-closed-component,47,0.0,0.0,1.0e-6,1,true
detailed-single_1_2,r7-transport-a2273f35-7e1b-47d7-86b8-a7b9a9a260e0,shared,R9-RE1-energized,44,0.0,0.0,1.0e-6,1,true
detailed-single_1_2,r7-transport-a2273f35-7e1b-47d7-86b8-a7b9a9a260e0,shared,R9-RE1-integer-energized,44,0.0,0.0,1.0e-6,1,true
detailed-single_1_2,r7-transport-a2273f35-7e1b-47d7-86b8-a7b9a9a260e0,shared,R9-RE1-integer-live,47,0.0,0.0,1.0e-6,1,true
detailed-single_1_2,r7-transport-a2273f35-7e1b-47d7-86b8-a7b9a9a260e0,shared,R9-RE1-live,47,0.0,0.0,1.0e-6,1,true
detailed-single_1_2,r7-transport-a2273f35-7e1b-47d7-86b8-a7b9a9a260e0,shared,R9-RE1-live-product,47,0.0,0.0,1.0e-6,1,true
detailed-single_1_2,r7-transport-a2273f35-7e1b-47d7-86b8-a7b9a9a260e0,shared,R9-RE2-live-root,44,0.0,0.0,1.0e-6,1,true
detailed-single_1_2,r7-transport-a2273f35-7e1b-47d7-86b8-a7b9a9a260e0,shared,R9-RE2-root-available,704,0.0,0.0,1.0e-6,1,true
detailed-single_1_2,r7-transport-a2273f35-7e1b-47d7-86b8-a7b9a9a260e0,shared,R9-RE3,752,9.324138683375338e-11,9.324138683375338e-17,1.0e-6,pu,true
detailed-single_1_2,r7-transport-a2273f35-7e1b-47d7-86b8-a7b9a9a260e0,shared,R9-RE4-commitment,32,0.0,0.0,1.0e-6,1,true
detailed-single_1_2,r7-transport-a2273f35-7e1b-47d7-86b8-a7b9a9a260e0,shared,R9-RE4-device-P,128,0.0,0.0,2.7877279102384292e-5,MW,true
detailed-single_1_2,r7-transport-a2273f35-7e1b-47d7-86b8-a7b9a9a260e0,shared,R9-RE4-device-Q,128,0.0,0.0,2.7877279102384292e-5,Mvar,true
detailed-single_1_2,r7-transport-a2273f35-7e1b-47d7-86b8-a7b9a9a260e0,shared,R9-RE4-served,704,2.9869029377320073e-10,8.326672684688674e-15,2.7877279102384292e-5,MW,true
detailed-single_1_2,r7-transport-a2273f35-7e1b-47d7-86b8-a7b9a9a260e0,shared,R9-RL1-critical,704,0.0,0.0,2.7877279102384292e-5,MW,true
detailed-single_1_2,r7-transport-a2273f35-7e1b-47d7-86b8-a7b9a9a260e0,shared,R9-RL1-ordinary,704,2.9869029377320073e-10,8.326672684688674e-15,2.7877279102384292e-5,MW,true
detailed-single_1_2,r7-transport-a2273f35-7e1b-47d7-86b8-a7b9a9a260e0,shared,R9-RL1-split,704,0.0,0.0,2.7877279102384292e-5,MW,true
detailed-single_1_2,r7-transport-a2273f35-7e1b-47d7-86b8-a7b9a9a260e0,shared,R9-RL2,1,1.7052527047112876e-10,1.7763568394002505e-15,1.0416971247091506e-5,MWh,true
detailed-single_1_2,r7-transport-a2273f35-7e1b-47d7-86b8-a7b9a9a260e0,shared,R9-RW1-off,36,0.0,0.0,1.0e-6,1,true
detailed-single_1_2,r7-transport-a2273f35-7e1b-47d7-86b8-a7b9a9a260e0,shared,R9-RW1-on,36,0.0,0.0,1.0e-6,1,true
detailed-single_1_2,r7-transport-a2273f35-7e1b-47d7-86b8-a7b9a9a260e0,shared,R9-RW1-state,36,0.0,0.0,1.0e-6,1,true
detailed-single_1_2,r7-transport-a2273f35-7e1b-47d7-86b8-a7b9a9a260e0,shared,binary-a_off,47,0.0,0.0,1.0e-6,1,true
detailed-single_1_2,r7-transport-a2273f35-7e1b-47d7-86b8-a7b9a9a260e0,shared,binary-a_on,47,0.0,0.0,1.0e-6,1,true
detailed-single_1_2,r7-transport-a2273f35-7e1b-47d7-86b8-a7b9a9a260e0,shared,binary-beta,44,0.0,0.0,1.0e-6,1,true
detailed-single_1_2,r7-transport-a2273f35-7e1b-47d7-86b8-a7b9a9a260e0,shared,binary-z,47,0.0,0.0,1.0e-6,1,true
detailed-single_1_2,r7-transport-a2273f35-7e1b-47d7-86b8-a7b9a9a260e0,shared,forest-edges,1,0.0,0.0,1.0e-6,1,true
detailed-single_1_2,r7-transport-a2273f35-7e1b-47d7-86b8-a7b9a9a260e0,shared,forest-independent,1,0.0,0.0,1.0e-6,1,true
detailed-single_1_2,r7-transport-a2273f35-7e1b-47d7-86b8-a7b9a9a260e0,shared,inactive-charge,128,0.0,0.0,2.7877279102384292e-5,MW,true
detailed-single_1_2,r7-transport-a2273f35-7e1b-47d7-86b8-a7b9a9a260e0,shared,inactive-discharge,128,0.0,0.0,2.7877279102384292e-5,MW,true
detailed-single_1_2,r7-transport-a2273f35-7e1b-47d7-86b8-a7b9a9a260e0,shared,inactive-energy,136,0.0,0.0,1.1278250000000002e-5,MWh,true
detailed-single_1_2,r7-transport-a2273f35-7e1b-47d7-86b8-a7b9a9a260e0,shared,integer-a_off,47,0.0,0.0,1.0e-6,1,true
detailed-single_1_2,r7-transport-a2273f35-7e1b-47d7-86b8-a7b9a9a260e0,shared,integer-a_on,47,0.0,0.0,1.0e-6,1,true
detailed-single_1_2,r7-transport-a2273f35-7e1b-47d7-86b8-a7b9a9a260e0,shared,integer-beta,44,0.0,0.0,1.0e-6,1,true
detailed-single_1_2,r7-transport-a2273f35-7e1b-47d7-86b8-a7b9a9a260e0,shared,integer-z,47,0.0,0.0,1.0e-6,1,true
detailed-single_1_2,r7-transport-a2273f35-7e1b-47d7-86b8-a7b9a9a260e0,shared,load-port,608,0.0,0.0,6.271428571428571e-5,kg/s,true
detailed-single_1_2,r7-transport-a2273f35-7e1b-47d7-86b8-a7b9a9a260e0,shared,off-action,47,0.0,0.0,1.0e-6,1,true
detailed-single_1_2,r7-transport-a2273f35-7e1b-47d7-86b8-a7b9a9a260e0,shared,on-action,47,0.0,0.0,1.0e-6,1,true
detailed-single_1_2,r7-transport-a2273f35-7e1b-47d7-86b8-a7b9a9a260e0,shared,one-root-per-component,1,0.0,0.0,1.0e-6,1,true
detailed-single_1_2,r7-transport-a2273f35-7e1b-47d7-86b8-a7b9a9a260e0,shared,root-eligible,44,0.0,0.0,1.0e-6,1,true
detailed-single_1_2,r7-transport-a2273f35-7e1b-47d7-86b8-a7b9a9a260e0,shared,root-supply,44,0.0,0.0,1.0e-6,1,true
detailed-single_1_2,r7-transport-a2273f35-7e1b-47d7-86b8-a7b9a9a260e0,shared,source-port,608,0.0,0.0,6.271428571428571e-5,kg/s,true
detailed-single_1_2,r7-transport-a2273f35-7e1b-47d7-86b8-a7b9a9a260e0,shared,virtual-arc,47,0.0,0.0,1.0e-6,1,true
detailed-single_1_2,r7-transport-a2273f35-7e1b-47d7-86b8-a7b9a9a260e0,shared,virtual-node,44,0.0,0.0,1.0e-6,1,true
detailed-single_1_2,r7-transport-a2273f35-7e1b-47d7-86b8-a7b9a9a260e0,thermal,R7-T-bound,14464,0.0,0.0,0.0001,K,true
detailed-single_1_2,r7-transport-a2273f35-7e1b-47d7-86b8-a7b9a9a260e0,thermal,R7-T-control,2432,6.480926906249351e-8,6.480926906249351e-14,1.0e-6,MW,true
detailed-single_1_2,r7-transport-a2273f35-7e1b-47d7-86b8-a7b9a9a260e0,thermal,R7-T-idle-load,128,0.0,0.0,0.0001,K,true
detailed-single_1_2,r7-transport-a2273f35-7e1b-47d7-86b8-a7b9a9a260e0,thermal,R7-T-idle-source,2304,0.0,0.0,0.0001,K,true
detailed-single_1_2,r7-transport-a2273f35-7e1b-47d7-86b8-a7b9a9a260e0,thermal,R7-T-mass,2432,1.7763568394002505e-9,1.7763568394002505e-15,1.0e-6,kg/s,true
detailed-single_1_2,r7-transport-a2273f35-7e1b-47d7-86b8-a7b9a9a260e0,thermal,R7-T-port-load,2304,0.0,0.0,0.0001,K,true
detailed-single_1_2,r7-transport-a2273f35-7e1b-47d7-86b8-a7b9a9a260e0,thermal,R7-T-port-source,128,0.0,0.0,0.0001,K,true
detailed-single_1_2,r7-transport-a2273f35-7e1b-47d7-86b8-a7b9a9a260e0,thermal,R7-T1-transport,4736,7.617018127348274e-8,7.617018127348274e-12,0.0001,K,true
detailed-single_1_2,r7-transport-a2273f35-7e1b-47d7-86b8-a7b9a9a260e0,thermal,R7-T2-load,2432,3.4985903063500245e-8,3.4985903063500245e-14,1.0e-6,MW,true
detailed-single_1_2,r7-transport-a2273f35-7e1b-47d7-86b8-a7b9a9a260e0,thermal,R7-T2-source,2432,9.769962616701378e-9,9.769962616701378e-15,1.0e-6,MW,true
detailed-single_1_2,r7-transport-a2273f35-7e1b-47d7-86b8-a7b9a9a260e0,thermal,R7-T3-mix,4864,8.071765478234738e-8,8.071765478234738e-12,0.0001,K,true
detailed-single_1_2,r7-transport-a2273f35-7e1b-47d7-86b8-a7b9a9a260e0,thermal,R7-T4-inventory,4810,4.263256414560601e-8,2.6645352591003757e-15,6.25e-8,MWh,true
detailed-single_1_2,r7-transport-a2273f35-7e1b-47d7-86b8-a7b9a9a260e0,thermal,R7-T4-pipe-energy,4736,1.1411011024975437e-8,7.131881890609648e-16,6.25e-8,MWh,true
detailed-single_1_2,r7-transport-a2273f35-7e1b-47d7-86b8-a7b9a9a260e0,thermal,R7-T4-pipe-mass,4736,1.616879469818539e-8,1.616879469818539e-14,1.0e-6,kg/s,true
detailed-single_1_2,r7-transport-a2273f35-7e1b-47d7-86b8-a7b9a9a260e0,thermal,R7-T4-spatial,55796,0.0,0.0,0.0001,K,true
detailed-single_1_2,r7-transport-a2273f35-7e1b-47d7-86b8-a7b9a9a260e0,thermal,R7-T4-total,64,2.2726265314076954e-7,1.4203915821298096e-14,6.25e-8,MWh,true
detailed-single_1_2,r7-transport-a2273f35-7e1b-47d7-86b8-a7b9a9a260e0,thermal,objective,1,1.1368683772161603e-7,7.105427357601002e-15,6.25e-8,MWh,true
detailed-author_event1,r7-transport-801c48d0-4737-4bc6-b33d-64a77b230d9f,shared,6-11,128,3.186029800247475e-11,8.881784197001252e-16,2.7877279102384292e-5,MW,true
detailed-author_event1,r7-transport-801c48d0-4737-4bc6-b33d-64a77b230d9f,shared,6-19,704,4.540092465352651e-10,1.2656542480726785e-14,2.7877279102384292e-5,MW,true
detailed-author_event1,r7-transport-801c48d0-4737-4bc6-b33d-64a77b230d9f,shared,6-20,704,2.1903954876701387e-10,6.106226635438361e-15,2.7877279102384292e-5,Mvar,true
detailed-author_event1,r7-transport-801c48d0-4737-4bc6-b33d-64a77b230d9f,shared,6-22,704,0.0,0.0,1.0e-6,pu,true
detailed-author_event1,r7-transport-801c48d0-4737-4bc6-b33d-64a77b230d9f,shared,6-24:25-P_line,752,0.0,0.0,2.7877279102384292e-5,MW,true
detailed-author_event1,r7-transport-801c48d0-4737-4bc6-b33d-64a77b230d9f,shared,6-24:25-Q_line,752,2.1903954876701387e-10,6.106226635438361e-15,2.7877279102384292e-5,Mvar,true
detailed-author_event1,r7-transport-801c48d0-4737-4bc6-b33d-64a77b230d9f,shared,6-3/9,128,0.0,0.0,2.7877279102384292e-5,Mvar,true
detailed-author_event1,r7-transport-801c48d0-4737-4bc6-b33d-64a77b230d9f,shared,6-4/57,32,0.0,0.0,2.7877279102384292e-5,MW,true
detailed-author_event1,r7-transport-801c48d0-4737-4bc6-b33d-64a77b230d9f,shared,6-5/58,32,0.0,0.0,2.7877279102384292e-5,MW,true
detailed-author_event1,r7-transport-801c48d0-4737-4bc6-b33d-64a77b230d9f,shared,6-51-P,16,0.0,0.0,2.7877279102384292e-5,MW,true
detailed-author_event1,r7-transport-801c48d0-4737-4bc6-b33d-64a77b230d9f,shared,6-51-Q,16,0.0,0.0,2.7877279102384292e-5,Mvar,true
detailed-author_event1,r7-transport-801c48d0-4737-4bc6-b33d-64a77b230d9f,shared,6-54,704,0.0,0.0,2.7877279102384292e-5,MW,true
detailed-author_event1,r7-transport-801c48d0-4737-4bc6-b33d-64a77b230d9f,shared,6-55,608,0.0,0.0,2.7877279102384292e-5,MW,true
detailed-author_event1,r7-transport-801c48d0-4737-4bc6-b33d-64a77b230d9f,shared,6-63,1,0.0,0.0,1.0e-6,1,true
detailed-author_event1,r7-transport-801c48d0-4737-4bc6-b33d-64a77b230d9f,shared,6-72,592,0.0,0.0,6.271428571428571e-5,kg/s,true
detailed-author_event1,r7-transport-801c48d0-4737-4bc6-b33d-64a77b230d9f,shared,6-74,592,0.0,0.0,6.271428571428571e-5,kg/s,true
detailed-author_event1,r7-transport-801c48d0-4737-4bc6-b33d-64a77b230d9f,shared,6-8/56/60,128,0.0,0.0,2.7877279102384292e-5,MW,true
detailed-author_event1,r7-transport-801c48d0-4737-4bc6-b33d-64a77b230d9f,shared,6-83,608,0.0,0.0,2.7877279102384292e-5,MW,true
detailed-author_event1,r7-transport-801c48d0-4737-4bc6-b33d-64a77b230d9f,shared,6-84,608,0.0,0.0,2.7877279102384292e-5,MW,true
detailed-author_event1,r7-transport-801c48d0-4737-4bc6-b33d-64a77b230d9f,shared,R7-C1-load,608,0.0,0.0,2.7877279102384292e-5,MW,true
detailed-author_event1,r7-transport-801c48d0-4737-4bc6-b33d-64a77b230d9f,shared,R7-C1-source,608,0.0,0.0,2.7877279102384292e-5,MW,true
detailed-author_event1,r7-transport-801c48d0-4737-4bc6-b33d-64a77b230d9f,shared,R7-R1,47,0.0,0.0,1.0e-6,1,true
detailed-author_event1,r7-transport-801c48d0-4737-4bc6-b33d-64a77b230d9f,shared,R7-R4,608,2.832459652802222e-11,1.7763568394002505e-15,6.271428571428571e-5,kg/s,true
detailed-author_event1,r7-transport-801c48d0-4737-4bc6-b33d-64a77b230d9f,shared,R9-RE1-closed-component,47,0.0,0.0,1.0e-6,1,true
detailed-author_event1,r7-transport-801c48d0-4737-4bc6-b33d-64a77b230d9f,shared,R9-RE1-energized,44,0.0,0.0,1.0e-6,1,true
detailed-author_event1,r7-transport-801c48d0-4737-4bc6-b33d-64a77b230d9f,shared,R9-RE1-integer-energized,44,0.0,0.0,1.0e-6,1,true
detailed-author_event1,r7-transport-801c48d0-4737-4bc6-b33d-64a77b230d9f,shared,R9-RE1-integer-live,47,0.0,0.0,1.0e-6,1,true
detailed-author_event1,r7-transport-801c48d0-4737-4bc6-b33d-64a77b230d9f,shared,R9-RE1-live,47,0.0,0.0,1.0e-6,1,true
detailed-author_event1,r7-transport-801c48d0-4737-4bc6-b33d-64a77b230d9f,shared,R9-RE1-live-product,47,0.0,0.0,1.0e-6,1,true
detailed-author_event1,r7-transport-801c48d0-4737-4bc6-b33d-64a77b230d9f,shared,R9-RE2-live-root,44,0.0,0.0,1.0e-6,1,true
detailed-author_event1,r7-transport-801c48d0-4737-4bc6-b33d-64a77b230d9f,shared,R9-RE2-root-available,704,0.0,0.0,1.0e-6,1,true
detailed-author_event1,r7-transport-801c48d0-4737-4bc6-b33d-64a77b230d9f,shared,R9-RE3,752,1.070541225112187e-9,1.070541225112187e-15,1.0e-6,pu,true
detailed-author_event1,r7-transport-801c48d0-4737-4bc6-b33d-64a77b230d9f,shared,R9-RE4-commitment,32,0.0,0.0,1.0e-6,1,true
detailed-author_event1,r7-transport-801c48d0-4737-4bc6-b33d-64a77b230d9f,shared,R9-RE4-device-P,128,0.0,0.0,2.7877279102384292e-5,MW,true
detailed-author_event1,r7-transport-801c48d0-4737-4bc6-b33d-64a77b230d9f,shared,R9-RE4-device-Q,128,0.0,0.0,2.7877279102384292e-5,Mvar,true
detailed-author_event1,r7-transport-801c48d0-4737-4bc6-b33d-64a77b230d9f,shared,R9-RE4-served,704,0.0,0.0,2.7877279102384292e-5,MW,true
detailed-author_event1,r7-transport-801c48d0-4737-4bc6-b33d-64a77b230d9f,shared,R9-RL1-critical,704,0.0,0.0,2.7877279102384292e-5,MW,true
detailed-author_event1,r7-transport-801c48d0-4737-4bc6-b33d-64a77b230d9f,shared,R9-RL1-ordinary,704,0.0,0.0,2.7877279102384292e-5,MW,true
detailed-author_event1,r7-transport-801c48d0-4737-4bc6-b33d-64a77b230d9f,shared,R9-RL1-split,704,3.186029800247475e-11,8.881784197001252e-16,2.7877279102384292e-5,MW,true
detailed-author_event1,r7-transport-801c48d0-4737-4bc6-b33d-64a77b230d9f,shared,R9-RL2,1,1.6629123208409905e-10,1.7763568394002505e-15,1.0682203848858893e-5,MWh,true
detailed-author_event1,r7-transport-801c48d0-4737-4bc6-b33d-64a77b230d9f,shared,R9-RW1-off,36,0.0,0.0,1.0e-6,1,true
detailed-author_event1,r7-transport-801c48d0-4737-4bc6-b33d-64a77b230d9f,shared,R9-RW1-on,36,0.0,0.0,1.0e-6,1,true
detailed-author_event1,r7-transport-801c48d0-4737-4bc6-b33d-64a77b230d9f,shared,R9-RW1-state,36,0.0,0.0,1.0e-6,1,true
detailed-author_event1,r7-transport-801c48d0-4737-4bc6-b33d-64a77b230d9f,shared,binary-a_off,47,0.0,0.0,1.0e-6,1,true
detailed-author_event1,r7-transport-801c48d0-4737-4bc6-b33d-64a77b230d9f,shared,binary-a_on,47,0.0,0.0,1.0e-6,1,true
detailed-author_event1,r7-transport-801c48d0-4737-4bc6-b33d-64a77b230d9f,shared,binary-beta,44,0.0,0.0,1.0e-6,1,true
detailed-author_event1,r7-transport-801c48d0-4737-4bc6-b33d-64a77b230d9f,shared,binary-z,47,0.0,0.0,1.0e-6,1,true
detailed-author_event1,r7-transport-801c48d0-4737-4bc6-b33d-64a77b230d9f,shared,forest-edges,1,0.0,0.0,1.0e-6,1,true
detailed-author_event1,r7-transport-801c48d0-4737-4bc6-b33d-64a77b230d9f,shared,forest-independent,1,0.0,0.0,1.0e-6,1,true
detailed-author_event1,r7-transport-801c48d0-4737-4bc6-b33d-64a77b230d9f,shared,inactive-charge,128,0.0,0.0,2.7877279102384292e-5,MW,true
detailed-author_event1,r7-transport-801c48d0-4737-4bc6-b33d-64a77b230d9f,shared,inactive-discharge,128,0.0,0.0,2.7877279102384292e-5,MW,true
detailed-author_event1,r7-transport-801c48d0-4737-4bc6-b33d-64a77b230d9f,shared,inactive-energy,136,0.0,0.0,1.1278250000000002e-5,MWh,true
detailed-author_event1,r7-transport-801c48d0-4737-4bc6-b33d-64a77b230d9f,shared,integer-a_off,47,0.0,0.0,1.0e-6,1,true
detailed-author_event1,r7-transport-801c48d0-4737-4bc6-b33d-64a77b230d9f,shared,integer-a_on,47,0.0,0.0,1.0e-6,1,true
detailed-author_event1,r7-transport-801c48d0-4737-4bc6-b33d-64a77b230d9f,shared,integer-beta,44,0.0,0.0,1.0e-6,1,true
detailed-author_event1,r7-transport-801c48d0-4737-4bc6-b33d-64a77b230d9f,shared,integer-z,47,0.0,0.0,1.0e-6,1,true
detailed-author_event1,r7-transport-801c48d0-4737-4bc6-b33d-64a77b230d9f,shared,load-port,608,0.0,0.0,6.271428571428571e-5,kg/s,true
detailed-author_event1,r7-transport-801c48d0-4737-4bc6-b33d-64a77b230d9f,shared,off-action,47,0.0,0.0,1.0e-6,1,true
detailed-author_event1,r7-transport-801c48d0-4737-4bc6-b33d-64a77b230d9f,shared,on-action,47,0.0,0.0,1.0e-6,1,true
detailed-author_event1,r7-transport-801c48d0-4737-4bc6-b33d-64a77b230d9f,shared,one-root-per-component,2,0.0,0.0,1.0e-6,1,true
detailed-author_event1,r7-transport-801c48d0-4737-4bc6-b33d-64a77b230d9f,shared,root-eligible,44,0.0,0.0,1.0e-6,1,true
detailed-author_event1,r7-transport-801c48d0-4737-4bc6-b33d-64a77b230d9f,shared,root-supply,44,0.0,0.0,1.0e-6,1,true
detailed-author_event1,r7-transport-801c48d0-4737-4bc6-b33d-64a77b230d9f,shared,source-port,608,0.0,0.0,6.271428571428571e-5,kg/s,true
detailed-author_event1,r7-transport-801c48d0-4737-4bc6-b33d-64a77b230d9f,shared,virtual-arc,47,0.0,0.0,1.0e-6,1,true
detailed-author_event1,r7-transport-801c48d0-4737-4bc6-b33d-64a77b230d9f,shared,virtual-node,44,0.0,0.0,1.0e-6,1,true
detailed-author_event1,r7-transport-801c48d0-4737-4bc6-b33d-64a77b230d9f,thermal,R7-T-bound,14464,0.0,0.0,0.0001,K,true
detailed-author_event1,r7-transport-801c48d0-4737-4bc6-b33d-64a77b230d9f,thermal,R7-T-control,2432,7.946421298754558e-8,7.946421298754558e-14,1.0e-6,MW,true
detailed-author_event1,r7-transport-801c48d0-4737-4bc6-b33d-64a77b230d9f,thermal,R7-T-idle-load,128,0.0,0.0,0.0001,K,true
detailed-author_event1,r7-transport-801c48d0-4737-4bc6-b33d-64a77b230d9f,thermal,R7-T-idle-source,2304,0.0,0.0,0.0001,K,true
detailed-author_event1,r7-transport-801c48d0-4737-4bc6-b33d-64a77b230d9f,thermal,R7-T-mass,2432,1.7763568394002505e-9,1.7763568394002505e-15,1.0e-6,kg/s,true
detailed-author_event1,r7-transport-801c48d0-4737-4bc6-b33d-64a77b230d9f,thermal,R7-T-port-load,2304,0.0,0.0,0.0001,K,true
detailed-author_event1,r7-transport-801c48d0-4737-4bc6-b33d-64a77b230d9f,thermal,R7-T-port-source,128,0.0,0.0,0.0001,K,true
detailed-author_event1,r7-transport-801c48d0-4737-4bc6-b33d-64a77b230d9f,thermal,R7-T1-transport,4736,5.2864379540551454e-8,5.286437954055145e-12,0.0001,K,true
detailed-author_event1,r7-transport-801c48d0-4737-4bc6-b33d-64a77b230d9f,thermal,R7-T2-load,2432,1.4731271757995046e-8,1.4731271757995046e-14,1.0e-6,MW,true
detailed-author_event1,r7-transport-801c48d0-4737-4bc6-b33d-64a77b230d9f,thermal,R7-T2-source,2432,3.2240876635114546e-7,3.2240876635114546e-13,1.0e-6,MW,true
detailed-author_event1,r7-transport-801c48d0-4737-4bc6-b33d-64a77b230d9f,thermal,R7-T3-mix,4864,5.6274984672199935e-8,5.6274984672199935e-12,0.0001,K,true
detailed-author_event1,r7-transport-801c48d0-4737-4bc6-b33d-64a77b230d9f,thermal,R7-T4-inventory,4810,2.646771690706373e-7,1.6542323066914832e-14,6.25e-8,MWh,true
detailed-author_event1,r7-transport-801c48d0-4737-4bc6-b33d-64a77b230d9f,thermal,R7-T4-pipe-energy,4736,1.186550857568136e-8,7.41594285980085e-16,6.25e-8,MWh,true
detailed-author_event1,r7-transport-801c48d0-4737-4bc6-b33d-64a77b230d9f,thermal,R7-T4-pipe-mass,4736,1.616879469818539e-8,1.616879469818539e-14,1.0e-6,kg/s,true
detailed-author_event1,r7-transport-801c48d0-4737-4bc6-b33d-64a77b230d9f,thermal,R7-T4-spatial,55796,0.0,0.0,0.0001,K,true
detailed-author_event1,r7-transport-801c48d0-4737-4bc6-b33d-64a77b230d9f,thermal,R7-T4-total,64,3.406719351062293e-7,2.129199594413933e-14,6.25e-8,MWh,true
detailed-author_event1,r7-transport-801c48d0-4737-4bc6-b33d-64a77b230d9f,thermal,objective,1,8.100187187665142e-7,5.062616992290714e-14,6.25e-8,MWh,true
