run_id,iteration,mode,cost,diagnostic,step,projected_gradient,accepted,smooth,local_direction,trust_radius,active_changed,elapsed_sec
r3-v2-20260917T090744-b1a0724b/single-source-box25,1,diagnostic,,0.040501967556627334,1.0,0.21024040501919905,true,true,,,false,0.05068529999698512
r3-v2-20260917T090744-b1a0724b/single-source-box25,2,diagnostic,,0.002889888441514193,0.25,0.18399158389628312,true,true,,,false,0.16438360000029206
r3-v2-20260917T090744-b1a0724b/single-source-box25,3,diagnostic,,0.002472180473673758,0.25,0.18596545723417224,true,true,,,false,0.34531009997590445
r3-v2-20260917T090744-b1a0724b/single-source-box25,4,diagnostic,,0.00033440359208701217,0.125,0.19130801995241886,true,true,,,false,0.5446755999873858
r3-v2-20260917T090744-b1a0724b/single-source-box25,5,dispatch,81.24535242579154,,0.5,0.023037341261868183,true,true,,,false,0.9915261999994982
r3-v2-20260917T090744-b1a0724b/single-source-box25,6,dispatch,80.57874993691794,,0.125,0.02138725053454582,true,true,,,false,1.078428199980408
r3-v2-20260917T090744-b1a0724b/single-source-box25,7,dispatch,80.4150310633859,,0.0625,0.02103451764742814,true,true,,,false,1.2203076999867335
r3-v2-20260917T090744-b1a0724b/single-source-box25,8,dispatch,80.33314052389832,,0.03125,0.020864729553728756,true,true,,,false,1.4457480999990366
r3-v2-20260917T090744-b1a0724b/single-source-box25,9,dispatch,80.29215915393658,,,0.020781394866216107,true,true,0.0031249992536857008,0.1,false,1.7129576999868732
r3-v2-20260917T090744-b1a0724b/single-source-box25,10,dispatch,80.26570211068015,,,0.02076279914289103,true,true,0.0015624991437093172,0.00625,false,2.50058949997765
r3-v2-20260917T090744-b1a0724b/single-source-box25,11,dispatch,80.25810502847796,,,,true,true,0.0015624992026914697,0.003125,false,3.1547907999774907
r3-v2-20260917T090744-b1a0724b/single-source-box25,12,dispatch,80.25119381192415,,,,true,true,0.0015624993293670286,0.003125,false,3.3744155000022147
r3-v2-20260917T090744-b1a0724b/single-source-box25,13,dispatch,80.24428213851465,,,,true,true,0.0015624994542733361,0.003125,false,3.8159479000023566
r3-v2-20260917T090744-b1a0724b/single-source-box25,14,dispatch,80.23737304776304,,,,true,true,0.001562499572660414,0.003125,false,4.061033899983158
r3-v2-20260917T090744-b1a0724b/single-source-box25,15,dispatch,80.23045869770257,,,,true,true,0.001562499679781837,0.003125,false,4.30652299997746
r3-v2-20260917T090744-b1a0724b/single-source-box25,16,dispatch,80.2235465112032,,,,true,true,0.001562497215125802,0.003125,false,4.554275399976177
r3-v2-20260917T090744-b1a0724b/single-source-box25,17,dispatch,80.21663617573583,,,,true,true,0.0015624977401422768,0.003125,false,4.8124339999922086
r3-v2-20260917T090744-b1a0724b/single-source-box25,18,dispatch,80.20971890304922,,,,true,true,0.0015624982240609597,0.003125,false,5.062536799989175
r3-v2-20260917T090744-b1a0724b/single-source-box25,19,dispatch,80.20279956359991,,,,true,true,0.0015624986441160615,0.003125,false,5.329361299984157
r3-v2-20260917T090744-b1a0724b/single-source-box25,20,dispatch,80.19590357286046,,,,true,true,0.0015624989913973764,0.003125,false,5.57595119997859
r3-v2-20260917T090744-b1a0724b/single-source-box25,21,dispatch,80.18899422925692,,,,true,true,0.0015624995687595344,0.003125,false,5.873902599996654
r3-v2-20260917T090744-b1a0724b/single-source-box25,22,dispatch,80.18208410755477,,,,true,true,0.0015624994910439227,0.003125,false,6.2479590000002645
r3-v2-20260917T090744-b1a0724b/single-source-box25,23,dispatch,80.17517360111464,,,,true,true,0.0015624992785241432,0.003125,false,6.609273799986113
r3-v2-20260917T090744-b1a0724b/single-source-box25,24,dispatch,80.16825908291376,,,,true,true,0.0015624993323122283,0.003125,false,7.120635200000834
r3-v2-20260917T090744-b1a0724b/single-source-box25,25,dispatch,80.16134788765143,,,,true,true,0.001562499327253164,0.003125,false,7.335074000002351
r3-v2-20260917T090744-b1a0724b/single-source-box25,26,dispatch,80.15443656404607,,,,true,true,0.0015624993665284137,0.003125,false,7.568463999981759
r3-v2-20260917T090744-b1a0724b/single-source-box25,27,dispatch,80.14752537240658,,,,true,true,0.0031249991668822474,0.003125,false,7.816033999988576
r3-v2-20260917T090744-b1a0724b/single-source-box25,28,dispatch,80.13391663373287,,,,true,true,0.0031249974370908262,0.00625,false,7.984685699979309
r3-v2-20260917T090744-b1a0724b/single-source-box25,29,dispatch,80.12030884138423,,,,true,true,0.003124999861505273,0.00625,false,8.223511199990753
r3-v2-20260917T090744-b1a0724b/single-source-box25,30,dispatch,80.10669998365671,,,,true,true,0.0015624984300011135,0.00625,false,8.4343349999981
r3-v2-20260917T090744-b1a0724b/single-source-box25,31,dispatch,80.09979066684885,,,,true,true,0.0015624992753480171,0.003125,false,8.761725299991667
r3-v2-20260917T090744-b1a0724b/single-source-box25,32,dispatch,80.09287982938275,,,,true,true,0.0015624989815101742,0.003125,false,9.001061599992681
r3-v2-20260917T090744-b1a0724b/single-source-box25,33,dispatch,80.08596862787668,,,,true,true,0.0015624989202329687,0.003125,false,9.226113999990048
r3-v2-20260917T090744-b1a0724b/single-source-box25,34,dispatch,80.07905823225751,,,,true,true,0.0015624993781280239,0.003125,false,9.49169929997879
r3-v2-20260917T090744-b1a0724b/single-source-box25,35,dispatch,80.0721467066368,,,,true,true,0.001562497313933875,0.003125,false,9.965700899978401
r3-v2-20260917T090744-b1a0724b/single-source-box25,36,dispatch,80.06523528523527,,,,true,true,0.0015624983848070428,0.003125,false,10.197008999995887
r3-v2-20260917T090744-b1a0724b/single-source-box25,37,dispatch,80.05832402179837,,,,true,true,0.0015624990287363971,0.003125,false,10.411940099991625
r3-v2-20260917T090744-b1a0724b/single-source-box25,38,dispatch,80.05141336714809,,,,true,true,0.0015624996509764344,0.003125,false,10.64516439998988
r3-v2-20260917T090744-b1a0724b/single-source-box25,39,dispatch,80.0445012720902,,,,true,true,0.001562497667737972,0.003125,false,10.88609329998144
r3-v2-20260917T090744-b1a0724b/single-source-box25,40,dispatch,80.03759019714587,,,,true,true,0.001562498810070423,0.003125,false,11.152535799978068
r3-v2-20260917T090744-b1a0724b/single-source-box25,41,dispatch,80.030686401561,,,,true,true,0.0015624993080649574,0.003125,false,11.414266199979465
r3-v2-20260917T090744-b1a0724b/single-source-box25,42,dispatch,80.0237739441495,,,,true,true,0.0015624994833807193,0.003125,false,11.635178700002143
r3-v2-20260917T090744-b1a0724b/single-source-box25,43,dispatch,80.01686018539016,,,,true,true,0.0015624995717828938,0.003125,false,11.825148100004299
r3-v2-20260917T090744-b1a0724b/single-source-box25,44,dispatch,80.00994712769275,,,,true,true,0.0015624996267540325,0.003125,false,12.017177899979288
r3-v2-20260917T090744-b1a0724b/single-source-box25,45,dispatch,80.00303481373221,,,,true,true,0.0015624996628531562,0.003125,false,12.206353299989132
r3-v2-20260917T090744-b1a0724b/single-source-box25,46,dispatch,79.99615556502275,,,,true,true,0.001562499663947392,0.003125,false,12.397240299993427
r3-v2-20260917T090744-b1a0724b/single-source-box25,47,dispatch,79.98921152194501,,,,true,true,0.0015624996243737144,0.003125,false,12.826366299996153
r3-v2-20260917T090744-b1a0724b/single-source-box25,48,dispatch,79.9823001983336,,,,true,true,0.001562499587763,0.003125,false,13.011918799980776
r3-v2-20260917T090744-b1a0724b/single-source-box25,49,dispatch,79.97538861492899,,,,true,true,0.0015624994918823631,0.003125,false,13.197913799987873
r3-v2-20260917T090744-b1a0724b/single-source-box25,50,dispatch,79.96847727344903,,,,true,true,0.0007812489174057191,0.003125,false,13.390304500004277
r3-v2-20260917T090744-b1a0724b/single-source-box25,51,dispatch,79.96501540818232,,,,true,true,0.0007812489258185451,0.0015625,false,13.656005900003947
r3-v2-20260917T090744-b1a0724b/single-source-box25,52,dispatch,79.96155389213604,,,,true,true,0.001562499347020463,0.0015625,false,13.848167199990712
r3-v2-20260917T090744-b1a0724b/single-source-box25,53,dispatch,79.95466236950577,,,,true,true,0.0015624993029526024,0.003125,false,13.96768199998769
r3-v2-20260917T090744-b1a0724b/single-source-box25,54,dispatch,79.94774901784538,,,,true,true,0.0015624992702854001,0.003125,false,14.137853899999755
r3-v2-20260917T090744-b1a0724b/single-source-box25,55,dispatch,79.94083660454692,,,,true,true,0.0015624992488554312,0.003125,false,14.319091999990633
r3-v2-20260917T090744-b1a0724b/single-source-box25,56,dispatch,79.93391288476008,,,,true,true,0.001562499234477599,0.003125,false,14.494725199998356
r3-v2-20260917T090744-b1a0724b/single-source-box25,57,dispatch,79.92699790643499,,,,true,true,0.0015624992277061267,0.003125,false,14.667813399981242
r3-v2-20260917T090744-b1a0724b/single-source-box25,58,dispatch,79.92010860684287,,,,true,true,0.0015624992282319283,0.003125,false,14.844819899997674
r3-v2-20260917T090744-b1a0724b/single-source-box25,59,dispatch,79.9132015041072,,,,true,true,0.0015624992365914636,0.003125,false,15.03855709999334
r3-v2-20260917T090744-b1a0724b/single-source-box25,60,dispatch,79.90626298070865,,,,true,true,0.0015624992182132758,0.003125,false,15.418671199993696
r3-v2-20260917T090744-b1a0724b/single-source-box25,61,dispatch,79.89935224124275,,,,true,true,0.001562499184434074,0.003125,false,15.602481499983696
r3-v2-20260917T090744-b1a0724b/single-source-box25,62,dispatch,79.89244148620335,,,,true,true,0.0015624991546765443,0.003125,false,15.779229199979454
r3-v2-20260917T090744-b1a0724b/single-source-box25,63,dispatch,79.88553039377615,,,,true,true,0.001562499127221173,0.003125,false,15.956090599996969
r3-v2-20260917T090744-b1a0724b/single-source-box25,64,dispatch,79.87861748630962,,,,true,true,0.001562499103918924,0.003125,false,16.14343219998409
r3-v2-20260917T090744-b1a0724b/single-source-box25,65,dispatch,79.87170763595812,,,,true,true,0.0015624990848408515,0.003125,false,16.36213470000075
r3-v2-20260917T090744-b1a0724b/single-source-box25,66,dispatch,79.86479653574928,,,,true,true,0.0015624990732661104,0.003125,false,16.584836399997585
r3-v2-20260917T090744-b1a0724b/single-source-box25,67,dispatch,79.85788540062916,,,,true,true,0.0015624990677167716,0.003125,false,16.8145534999785
r3-v2-20260917T090744-b1a0724b/single-source-box25,68,dispatch,79.8509742259175,,,,true,true,0.0015624990696068153,0.003125,false,17.018950400000904
r3-v2-20260917T090744-b1a0724b/single-source-box25,69,dispatch,79.84406297828403,,,,true,true,0.0015624990795188864,0.003125,false,17.213371999998344
r3-v2-20260917T090744-b1a0724b/single-source-box25,70,dispatch,79.83715190158904,,,,true,true,0.0015624990976945696,0.003125,false,17.394895199977327
r3-v2-20260917T090744-b1a0724b/single-source-box25,71,dispatch,79.83023988471888,,,,true,true,0.0015624991238034625,0.003125,false,17.58936349998112
r3-v2-20260917T090744-b1a0724b/single-source-box25,72,dispatch,79.82332977361332,,,,true,true,0.0015624991569076485,0.003125,false,18.05043589998968
r3-v2-20260917T090744-b1a0724b/single-source-box25,73,dispatch,79.81641882626411,,,,true,true,0.0015624991946694422,0.003125,false,18.214624299987918
r3-v2-20260917T090744-b1a0724b/single-source-box25,74,dispatch,79.80950847046495,,,,true,true,0.0015624992376999103,0.003125,false,18.383136099990224
r3-v2-20260917T090744-b1a0724b/single-source-box25,75,dispatch,79.80259732157985,,,,true,true,0.0015624992795224557,0.003125,false,18.56660579997697
r3-v2-20260917T090744-b1a0724b/single-source-box25,76,dispatch,79.79568385744926,,,,true,true,0.001562499316978716,0.003125,false,18.76662270000088
r3-v2-20260917T090744-b1a0724b/single-source-box25,77,dispatch,79.78877346652382,,,,true,true,0.001562499344885282,0.003125,false,18.98002649997943
r3-v2-20260917T090744-b1a0724b/single-source-box25,78,dispatch,79.78185761155416,,,,true,true,0.0015624993570142465,0.003125,false,19.163786999997683
r3-v2-20260917T090744-b1a0724b/single-source-box25,79,dispatch,79.7749428623088,,,,true,true,0.0015624993466794024,0.003125,false,19.342311099986546
r3-v2-20260917T090744-b1a0724b/single-source-box25,80,dispatch,79.76803484481627,,,,true,true,0.001562499306768217,0.003125,false,19.524821600003634
r3-v2-20260917T090744-b1a0724b/single-source-box25,81,dispatch,79.76112718471072,,,,true,true,0.0015624992306157992,0.003125,false,19.70811710000271
r3-v2-20260917T090744-b1a0724b/single-source-box25,82,dispatch,79.7542178603072,,,,true,true,0.0003906237779780497,0.003125,false,19.895926400000462
r3-v2-20260917T090744-b1a0724b/single-source-box25,83,dispatch,79.75248424289632,,,,true,true,0.0003906237999018458,0.00078125,false,20.89402639999753
r3-v2-20260917T090744-b1a0724b/single-source-box25,84,dispatch,79.75074613718157,,,,true,true,0.0003906238212145752,0.00078125,false,21.045326999999816
r3-v2-20260917T090744-b1a0724b/single-source-box25,85,dispatch,79.74901173356,,,,true,true,0.0003906238421755859,0.00078125,false,21.197998399991775
r3-v2-20260917T090744-b1a0724b/single-source-box25,86,dispatch,79.74727377341725,,,,true,true,0.0003906238634279191,0.00078125,false,21.369280399987474
r3-v2-20260917T090744-b1a0724b/single-source-box25,87,dispatch,79.7455374174309,,,,true,true,0.0003906238837920739,0.00078125,false,21.530847999994876
r3-v2-20260917T090744-b1a0724b/single-source-box25,88,dispatch,79.74380277905642,,,,true,true,0.0003906239043089954,0.00078125,false,21.68135169998277
r3-v2-20260917T090744-b1a0724b/single-source-box25,89,dispatch,79.74206462922035,,,,true,true,0.0003906239237032594,0.00078125,false,21.83131670000148
r3-v2-20260917T090744-b1a0724b/single-source-box25,90,dispatch,79.74032818653329,,,,true,true,0.00039062394376898624,0.00078125,false,21.978919199988013
r3-v2-20260917T090744-b1a0724b/single-source-box25,91,dispatch,79.73859172306052,,,,true,true,0.0003906239626161323,0.00078125,false,22.129784399992786
r3-v2-20260917T090744-b1a0724b/single-source-box25,92,dispatch,79.7368552317787,,,,true,true,0.00039062398164446677,0.00078125,false,22.28132729997742
r3-v2-20260917T090744-b1a0724b/single-source-box25,93,dispatch,79.73512075443536,,,,true,true,0.00039062399997646935,0.00078125,false,22.430146800004877
r3-v2-20260917T090744-b1a0724b/single-source-box25,94,dispatch,79.7333841210844,,,,true,true,0.0003906240184079479,0.00078125,false,22.579089299979387
r3-v2-20260917T090744-b1a0724b/single-source-box25,95,dispatch,79.73164565098224,,,,true,true,0.00039062403618572716,0.00078125,false,22.729269499977818
r3-v2-20260917T090744-b1a0724b/single-source-box25,96,dispatch,79.72991051096439,,,,true,true,0.00039062405376810716,0.00078125,false,22.880563299986534
r3-v2-20260917T090744-b1a0724b/single-source-box25,97,dispatch,79.72817348540312,,,,true,true,0.0003906240706292863,0.00078125,false,23.034530299977632
r3-v2-20260917T090744-b1a0724b/single-source-box25,98,dispatch,79.7264363261659,,,,true,true,0.0003906240881086376,0.00078125,false,23.192074699996738
r3-v2-20260917T090744-b1a0724b/single-source-box25,99,dispatch,79.7247017514174,,,,true,true,0.0003906241047140213,0.00078125,false,23.351426699984586
r3-v2-20260917T090744-b1a0724b/single-source-box25,100,dispatch,79.7229647740138,,,,true,true,0.00039062412102808253,0.00078125,false,23.519256500003394
r3-v2-20260917T090744-b1a0724b/single-source-box25,101,dispatch,79.72122602293233,,,,true,true,0.0003906241370188468,0.00078125,false,23.679655499989167
r3-v2-20260917T090744-b1a0724b/single-source-box25,102,dispatch,79.71949625345633,,,,true,true,0.0003906241525584164,0.00078125,false,23.84046069998294
r3-v2-20260917T090744-b1a0724b/single-source-box25,103,dispatch,79.71775806259483,,,,true,true,0.0003906241679487721,0.00078125,false,24.008246499986853
r3-v2-20260917T090744-b1a0724b/single-source-box25,104,dispatch,79.71602389456818,,,,true,true,0.0003906241831721502,0.00078125,false,24.357537499978207
r3-v2-20260917T090744-b1a0724b/single-source-box25,105,dispatch,79.7142877164869,,,,true,true,0.00039062419822499805,0.00078125,false,24.509810399991693
r3-v2-20260917T090744-b1a0724b/single-source-box25,106,dispatch,79.71255154594776,,,,true,true,0.0003906242124394055,0.00078125,false,24.65246610000031
r3-v2-20260917T090744-b1a0724b/single-source-box25,107,dispatch,79.71081537363128,,,,true,true,0.0003906242265223625,0.00078125,false,24.832378499995684
r3-v2-20260917T090744-b1a0724b/single-source-box25,108,dispatch,79.70907921267737,,,,true,true,0.00039062424079361335,0.00078125,false,25.016821099998197
r3-v2-20260917T090744-b1a0724b/single-source-box25,109,dispatch,79.70733895836774,,,,true,true,0.00039062425463143313,0.00078125,false,25.17686509998748
r3-v2-20260917T090744-b1a0724b/single-source-box25,110,dispatch,79.70560218635543,,,,true,true,0.00039062426824898466,0.00078125,false,25.331337799987523
r3-v2-20260917T090744-b1a0724b/single-source-box25,111,dispatch,79.70386550779699,,,,true,true,0.0003906242815823191,0.00078125,false,25.490646999998717
r3-v2-20260917T090744-b1a0724b/single-source-box25,112,dispatch,79.70212891709741,,,,true,true,0.00039062429456038217,0.00078125,false,25.6750342999876
r3-v2-20260917T090744-b1a0724b/single-source-box25,113,dispatch,79.70039242110045,,,,true,true,0.00039062430733949327,0.00078125,false,25.845642100000987
r3-v2-20260917T090744-b1a0724b/single-source-box25,114,dispatch,79.69865601966079,,,,true,true,0.00039062432014347337,0.00078125,false,26.035642999981064
r3-v2-20260917T090744-b1a0724b/single-source-box25,115,dispatch,79.6969261415314,,,,true,true,0.0003906243322759906,0.00078125,false,26.27092349997838
r3-v2-20260917T090744-b1a0724b/single-source-box25,116,dispatch,79.69519001652439,,,,true,true,0.0003906243444831148,0.00078125,false,26.459670699987328
r3-v2-20260917T090744-b1a0724b/single-source-box25,117,dispatch,79.69345014504884,,,,true,true,0.0003906243563811529,0.00078125,false,26.631756499991752
r3-v2-20260917T090744-b1a0724b/single-source-box25,118,dispatch,79.69171394483993,,,,true,true,0.000390624368179715,0.00078125,false,26.795795399986673
r3-v2-20260917T090744-b1a0724b/single-source-box25,119,dispatch,79.6899769919206,,,,true,true,0.0003906243797864306,0.00078125,false,26.96385149998241
r3-v2-20260917T090744-b1a0724b/single-source-box25,120,dispatch,79.68824101817964,,,,true,true,0.0003906243912865648,0.00078125,false,27.148385899985442
r3-v2-20260917T090744-b1a0724b/single-source-box25,121,dispatch,79.68650740918909,,,,true,true,0.0003906244022751082,0.00078125,false,27.31672139998409
r3-v2-20260917T090744-b1a0724b/single-source-box25,122,dispatch,79.68477204422874,,,,true,true,0.0007812495698829025,0.00078125,false,27.487660499988124
r3-v2-20260917T090744-b1a0724b/single-source-box25,123,dispatch,79.68131015155461,,,,true,true,0.0015624999055141586,0.0015625,false,27.60517169997911
r3-v2-20260917T090744-b1a0724b/single-source-box25,124,dispatch,79.67440017137449,,,,true,true,0.0031249971632405504,0.003125,false,27.91291959999944
r3-v2-20260917T090744-b1a0724b/single-source-box25,125,dispatch,79.66081232493964,,,,true,true,0.0031249972396523162,0.00625,false,28.015360799996415
r3-v2-20260917T090744-b1a0724b/single-source-box25,126,dispatch,79.64716535137637,,,,true,true,0.0031249973137974507,0.00625,false,28.1907169999904
r3-v2-20260917T090744-b1a0724b/single-source-box25,127,dispatch,79.63352590980475,,,,true,true,0.0031249973865641323,0.00625,false,28.409849099989515
r3-v2-20260917T090744-b1a0724b/single-source-box25,128,dispatch,79.6199003705912,,,,true,true,0.003124997458197498,0.00625,false,28.611404800001765
r3-v2-20260917T090744-b1a0724b/single-source-box25,129,dispatch,79.60627435205154,,,,true,true,0.0031249975294436183,0.00625,false,28.80373519999557
r3-v2-20260917T090744-b1a0724b/single-source-box25,130,dispatch,79.59264760760598,,,,true,true,0.0031249976007146074,0.00625,false,29.002354700001888
r3-v2-20260917T090744-b1a0724b/single-source-box25,131,dispatch,79.57901790344242,,,,true,true,0.0007812490570771047,0.00625,false,29.169296699983533
r3-v2-20260917T090744-b1a0724b/single-source-box25,132,dispatch,79.57555984227537,,,,true,true,0.0015624975652208661,0.0015625,false,29.489520100003574
r3-v2-20260917T090744-b1a0724b/single-source-box25,133,dispatch,79.5686512176774,,,,true,true,0.0015624990296601027,0.003125,false,29.604453099978855
r3-v2-20260917T090744-b1a0724b/single-source-box25,134,dispatch,79.56174082213892,,,,true,true,0.001562499116811722,0.003125,false,29.80842549999943
r3-v2-20260917T090744-b1a0724b/single-source-box25,135,dispatch,79.55483378062422,,,,true,true,0.0015624999121044425,0.003125,false,30.01454949998879
r3-v2-20260917T090744-b1a0724b/single-source-box25,136,dispatch,79.54792346407363,,,,true,true,0.001562497628082582,0.003125,false,30.213867099984782
r3-v2-20260917T090744-b1a0724b/single-source-box25,137,dispatch,79.5410207185505,,,,true,true,0.0015624993241587504,0.003125,false,30.394556699990062
r3-v2-20260917T090744-b1a0724b/single-source-box25,138,dispatch,79.53409844580463,,,,true,true,0.0031249980668981436,0.003125,false,30.59793219997664
r3-v2-20260917T090744-b1a0724b/single-source-box25,139,dispatch,79.52046970885132,,,,true,true,0.0031249984301204847,0.00625,false,30.719071100000292
r3-v2-20260917T090744-b1a0724b/single-source-box25,140,dispatch,79.50684075756527,,,,true,true,0.0031249989884258866,0.00625,false,30.903506699978607
r3-v2-20260917T090744-b1a0724b/single-source-box25,141,dispatch,79.49319763330396,,,,true,true,0.003124999099302528,0.00625,false,31.292639999999665
r3-v2-20260917T090744-b1a0724b/single-source-box25,142,dispatch,79.47958304650896,,,,true,true,0.0015624991531240084,0.00625,false,31.48783050000202
r3-v2-20260917T090744-b1a0724b/single-source-box25,143,dispatch,79.47270606602541,,,,true,true,0.003124997896158277,0.003125,false,31.750508099998115
r3-v2-20260917T090744-b1a0724b/single-source-box25,144,dispatch,79.459042758556,,,,true,true,0.0007812495039303258,0.00625,false,31.86781999998493
r3-v2-20260917T090744-b1a0724b/single-source-box25,145,dispatch,79.45557433236513,,,,true,true,0.0015624998103831444,0.0015625,false,32.20626519998768
r3-v2-20260917T090744-b1a0724b/single-source-box25,146,dispatch,79.44867238072095,,,,true,true,0.001562499788054339,0.003125,false,32.31721189999371
r3-v2-20260917T090744-b1a0724b/single-source-box25,147,dispatch,79.44176180454056,,,,true,true,0.0015624997794390083,0.003125,false,32.49080369999865
r3-v2-20260917T090744-b1a0724b/single-source-box25,148,dispatch,79.43485108170137,,,,true,true,0.0015624997488359327,0.003125,false,32.66591709997738
r3-v2-20260917T090744-b1a0724b/single-source-box25,149,dispatch,79.4280096124261,,,,true,true,0.0015624997039971333,0.003125,false,32.83767209999496
r3-v2-20260917T090744-b1a0724b/single-source-box25,150,dispatch,79.42103508947578,,,,true,true,0.0015624996631977695,0.003125,false,33.012755599978846
r3-v2-20260917T090744-b1a0724b/single-source-box25,151,dispatch,79.414123344754,,,,true,true,0.0015624996261500712,0.003125,false,33.189446100004716
r3-v2-20260917T090744-b1a0724b/single-source-box25,152,dispatch,79.40721186354335,,,,true,true,0.001562499592786537,0.003125,false,33.38643789998605
r3-v2-20260917T090744-b1a0724b/single-source-box25,153,dispatch,79.40030271486913,,,,true,true,0.0015624995625387328,0.003125,false,33.56208329999936
r3-v2-20260917T090744-b1a0724b/single-source-box25,154,dispatch,79.39339621173264,,,,true,true,0.0015624995370231431,0.003125,false,33.73473629998625
r3-v2-20260917T090744-b1a0724b/single-source-box25,155,dispatch,79.38649332663098,,,,true,true,0.0015624995151064525,0.003125,false,33.908813599991845
r3-v2-20260917T090744-b1a0724b/single-source-box25,156,dispatch,79.37957242837638,,,,true,true,0.0031249993179756075,0.003125,false,34.27615119999973
r3-v2-20260917T090744-b1a0724b/single-source-box25,157,dispatch,79.36593679074443,,,,true,true,0.003124998298417836,0.00625,false,34.42707479998353
r3-v2-20260917T090744-b1a0724b/single-source-box25,158,dispatch,79.3523041719,,,,true,true,0.003124999962683006,0.00625,false,34.636508600000525
r3-v2-20260917T090744-b1a0724b/single-source-box25,159,dispatch,79.33867121638434,,,,true,true,0.003124999964907005,0.00625,false,34.85348459999659
r3-v2-20260917T090744-b1a0724b/single-source-box25,160,dispatch,79.32503567384401,,,,true,true,0.001562499678975371,0.00625,false,35.0680827999895
r3-v2-20260917T090744-b1a0724b/single-source-box25,161,dispatch,79.31812941544699,,,,true,true,0.0015624996856651308,0.003125,false,35.32048729999224
r3-v2-20260917T090744-b1a0724b/single-source-box25,162,dispatch,79.31121954131093,,,,true,true,0.0007812495823209531,0.003125,false,35.48759959999006
r3-v2-20260917T090744-b1a0724b/single-source-box25,163,dispatch,79.3077589191711,,,,true,true,0.0015624997107330785,0.0015625,false,35.74762829998508
r3-v2-20260917T090744-b1a0724b/single-source-box25,164,dispatch,79.30084910466103,,,,true,true,0.0015624996385206202,0.003125,false,35.88001019999501
r3-v2-20260917T090744-b1a0724b/single-source-box25,165,dispatch,79.29393653063033,,,,true,true,0.0015624995658463092,0.003125,false,36.099087399983546
r3-v2-20260917T090744-b1a0724b/single-source-box25,166,dispatch,79.28703076672517,,,,true,true,0.001562499525622485,0.003125,false,36.27087720000418
r3-v2-20260917T090744-b1a0724b/single-source-box25,167,dispatch,79.28011988597086,,,,true,true,0.001562499518424687,0.003125,false,36.45636879999074
r3-v2-20260917T090744-b1a0724b/single-source-box25,168,dispatch,79.27321054882066,,,,true,true,0.0007812494647261303,0.003125,false,36.646331399999326
r3-v2-20260917T090744-b1a0724b/single-source-box25,169,dispatch,79.26975005589469,,,,true,true,0.0015624996061092133,0.0015625,false,37.15923419999308
r3-v2-20260917T090744-b1a0724b/single-source-box25,170,dispatch,79.26284044524431,,,,true,true,0.0015624994858747243,0.003125,false,37.27627639999264
r3-v2-20260917T090744-b1a0724b/single-source-box25,171,dispatch,79.25591526300839,,,,true,true,0.0015624990670062289,0.003125,false,37.45940399999381
r3-v2-20260917T090744-b1a0724b/single-source-box25,172,dispatch,79.2489975871409,,,,true,true,0.0015624990054945442,0.003125,false,37.6261802999943
r3-v2-20260917T090744-b1a0724b/single-source-box25,173,dispatch,79.24207637654735,,,,true,true,0.0031249977334049106,0.003125,false,37.79928859998472
r3-v2-20260917T090744-b1a0724b/single-source-box25,174,dispatch,79.22847502212124,,,,true,true,0.0015624994770853107,0.00625,false,37.91137399998843
r3-v2-20260917T090744-b1a0724b/single-source-box25,175,dispatch,79.22154151401716,,,,true,true,0.001562499009654772,0.003125,false,38.15470829998958
r3-v2-20260917T090744-b1a0724b/single-source-box25,176,dispatch,79.21463561232312,,,,true,true,0.0031249972156892625,0.003125,false,38.348077799979364
r3-v2-20260917T090744-b1a0724b/single-source-box25,177,dispatch,79.20101944429217,,,,true,true,0.001562498575058413,0.00625,false,38.48234190000221
r3-v2-20260917T090744-b1a0724b/single-source-box25,178,dispatch,79.1940953761799,,,,true,true,0.0015624984775257644,0.003125,false,38.72395569999935
r3-v2-20260917T090744-b1a0724b/single-source-box25,179,dispatch,79.18718855964755,,,,true,true,0.0031249999039602017,0.003125,false,38.92480019998038
r3-v2-20260917T090744-b1a0724b/single-source-box25,180,dispatch,79.1735645383556,,,,true,true,0.0015624979843629205,0.00625,false,39.042199699993944
r3-v2-20260917T090744-b1a0724b/single-source-box25,181,dispatch,79.16665775909743,,,,true,true,0.003124999903697301,0.003125,false,39.319442799984245
r3-v2-20260917T090744-b1a0724b/single-source-box25,182,dispatch,79.15301879785162,,,,true,true,0.0015624975059083113,0.00625,false,39.43504219999886
r3-v2-20260917T090744-b1a0724b/single-source-box25,183,dispatch,79.1461110932503,,,,true,true,0.00156249744137682,0.003125,false,40.50772909997613
r3-v2-20260917T090744-b1a0724b/single-source-box25,184,dispatch,79.13920203149013,,,,true,true,0.0015624974347439036,0.003125,false,40.70005849999143
r3-v2-20260917T090744-b1a0724b/single-source-box25,185,dispatch,79.13229286272937,,,,true,true,0.0031249977028053877,0.003125,false,40.878800799982855
r3-v2-20260917T090744-b1a0724b/single-source-box25,186,dispatch,79.11865378581294,,,,true,true,0.003124997973511512,0.00625,false,40.995058899978176
r3-v2-20260917T090744-b1a0724b/single-source-box25,187,dispatch,79.10503106437105,,,,true,true,0.003124998222308051,0.00625,false,41.17120879999129
r3-v2-20260917T090744-b1a0724b/single-source-box25,188,dispatch,79.09137560440901,,,,true,true,0.0031249984470740344,0.00625,false,41.366051699995296
r3-v2-20260917T090744-b1a0724b/single-source-box25,189,dispatch,79.07773926479999,,,,true,true,0.0031249986083672354,0.00625,false,41.563867199991364
r3-v2-20260917T090744-b1a0724b/single-source-box25,190,dispatch,79.06409641561336,,,,true,true,0.0031249984512697893,0.00625,false,41.7595364000008
r3-v2-20260917T090744-b1a0724b/single-source-box25,191,dispatch,79.05045498858857,,,,true,true,0.0031249986123640383,0.00625,false,41.951806099998066
r3-v2-20260917T090744-b1a0724b/single-source-box25,192,dispatch,79.03681399644228,,,,true,true,0.0031249984763164207,0.00625,false,42.13779509998858
r3-v2-20260917T090744-b1a0724b/single-source-box25,193,dispatch,79.02317315108291,,,,true,true,0.0031249983378920376,0.00625,false,42.327442199981306
r3-v2-20260917T090744-b1a0724b/single-source-box25,194,dispatch,79.00953884050449,,,,true,true,0.0015624997228442794,0.00625,false,42.51634410000406
r3-v2-20260917T090744-b1a0724b/single-source-box25,195,dispatch,79.00262620763388,,,,true,true,0.003124998123560374,0.003125,false,42.76350269999239
r3-v2-20260917T090744-b1a0724b/single-source-box25,196,dispatch,78.98898521056657,,,,true,true,0.0015624997336907143,0.00625,false,42.87373269998352
r3-v2-20260917T090744-b1a0724b/single-source-box25,197,dispatch,78.98207858094625,,,,true,true,0.0007812486595923929,0.003125,false,43.10587440000381
r3-v2-20260917T090744-b1a0724b/single-source-box25,198,dispatch,78.97861581724203,,,,true,true,0.0015624997389487305,0.0015625,false,43.353376699989894
r3-v2-20260917T090744-b1a0724b/single-source-box25,199,dispatch,78.97170549961577,,,,true,true,0.0007812486379350503,0.003125,false,43.495338899985654
r3-v2-20260917T090744-b1a0724b/single-source-box25,200,dispatch,78.96824718156822,,,,true,true,0.0015624997456100687,0.0015625,false,43.73310650000349
